doc_idx,field,status
0,invoice_number,tp
0,period_from,tp
0,period_to,tp
0,issue_date,tp
0,due_date,tp
0,tax_point_date,fn
0,consumption_point_code,tp
0,amount_ex_vat,tp
0,amount_inc_vat,fp
0,supplier_tax_id,tp
0,customer_tax_id,tp
0,consumption_high_tariff,tp
0,consumption_low_tariff,tp
0,total_consumption,tp
1,invoice_number,tp
1,period_from,tp
1,period_to,tp
1,issue_date,tp
1,due_date,tp
1,tax_point_date,tp
1,consumption_point_code,tp
1,amount_ex_vat,tp
1,amount_inc_vat,fp
1,supplier_tax_id,tp
1,customer_tax_id,tp
1,consumption_high_tariff,fp
1,consumption_low_tariff,tp
1,total_consumption,tp
2,invoice_number,tp
2,period_from,tp
2,period_to,tp
2,issue_date,fp
2,due_date,tp
2,tax_point_date,fp
2,consumption_point_code,tp
2,amount_ex_vat,tp
2,amount_inc_vat,tp
2,supplier_tax_id,tp
2,customer_tax_id,tp
2,consumption_high_tariff,tp
2,consumption_low_tariff,tp
2,total_consumption,fn
3,invoice_number,tp
3,period_from,tp
3,period_to,tp
3,issue_date,tp
3,due_date,tp
3,tax_point_date,tp
3,consumption_point_code,tp
3,amount_ex_vat,tp
3,amount_inc_vat,tp
3,supplier_tax_id,tp
3,customer_tax_id,fp
3,consumption_high_tariff,tp
3,consumption_low_tariff,tp
3,total_consumption,fn
4,invoice_number,tp
4,period_from,tp
4,period_to,tp
4,issue_date,tp
4,due_date,tp
4,tax_point_date,tp
4,consumption_point_code,tp
4,amount_ex_vat,fp
4,amount_inc_vat,fp
4,supplier_tax_id,tp
4,customer_tax_id,tp
4,consumption_high_tariff,tp
4,consumption_low_tariff,tp
4,total_consumption,tp
5,invoice_number,tp
5,period_from,tp
5,period_to,tp
5,issue_date,tp
5,due_date,tp
5,tax_point_date,tp
5,consumption_point_code,tp
5,amount_ex_vat,tp
5,amount_inc_vat,tp
5,supplier_tax_id,tp
5,customer_tax_id,tp
5,consumption_high_tariff,tp
5,consumption_low_tariff,tp
5,total_consumption,fn
6,invoice_number,tp
6,period_from,tp
6,period_to,tp
6,issue_date,tp
6,due_date,tp
6,tax_point_date,tp
6,consumption_point_code,tp
6,amount_ex_vat,tp
6,amount_inc_vat,fp
6,supplier_tax_id,tp
6,customer_tax_id,tp
6,consumption_high_tariff,tp
6,consumption_low_tariff,tp
6,total_consumption,tp
7,invoice_number,tp
7,period_from,tp
7,period_to,tp
7,issue_date,tp
7,due_date,tp
7,tax_point_date,tp
7,consumption_point_code,tp
7,amount_ex_vat,tp
7,amount_inc_vat,tp
7,supplier_tax_id,tp
7,customer_tax_id,tp
7,consumption_high_tariff,tp
7,consumption_low_tariff,tp
7,total_consumption,tp
8,invoice_number,tp
8,period_from,tp
8,period_to,tp
8,issue_date,tp
8,due_date,tp
8,tax_point_date,tp
8,amount_ex_vat,tp
8,amount_inc_vat,tp
8,consumption_high_tariff,tp
8,consumption_low_tariff,tp
8,total_consumption,fn
9,invoice_number,tp
9,period_from,tp
9,period_to,tp
9,issue_date,tp
9,due_date,tp
9,tax_point_date,tp
9,amount_ex_vat,tp
9,amount_inc_vat,fp
9,consumption_high_tariff,fp
9,consumption_low_tariff,fn
9,total_consumption,fn
10,invoice_number,tp
10,period_from,tp
10,period_to,tp
10,issue_date,tp
10,due_date,tp
10,tax_point_date,tp
10,consumption_point_code,tp
10,amount_ex_vat,tp
10,amount_inc_vat,tp
10,supplier_tax_id,tp
10,customer_tax_id,tp
10,consumption_high_tariff,tp
10,consumption_low_tariff,tp
10,total_consumption,tp
11,invoice_number,tp
11,period_from,tp
11,period_to,tp
11,issue_date,tp
11,due_date,tp
11,tax_point_date,tp
11,amount_ex_vat,tp
11,amount_inc_vat,tp
11,consumption_high_tariff,tp
11,consumption_low_tariff,fp
11,total_consumption,fp
12,invoice_number,tp
12,period_from,tp
12,period_to,tp
12,issue_date,tp
12,due_date,tp
12,tax_point_date,tp
12,amount_ex_vat,tp
12,amount_inc_vat,fp
12,consumption_high_tariff,tp
12,consumption_low_tariff,tp
12,total_consumption,fn
13,invoice_number,tp
13,period_from,tp
13,period_to,tp
13,issue_date,tp
13,due_date,tp
13,tax_point_date,tp
13,amount_ex_vat,fp
13,amount_inc_vat,fp
13,consumption_high_tariff,tp
13,consumption_low_tariff,tp
13,total_consumption,fn
14,invoice_number,tp
14,period_from,tp
14,period_to,tp
14,issue_date,tp
14,due_date,tp
14,tax_point_date,tp
14,amount_ex_vat,tp
14,amount_inc_vat,tp
14,consumption_high_tariff,tp
14,consumption_low_tariff,tp
14,total_consumption,tp
15,invoice_number,tp
15,period_from,tp
15,period_to,tp
15,issue_date,fp
15,due_date,tp
15,tax_point_date,fp
15,amount_ex_vat,tp
15,amount_inc_vat,tp
15,consumption_high_tariff,tp
15,consumption_low_tariff,tp
15,total_consumption,tp
16,invoice_number,tp
16,period_from,tp
16,period_to,tp
16,issue_date,tp
16,due_date,tp
16,tax_point_date,tp
16,amount_ex_vat,fp
16,amount_inc_vat,fp
16,consumption_high_tariff,fp
16,consumption_low_tariff,tp
16,total_consumption,tp
17,invoice_number,tp
17,period_from,tp
17,period_to,tp
17,issue_date,tp
17,due_date,tp
17,tax_point_date,tp
17,amount_ex_vat,tp
17,amount_inc_vat,tp
17,consumption_high_tariff,tp
17,consumption_low_tariff,tp
17,total_consumption,tp
18,invoice_number,tp
18,period_from,tp
18,period_to,tp
18,issue_date,tp
18,due_date,tp
18,tax_point_date,tp
18,consumption_point_code,tp
18,amount_ex_vat,tp
18,amount_inc_vat,tp
18,supplier_tax_id,tp
18,customer_tax_id,tp
18,consumption_high_tariff,tp
18,consumption_low_tariff,tp
18,total_consumption,tp
19,invoice_number,tp
19,period_from,tp
19,period_to,tp
19,issue_date,tp
19,due_date,tp
19,tax_point_date,tp
19,amount_ex_vat,tp
19,amount_inc_vat,tp
19,consumption_high_tariff,tp
19,consumption_low_tariff,tp
19,total_consumption,tp
20,invoice_number,tp
20,period_from,tp
20,period_to,tp
20,issue_date,tp
20,due_date,tp
20,tax_point_date,tp
20,amount_ex_vat,tp
20,amount_inc_vat,tp
20,consumption_high_tariff,tp
20,consumption_low_tariff,tp
20,total_consumption,tp
21,invoice_number,tp
21,period_from,tp
21,period_to,tp
21,issue_date,tp
21,due_date,tp
21,tax_point_date,tp
21,amount_ex_vat,fp
21,amount_inc_vat,fp
21,consumption_high_tariff,tp
21,consumption_low_tariff,tp
21,total_consumption,tp
22,invoice_number,tp
22,period_from,tp
22,period_to,tp
22,issue_date,tp
22,due_date,tp
22,tax_point_date,tp
22,amount_ex_vat,fp
22,amount_inc_vat,fp
22,consumption_high_tariff,tp
22,consumption_low_tariff,tp
22,total_consumption,tp
23,invoice_number,tp
23,period_from,tp
23,period_to,tp
23,issue_date,tp
23,due_date,tp
23,tax_point_date,tp
23,amount_ex_vat,fp
23,amount_inc_vat,fp
23,consumption_high_tariff,tp
23,consumption_low_tariff,tp
23,total_consumption,tp
24,invoice_number,tp
24,period_from,tp
24,period_to,tp
24,issue_date,tp
24,due_date,tp
24,tax_point_date,tp
24,amount_ex_vat,fp
24,amount_inc_vat,fp
24,consumption_high_tariff,tp
24,consumption_low_tariff,tp
24,total_consumption,tp
25,invoice_number,tp
25,period_from,tp
25,period_to,tp
25,issue_date,tp
25,due_date,tp
25,tax_point_date,tp
25,amount_ex_vat,fp
25,amount_inc_vat,fp
25,consumption_high_tariff,tp
25,consumption_low_tariff,tp
25,total_consumption,tp
26,invoice_number,tp
26,period_from,tp
26,period_to,tp
26,issue_date,tp
26,due_date,tp
26,tax_point_date,tp
26,amount_ex_vat,tp
26,amount_inc_vat,fp
26,consumption_high_tariff,tp
26,consumption_low_tariff,tp
26,total_consumption,tp
27,invoice_number,tp
27,period_from,tp
27,period_to,tp
27,issue_date,tp
27,due_date,tp
27,tax_point_date,tp
27,amount_ex_vat,fp
27,amount_inc_vat,fp
27,consumption_high_tariff,tp
27,consumption_low_tariff,tp
27,total_consumption,tp
28,invoice_number,tp
28,period_from,tp
28,period_to,tp
28,issue_date,tp
28,due_date,tp
28,tax_point_date,tp
28,amount_ex_vat,tp
28,amount_inc_vat,tp
28,consumption_high_tariff,tp
28,consumption_low_tariff,tp
28,total_consumption,tp
29,invoice_number,tp
29,period_from,tp
29,period_to,tp
29,issue_date,tp
29,due_date,tp
29,tax_point_date,tp
29,amount_ex_vat,fp
29,amount_inc_vat,fp
29,consumption_high_tariff,tp
29,consumption_low_tariff,tp
29,total_consumption,tp
30,invoice_number,tp
30,period_from,tp
30,period_to,tp
30,issue_date,tp
30,due_date,tp
30,tax_point_date,tp
30,amount_ex_vat,fp
30,amount_inc_vat,fp
30,consumption_high_tariff,tp
30,consumption_low_tariff,tp
30,total_consumption,tp
31,invoice_number,tp
31,period_from,tp
31,period_to,tp
31,issue_date,tp
31,due_date,fn
31,tax_point_date,tp
31,amount_ex_vat,fp
31,amount_inc_vat,fp
31,consumption_high_tariff,tp
31,consumption_low_tariff,tp
31,total_consumption,tp
32,invoice_number,tp
32,period_from,tp
32,period_to,tp
32,issue_date,tp
32,due_date,tp
32,tax_point_date,tp
32,amount_ex_vat,tp
32,amount_inc_vat,tp
32,consumption_high_tariff,tp
32,consumption_low_tariff,tp
32,total_consumption,tp
33,invoice_number,tp
33,period_from,tp
33,period_to,tp
33,issue_date,tp
33,due_date,fn
33,tax_point_date,tp
33,amount_ex_vat,tp
33,amount_inc_vat,tp
33,consumption_high_tariff,tp
33,consumption_low_tariff,tp
33,total_consumption,tp
34,invoice_number,tp
34,period_from,tp
34,period_to,tp
34,issue_date,tp
34,due_date,fn
34,tax_point_date,tp
34,amount_ex_vat,tp
34,amount_inc_vat,tp
34,consumption_high_tariff,tp
34,consumption_low_tariff,tp
34,total_consumption,tp
35,invoice_number,tp
35,period_from,tp
35,period_to,tp
35,issue_date,tp
35,due_date,fn
35,tax_point_date,tp
35,amount_ex_vat,fp
35,amount_inc_vat,fp
35,consumption_high_tariff,tp
35,consumption_low_tariff,tp
35,total_consumption,tp
36,invoice_number,tp
36,period_from,tp
36,period_to,tp
36,issue_date,tp
36,due_date,fn
36,tax_point_date,tp
36,amount_ex_vat,tp
36,amount_inc_vat,tp
36,consumption_high_tariff,tp
36,consumption_low_tariff,tp
36,total_consumption,tp
37,invoice_number,tp
37,period_from,tp
37,period_to,tp
37,issue_date,tp
37,due_date,tp
37,tax_point_date,tp
37,amount_ex_vat,tp
37,amount_inc_vat,fp
37,consumption_high_tariff,tp
37,consumption_low_tariff,tp
37,total_consumption,tp
38,invoice_number,tp
38,period_from,tp
38,period_to,tp
38,issue_date,tp
38,due_date,tp
38,tax_point_date,tp
38,amount_ex_vat,fp
38,amount_inc_vat,tp
38,consumption_high_tariff,tp
38,consumption_low_tariff,tp
38,total_consumption,tp
39,invoice_number,tp
39,period_from,tp
39,period_to,tp
39,issue_date,tp
39,due_date,fn
39,tax_point_date,tp
39,amount_ex_vat,fp
39,amount_inc_vat,fp
39,consumption_high_tariff,tp
39,consumption_low_tariff,tp
39,total_consumption,tp
40,invoice_number,tp
40,period_from,tp
40,period_to,tp
40,issue_date,tp
40,due_date,fn
40,tax_point_date,tp
40,amount_ex_vat,fp
40,amount_inc_vat,fp
40,consumption_high_tariff,tp
40,consumption_low_tariff,tp
40,total_consumption,tp
41,invoice_number,tp
41,period_from,tp
41,period_to,tp
41,issue_date,tp
41,due_date,fn
41,tax_point_date,tp
41,amount_ex_vat,tp
41,amount_inc_vat,fp
41,consumption_high_tariff,tp
41,consumption_low_tariff,tp
41,total_consumption,tp
42,invoice_number,tp
42,period_from,tp
42,period_to,tp
42,issue_date,tp
42,due_date,fn
42,tax_point_date,tp
42,amount_ex_vat,fp
42,amount_inc_vat,fp
42,consumption_high_tariff,tp
42,consumption_low_tariff,tp
42,total_consumption,tp
43,invoice_number,tp
43,period_from,tp
43,period_to,tp
43,issue_date,tp
43,due_date,fn
43,tax_point_date,tp
43,amount_ex_vat,fp
43,amount_inc_vat,fp
43,consumption_high_tariff,tp
43,consumption_low_tariff,tp
43,total_consumption,tp
44,invoice_number,tp
44,period_from,tp
44,period_to,tp
44,issue_date,tp
44,due_date,fn
44,tax_point_date,tp
44,amount_ex_vat,tp
44,amount_inc_vat,fp
44,consumption_high_tariff,tp
44,consumption_low_tariff,tp
44,total_consumption,tp
45,invoice_number,tp
45,period_from,tp
45,period_to,tp
45,issue_date,tp
45,due_date,fn
45,tax_point_date,tp
45,amount_ex_vat,fp
45,amount_inc_vat,fp
45,consumption_high_tariff,tp
45,consumption_low_tariff,tp
45,total_consumption,tp
46,invoice_number,tp
46,period_from,tp
46,period_to,tp
46,issue_date,tp
46,due_date,fn
46,tax_point_date,tp
46,amount_ex_vat,fp
46,amount_inc_vat,fp
46,consumption_high_tariff,tp
46,consumption_low_tariff,tp
46,total_consumption,fn
47,invoice_number,tp
47,period_from,tp
47,period_to,tp
47,issue_date,tp
47,due_date,fn
47,tax_point_date,tp
47,amount_ex_vat,fp
47,amount_inc_vat,fp
47,consumption_high_tariff,tp
47,consumption_low_tariff,tp
47,total_consumption,tp
48,invoice_number,tp
48,period_from,tp
48,period_to,tp
48,issue_date,tp
48,due_date,fn
48,tax_point_date,tp
48,amount_ex_vat,fp
48,amount_inc_vat,fp
48,consumption_high_tariff,tp
48,consumption_low_tariff,tp
48,total_consumption,tp
49,invoice_number,tp
49,period_from,tp
49,period_to,tp
49,issue_date,tp
49,due_date,fn
49,tax_point_date,tp
49,amount_ex_vat,tp
49,amount_inc_vat,fp
49,consumption_high_tariff,tp
49,consumption_low_tariff,tp
49,total_consumption,fn
50,invoice_number,tp
50,period_from,tp
50,period_to,tp
50,issue_date,tp
50,due_date,tp
50,tax_point_date,tp
50,amount_ex_vat,fp
50,amount_inc_vat,fp
50,consumption_high_tariff,tp
50,consumption_low_tariff,tp
50,total_consumption,tp
51,invoice_number,tp
51,period_from,tp
51,period_to,tp
51,issue_date,tp
51,due_date,tp
51,tax_point_date,tp
51,amount_ex_vat,fp
51,amount_inc_vat,fp
51,consumption_high_tariff,tp
51,consumption_low_tariff,tp
51,total_consumption,fn
52,invoice_number,tp
52,period_from,tp
52,period_to,tp
52,issue_date,tp
52,due_date,tp
52,tax_point_date,tp
52,amount_ex_vat,fp
52,amount_inc_vat,fp
52,consumption_high_tariff,tp
52,consumption_low_tariff,tp
52,total_consumption,tp
53,invoice_number,tp
53,period_from,tp
53,period_to,tp
53,issue_date,tp
53,due_date,tp
53,tax_point_date,tp
53,amount_ex_vat,fp
53,amount_inc_vat,fp
53,consumption_high_tariff,tp
53,consumption_low_tariff,tp
53,total_consumption,tp
54,invoice_number,tp
54,period_from,tp
54,period_to,tp
54,issue_date,tp
54,due_date,tp
54,tax_point_date,tp
54,amount_ex_vat,fp
54,amount_inc_vat,fp
54,consumption_high_tariff,tp
54,consumption_low_tariff,tp
54,total_consumption,fn
55,invoice_number,tp
55,period_from,tp
55,period_to,tp
55,issue_date,tp
55,due_date,tp
55,tax_point_date,tp
55,amount_ex_vat,tp
55,amount_inc_vat,fp
55,consumption_high_tariff,tp
55,consumption_low_tariff,tp
55,total_consumption,tp
56,invoice_number,tp
56,period_from,tp
56,period_to,tp
56,issue_date,tp
56,due_date,tp
56,tax_point_date,tp
56,amount_ex_vat,fp
56,amount_inc_vat,fp
56,consumption_high_tariff,tp
56,consumption_low_tariff,tp
56,total_consumption,tp
57,invoice_number,tp
57,period_from,tp
57,period_to,tp
57,issue_date,tp
57,due_date,fn
57,tax_point_date,tp
57,amount_ex_vat,fp
57,amount_inc_vat,fp
57,consumption_high_tariff,tp
57,consumption_low_tariff,tp
57,total_consumption,tp
58,invoice_number,tp
58,period_from,tp
58,period_to,tp
58,issue_date,tp
58,due_date,tp
58,tax_point_date,tp
58,amount_ex_vat,fp
58,amount_inc_vat,fp
58,consumption_high_tariff,tp
58,consumption_low_tariff,tp
58,total_consumption,tp
59,invoice_number,tp
59,period_from,tp
59,period_to,tp
59,issue_date,tp
59,due_date,tp
59,tax_point_date,tp
59,amount_ex_vat,fp
59,amount_inc_vat,tp
59,consumption_high_tariff,tp
59,consumption_low_tariff,tp
59,total_consumption,tp
60,invoice_number,tp
60,period_from,tp
60,period_to,tp
60,issue_date,tp
60,due_date,fn
60,tax_point_date,tp
60,amount_ex_vat,tp
60,amount_inc_vat,fp
60,consumption_high_tariff,tp
60,consumption_low_tariff,tp
60,total_consumption,tp
61,invoice_number,tp
61,period_from,tp
61,period_to,tp
61,issue_date,tp
61,due_date,fn
61,tax_point_date,tp
61,amount_ex_vat,fp
61,amount_inc_vat,fp
61,consumption_high_tariff,tp
61,consumption_low_tariff,tp
61,total_consumption,tp
62,invoice_number,tp
62,period_from,tp
62,period_to,tp
62,issue_date,tp
62,due_date,fn
62,tax_point_date,tp
62,amount_ex_vat,fp
62,amount_inc_vat,fp
62,consumption_high_tariff,tp
62,consumption_low_tariff,tp
62,total_consumption,tp
63,invoice_number,tp
63,period_from,tp
63,period_to,tp
63,issue_date,tp
63,due_date,fn
63,tax_point_date,tp
63,amount_ex_vat,fp
63,amount_inc_vat,fp
63,consumption_high_tariff,tp
63,consumption_low_tariff,tp
63,total_consumption,tp
64,invoice_number,tp
64,period_from,tp
64,period_to,tp
64,issue_date,tp
64,due_date,fn
64,tax_point_date,tp
64,amount_ex_vat,fp
64,amount_inc_vat,fp
64,consumption_high_tariff,tp
64,consumption_low_tariff,tp
64,total_consumption,tp
65,invoice_number,tp
65,period_from,tp
65,period_to,tp
65,issue_date,tp
65,due_date,fn
65,tax_point_date,tp
65,amount_ex_vat,fp
65,amount_inc_vat,fp
65,consumption_high_tariff,tp
65,consumption_low_tariff,tp
65,total_consumption,tp
66,invoice_number,tp
66,period_from,tp
66,period_to,tp
66,issue_date,tp
66,due_date,fn
66,tax_point_date,tp
66,amount_ex_vat,tp
66,amount_inc_vat,tp
66,consumption_high_tariff,tp
66,consumption_low_tariff,tp
66,total_consumption,tp
67,invoice_number,tp
67,period_from,tp
67,period_to,tp
67,issue_date,tp
67,due_date,fn
67,tax_point_date,tp
67,amount_ex_vat,fp
67,amount_inc_vat,fp
67,consumption_high_tariff,tp
67,consumption_low_tariff,tp
67,total_consumption,tp
68,invoice_number,tp
68,period_from,tp
68,period_to,tp
68,issue_date,tp
68,due_date,fn
68,tax_point_date,tp
68,amount_ex_vat,tp
68,amount_inc_vat,tp
68,consumption_high_tariff,tp
68,consumption_low_tariff,tp
68,total_consumption,tp
69,invoice_number,tp
69,period_from,tp
69,period_to,tp
69,issue_date,tp
69,due_date,fn
69,tax_point_date,tp
69,amount_ex_vat,fp
69,amount_inc_vat,fp
69,consumption_high_tariff,tp
69,consumption_low_tariff,tp
69,total_consumption,tp
70,invoice_number,tp
70,period_from,tp
70,period_to,tp
70,issue_date,tp
70,due_date,fn
70,tax_point_date,tp
70,amount_ex_vat,tp
70,amount_inc_vat,tp
70,consumption_high_tariff,tp
70,consumption_low_tariff,tp
70,total_consumption,fn
71,invoice_number,tp
71,period_from,tp
71,period_to,tp
71,issue_date,tp
71,due_date,tp
71,tax_point_date,tp
71,amount_ex_vat,tp
71,amount_inc_vat,tp
71,consumption_high_tariff,tp
71,consumption_low_tariff,tp
71,total_consumption,fn
72,invoice_number,tp
72,period_from,tp
72,period_to,tp
72,issue_date,tp
72,due_date,tp
72,tax_point_date,tp
72,amount_ex_vat,fp
72,amount_inc_vat,fp
72,consumption_high_tariff,tp
72,consumption_low_tariff,tp
72,total_consumption,tp
73,invoice_number,tp
73,period_from,tp
73,period_to,tp
73,issue_date,tp
73,due_date,tp
73,tax_point_date,tp
73,amount_ex_vat,fp
73,amount_inc_vat,fp
73,consumption_high_tariff,tp
73,consumption_low_tariff,tp
73,total_consumption,tp
74,invoice_number,tp
74,period_from,tp
74,period_to,tp
74,issue_date,tp
74,due_date,tp
74,tax_point_date,tp
74,amount_ex_vat,tp
74,amount_inc_vat,tp
74,consumption_high_tariff,tp
74,consumption_low_tariff,tp
74,total_consumption,tp
75,invoice_number,tp
75,period_from,tp
75,period_to,tp
75,issue_date,tp
75,due_date,tp
75,tax_point_date,tp
75,amount_ex_vat,tp
75,amount_inc_vat,fp
75,consumption_high_tariff,tp
75,consumption_low_tariff,tp
75,total_consumption,tp
76,invoice_number,tp
76,period_from,tp
76,period_to,tp
76,issue_date,tp
76,due_date,tp
76,tax_point_date,tp
76,amount_ex_vat,tp
76,amount_inc_vat,fp
76,consumption_high_tariff,tp
76,consumption_low_tariff,tp
76,total_consumption,tp
77,invoice_number,tp
77,period_from,tp
77,period_to,tp
77,issue_date,tp
77,due_date,fn
77,tax_point_date,tp
77,amount_ex_vat,fp
77,amount_inc_vat,tp
77,consumption_high_tariff,tp
77,consumption_low_tariff,tp
77,total_consumption,tp
78,invoice_number,tp
78,period_from,tp
78,period_to,tp
78,issue_date,tp
78,due_date,fn
78,tax_point_date,tp
78,amount_ex_vat,fp
78,amount_inc_vat,tp
78,consumption_high_tariff,tp
78,consumption_low_tariff,tp
78,total_consumption,tp
79,invoice_number,tp
79,period_from,tp
79,period_to,tp
79,issue_date,tp
79,due_date,fn
79,tax_point_date,tp
79,amount_ex_vat,fp
79,amount_inc_vat,fp
79,consumption_high_tariff,tp
79,consumption_low_tariff,tp
79,total_consumption,tp
80,invoice_number,tp
80,period_from,tp
80,period_to,tp
80,issue_date,tp
80,due_date,fn
80,tax_point_date,tp
80,amount_ex_vat,fp
80,amount_inc_vat,fp
80,consumption_high_tariff,tp
80,consumption_low_tariff,tp
80,total_consumption,tp
81,invoice_number,tp
81,period_from,tp
81,period_to,tp
81,issue_date,tp
81,due_date,fn
81,tax_point_date,tp
81,amount_ex_vat,fp
81,amount_inc_vat,fp
81,consumption_high_tariff,tp
81,consumption_low_tariff,tp
81,total_consumption,tp
82,invoice_number,tp
82,period_from,tp
82,period_to,tp
82,issue_date,tp
82,due_date,fn
82,tax_point_date,tp
82,amount_ex_vat,fp
82,amount_inc_vat,fp
82,consumption_high_tariff,tp
82,consumption_low_tariff,tp
82,total_consumption,tp
83,invoice_number,tp
83,period_from,tp
83,period_to,tp
83,issue_date,tp
83,due_date,fn
83,tax_point_date,tp
83,amount_ex_vat,fp
83,amount_inc_vat,tp
83,consumption_high_tariff,tp
83,consumption_low_tariff,tp
83,total_consumption,fn
84,invoice_number,tp
84,period_from,tp
84,period_to,tp
84,issue_date,tp
84,due_date,fn
84,tax_point_date,tp
84,amount_ex_vat,fp
84,amount_inc_vat,fp
84,consumption_high_tariff,tp
84,consumption_low_tariff,tp
84,total_consumption,fn
85,invoice_number,tp
85,period_from,tp
85,period_to,tp
85,issue_date,tp
85,due_date,fn
85,tax_point_date,tp
85,amount_ex_vat,fp
85,amount_inc_vat,fp
85,consumption_high_tariff,tp
85,consumption_low_tariff,tp
85,total_consumption,tp
86,invoice_number,tp
86,period_from,tp
86,period_to,tp
86,issue_date,tp
86,due_date,tp
86,tax_point_date,tp
86,amount_ex_vat,fp
86,amount_inc_vat,fp
86,consumption_high_tariff,tp
86,consumption_low_tariff,tp
86,total_consumption,tp
87,invoice_number,tp
87,period_from,tp
87,period_to,tp
87,issue_date,tp
87,due_date,fn
87,tax_point_date,tp
87,amount_ex_vat,tp
87,amount_inc_vat,tp
87,consumption_high_tariff,tp
87,consumption_low_tariff,tp
87,total_consumption,tp
88,invoice_number,tp
88,period_from,tp
88,period_to,tp
88,issue_date,tp
88,due_date,fn
88,tax_point_date,tp
88,amount_ex_vat,tp
88,amount_inc_vat,tp
88,consumption_high_tariff,tp
88,consumption_low_tariff,tp
88,total_consumption,tp
89,invoice_number,tp
89,period_from,tp
89,period_to,tp
89,issue_date,tp
89,due_date,tp
89,tax_point_date,tp
89,amount_ex_vat,fp
89,amount_inc_vat,fp
89,consumption_high_tariff,tp
89,consumption_low_tariff,tp
89,total_consumption,tp
90,invoice_number,tp
90,period_from,tp
90,period_to,tp
90,issue_date,tp
90,due_date,tp
90,tax_point_date,tp
90,amount_ex_vat,fp
90,amount_inc_vat,fp
90,consumption_high_tariff,tp
90,consumption_low_tariff,tp
90,total_consumption,tp
91,invoice_number,tp
91,period_from,tp
91,period_to,tp
91,issue_date,tp
91,due_date,tp
91,tax_point_date,tp
91,amount_ex_vat,fp
91,amount_inc_vat,fp
91,consumption_high_tariff,tp
91,consumption_low_tariff,tp
91,total_consumption,tp
92,invoice_number,tp
92,period_from,tp
92,period_to,tp
92,issue_date,tp
92,due_date,tp
92,tax_point_date,tp
92,amount_ex_vat,fp
92,amount_inc_vat,fp
92,consumption_high_tariff,tp
92,consumption_low_tariff,tp
92,total_consumption,tp
93,invoice_number,tp
93,period_from,tp
93,period_to,tp
93,issue_date,tp
93,due_date,tp
93,tax_point_date,tp
93,amount_ex_vat,fp
93,amount_inc_vat,fp
93,consumption_high_tariff,tp
93,consumption_low_tariff,tp
93,total_consumption,tp
94,invoice_number,tp
94,period_from,tp
94,period_to,tp
94,issue_date,tp
94,due_date,tp
94,tax_point_date,tp
94,amount_ex_vat,fp
94,amount_inc_vat,fp
94,consumption_high_tariff,tp
94,consumption_low_tariff,tp
94,total_consumption,tp
95,invoice_number,tp
95,period_from,tp
95,period_to,tp
95,issue_date,tp
95,due_date,fn
95,tax_point_date,tp
95,amount_ex_vat,fp
95,amount_inc_vat,fp
95,consumption_high_tariff,tp
95,consumption_low_tariff,tp
95,total_consumption,fn
96,invoice_number,tp
96,period_from,tp
96,period_to,tp
96,issue_date,tp
96,due_date,fn
96,tax_point_date,tp
96,amount_ex_vat,fp
96,amount_inc_vat,fp
96,consumption_high_tariff,tp
96,consumption_low_tariff,tp
96,total_consumption,tp
97,invoice_number,tp
97,period_from,tp
97,period_to,tp
97,issue_date,tp
97,due_date,tp
97,tax_point_date,tp
97,amount_ex_vat,tp
97,amount_inc_vat,fp
97,consumption_high_tariff,tp
97,consumption_low_tariff,tp
97,total_consumption,tp
98,invoice_number,tp
98,period_from,tp
98,period_to,tp
98,issue_date,tp
98,due_date,tp
98,tax_point_date,tp
98,amount_ex_vat,fp
98,amount_inc_vat,tp
98,consumption_high_tariff,tp
98,consumption_low_tariff,tp
98,total_consumption,tp
99,invoice_number,tp
99,period_from,tp
99,period_to,tp
99,issue_date,tp
99,due_date,tp
99,tax_point_date,tp
99,amount_ex_vat,fp
99,amount_inc_vat,fp
99,consumption_high_tariff,tp
99,consumption_low_tariff,tp
99,total_consumption,tp
100,invoice_number,tp
100,period_from,tp
100,period_to,tp
100,issue_date,tp
100,due_date,fn
100,tax_point_date,tp
100,amount_ex_vat,fp
100,amount_inc_vat,fp
100,consumption_high_tariff,tp
100,consumption_low_tariff,tp
100,total_consumption,tp
101,invoice_number,tp
101,period_from,tp
101,period_to,tp
101,issue_date,tp
101,due_date,fn
101,tax_point_date,tp
101,amount_ex_vat,fp
101,amount_inc_vat,fp
101,consumption_high_tariff,tp
101,consumption_low_tariff,tp
101,total_consumption,tp
102,invoice_number,tp
102,period_from,tp
102,period_to,tp
102,issue_date,tp
102,due_date,fn
102,tax_point_date,tp
102,amount_ex_vat,fp
102,amount_inc_vat,tp
102,consumption_high_tariff,tp
102,consumption_low_tariff,tp
102,total_consumption,tp
103,invoice_number,tp
103,period_from,tp
103,period_to,tp
103,issue_date,tp
103,due_date,fn
103,tax_point_date,tp
103,amount_ex_vat,fp
103,amount_inc_vat,fp
103,consumption_high_tariff,tp
103,consumption_low_tariff,tp
103,total_consumption,tp
104,invoice_number,tp
104,period_from,tp
104,period_to,tp
104,issue_date,tp
104,due_date,fn
104,tax_point_date,fn
104,amount_ex_vat,tp
104,amount_inc_vat,tp
104,consumption_high_tariff,tp
104,consumption_low_tariff,tp
104,total_consumption,tp
105,invoice_number,tp
105,period_from,tp
105,period_to,tp
105,issue_date,tp
105,due_date,tp
105,tax_point_date,tp
105,amount_ex_vat,fp
105,amount_inc_vat,fp
105,consumption_high_tariff,tp
105,consumption_low_tariff,tp
105,total_consumption,tp
106,invoice_number,tp
106,period_from,tp
106,period_to,tp
106,issue_date,tp
106,due_date,tp
106,tax_point_date,tp
106,amount_ex_vat,tp
106,amount_inc_vat,fp
106,consumption_high_tariff,tp
106,consumption_low_tariff,tp
106,total_consumption,tp
107,invoice_number,tp
107,period_from,tp
107,period_to,tp
107,issue_date,tp
107,due_date,tp
107,tax_point_date,tp
107,amount_ex_vat,fp
107,amount_inc_vat,fp
107,consumption_high_tariff,tp
107,consumption_low_tariff,tp
107,total_consumption,tp
108,invoice_number,tp
108,period_from,tp
108,period_to,tp
108,issue_date,tp
108,due_date,fn
108,tax_point_date,tp
108,amount_ex_vat,fp
108,amount_inc_vat,fp
108,consumption_high_tariff,tp
108,consumption_low_tariff,tp
108,total_consumption,tp
109,invoice_number,tp
109,period_from,tp
109,period_to,tp
109,issue_date,tp
109,due_date,fn
109,tax_point_date,fp
109,amount_ex_vat,fp
109,amount_inc_vat,fp
109,consumption_high_tariff,tp
109,consumption_low_tariff,tp
109,total_consumption,fn
110,invoice_number,tp
110,period_from,tp
110,period_to,tp
110,issue_date,tp
110,due_date,fn
110,tax_point_date,tp
110,amount_ex_vat,tp
110,amount_inc_vat,tp
110,consumption_high_tariff,tp
110,consumption_low_tariff,tp
110,total_consumption,fn
111,invoice_number,tp
111,period_from,tp
111,period_to,tp
111,issue_date,tp
111,due_date,tp
111,tax_point_date,tp
111,amount_ex_vat,fp
111,amount_inc_vat,fp
111,consumption_high_tariff,tp
111,consumption_low_tariff,tp
111,total_consumption,tp
112,invoice_number,tp
112,period_from,tp
112,period_to,tp
112,issue_date,tp
112,due_date,fn
112,tax_point_date,tp
112,amount_ex_vat,tp
112,amount_inc_vat,tp
112,consumption_high_tariff,tp
112,consumption_low_tariff,tp
112,total_consumption,tp
113,invoice_number,tp
113,period_from,tp
113,period_to,tp
113,issue_date,tp
113,due_date,fn
113,tax_point_date,tp
113,amount_ex_vat,tp
113,amount_inc_vat,tp
113,consumption_high_tariff,tp
113,consumption_low_tariff,tp
113,total_consumption,tp
114,invoice_number,tp
114,period_from,tp
114,period_to,tp
114,issue_date,tp
114,due_date,fn
114,tax_point_date,tp
114,amount_ex_vat,tp
114,amount_inc_vat,fp
114,consumption_high_tariff,tp
114,consumption_low_tariff,tp
114,total_consumption,tp
115,invoice_number,tp
115,period_from,tp
115,period_to,tp
115,issue_date,tp
115,due_date,tp
115,tax_point_date,tp
115,amount_ex_vat,fp
115,amount_inc_vat,tp
115,consumption_high_tariff,tp
115,consumption_low_tariff,tp
115,total_consumption,fn
116,invoice_number,tp
116,period_from,tp
116,period_to,tp
116,issue_date,tp
116,due_date,tp
116,tax_point_date,tp
116,amount_ex_vat,fp
116,amount_inc_vat,fp
116,consumption_high_tariff,tp
116,consumption_low_tariff,tp
116,total_consumption,tp
117,invoice_number,tp
117,period_from,tp
117,period_to,tp
117,issue_date,tp
117,due_date,fn
117,tax_point_date,tp
117,amount_ex_vat,fp
117,amount_inc_vat,fp
117,consumption_high_tariff,fp
117,consumption_low_tariff,tp
117,total_consumption,fn
118,invoice_number,tp
118,period_from,tp
118,period_to,tp
118,issue_date,tp
118,due_date,fn
118,tax_point_date,tp
118,amount_ex_vat,fp
118,amount_inc_vat,fp
118,consumption_high_tariff,tp
118,consumption_low_tariff,tp
118,total_consumption,tp
119,invoice_number,tp
119,period_from,tp
119,period_to,tp
119,issue_date,tp
119,due_date,fn
119,tax_point_date,tp
119,amount_ex_vat,fp
119,amount_inc_vat,fp
119,consumption_high_tariff,tp
119,consumption_low_tariff,tp
119,total_consumption,tp
120,invoice_number,tp
120,period_from,tp
120,period_to,tp
120,issue_date,tp
120,due_date,fn
120,tax_point_date,tp
120,amount_ex_vat,fp
120,amount_inc_vat,fp
120,consumption_high_tariff,tp
120,consumption_low_tariff,tp
120,total_consumption,tp
121,invoice_number,tp
121,period_from,tp
121,period_to,tp
121,issue_date,tp
121,due_date,tp
121,tax_point_date,tp
121,amount_ex_vat,fp
121,amount_inc_vat,fp
121,consumption_high_tariff,tp
121,consumption_low_tariff,tp
121,total_consumption,tp
122,invoice_number,tp
122,period_from,tp
122,period_to,tp
122,issue_date,tp
122,due_date,tp
122,tax_point_date,tp
122,amount_ex_vat,fp
122,amount_inc_vat,fp
122,consumption_high_tariff,tp
122,consumption_low_tariff,tp
122,total_consumption,tp
123,invoice_number,tp
123,period_from,tp
123,period_to,tp
123,issue_date,tp
123,due_date,fn
123,tax_point_date,tp
123,amount_ex_vat,fp
123,amount_inc_vat,fp
123,consumption_high_tariff,tp
123,consumption_low_tariff,tp
123,total_consumption,tp
124,invoice_number,tp
124,period_from,tp
124,period_to,tp
124,issue_date,tp
124,due_date,fn
124,tax_point_date,tp
124,amount_ex_vat,fp
124,amount_inc_vat,fp
124,consumption_high_tariff,tp
124,consumption_low_tariff,tp
124,total_consumption,tp
125,invoice_number,tp
125,period_from,tp
125,period_to,tp
125,issue_date,tp
125,due_date,fn
125,tax_point_date,tp
125,amount_ex_vat,fp
125,amount_inc_vat,fp
125,consumption_high_tariff,tp
125,consumption_low_tariff,tp
125,total_consumption,tp
126,invoice_number,tp
126,period_from,tp
126,period_to,tp
126,issue_date,tp
126,due_date,fn
126,tax_point_date,tp
126,amount_ex_vat,fp
126,amount_inc_vat,fp
126,consumption_high_tariff,tp
126,consumption_low_tariff,tp
126,total_consumption,fn
127,invoice_number,tp
127,period_from,tp
127,period_to,tp
127,issue_date,tp
127,due_date,fn
127,tax_point_date,tp
127,amount_ex_vat,fp
127,amount_inc_vat,fp
127,consumption_high_tariff,tp
127,consumption_low_tariff,tp
127,total_consumption,tp
128,invoice_number,tp
128,period_from,tp
128,period_to,tp
128,issue_date,tp
128,due_date,fn
128,tax_point_date,tp
128,amount_ex_vat,fp
128,amount_inc_vat,fp
128,consumption_high_tariff,tp
128,consumption_low_tariff,tp
128,total_consumption,tp
129,invoice_number,tp
129,period_from,tp
129,period_to,tp
129,issue_date,tp
129,due_date,fn
129,tax_point_date,tp
129,amount_ex_vat,fp
129,amount_inc_vat,fp
129,consumption_high_tariff,tp
129,consumption_low_tariff,tp
129,total_consumption,tp
130,invoice_number,tp
130,period_from,tp
130,period_to,tp
130,issue_date,tp
130,due_date,tp
130,tax_point_date,fp
130,amount_ex_vat,tp
130,amount_inc_vat,fp
130,consumption_high_tariff,tp
130,consumption_low_tariff,tp
130,total_consumption,tp
131,invoice_number,tp
131,period_from,tp
131,period_to,tp
131,issue_date,tp
131,due_date,fn
131,tax_point_date,tp
131,amount_ex_vat,fp
131,amount_inc_vat,tp
131,consumption_high_tariff,tp
131,consumption_low_tariff,tp
131,total_consumption,tp
132,invoice_number,tp
132,period_from,tp
132,period_to,tp
132,issue_date,tp
132,due_date,fn
132,tax_point_date,tp
132,amount_ex_vat,fp
132,amount_inc_vat,fp
132,consumption_high_tariff,tp
132,consumption_low_tariff,tp
132,total_consumption,fn
133,invoice_number,tp
133,period_from,tp
133,period_to,tp
133,issue_date,tp
133,due_date,fn
133,tax_point_date,tp
133,amount_ex_vat,fp
133,amount_inc_vat,fp
133,consumption_high_tariff,tp
133,consumption_low_tariff,tp
133,total_consumption,tp
134,invoice_number,tp
134,period_from,tp
134,period_to,tp
134,issue_date,tp
134,due_date,fn
134,tax_point_date,tp
134,amount_ex_vat,fp
134,amount_inc_vat,fp
134,consumption_high_tariff,tp
134,consumption_low_tariff,tp
134,total_consumption,tp
135,invoice_number,tp
135,period_from,tp
135,period_to,tp
135,issue_date,tp
135,due_date,fn
135,tax_point_date,tp
135,amount_ex_vat,fp
135,amount_inc_vat,fp
135,consumption_high_tariff,tp
135,consumption_low_tariff,tp
135,total_consumption,tp
136,invoice_number,tp
136,period_from,tp
136,period_to,tp
136,issue_date,fp
136,due_date,fn
136,tax_point_date,fp
136,amount_ex_vat,fp
136,amount_inc_vat,fp
136,consumption_high_tariff,tp
136,consumption_low_tariff,tp
136,total_consumption,tp
137,invoice_number,tp
137,period_from,tp
137,period_to,tp
137,issue_date,fn
137,due_date,fn
137,tax_point_date,fn
137,amount_ex_vat,fp
137,amount_inc_vat,fp
137,consumption_high_tariff,tp
137,consumption_low_tariff,tp
137,total_consumption,tp
138,invoice_number,tp
138,period_from,tp
138,period_to,tp
138,issue_date,fp
138,due_date,fn
138,tax_point_date,fp
138,amount_ex_vat,fp
138,amount_inc_vat,fp
138,consumption_high_tariff,tp
138,consumption_low_tariff,tp
138,total_consumption,tp
139,invoice_number,tp
139,period_from,tp
139,period_to,tp
139,issue_date,fp
139,due_date,fn
139,tax_point_date,fp
139,amount_ex_vat,fp
139,amount_inc_vat,fp
139,consumption_high_tariff,tp
139,consumption_low_tariff,tp
139,total_consumption,fn
140,invoice_number,tp
140,period_from,tp
140,period_to,tp
140,issue_date,tp
140,due_date,fn
140,tax_point_date,tp
140,amount_ex_vat,fp
140,amount_inc_vat,fp
140,consumption_high_tariff,tp
140,consumption_low_tariff,tp
140,total_consumption,tp
141,invoice_number,tp
141,period_from,tp
141,period_to,tp
141,issue_date,tp
141,due_date,tp
141,tax_point_date,tp
141,amount_ex_vat,tp
141,amount_inc_vat,tp
141,consumption_high_tariff,tp
141,consumption_low_tariff,tp
141,total_consumption,fn
142,invoice_number,tp
142,period_from,tp
142,period_to,tp
142,issue_date,tp
142,due_date,tp
142,tax_point_date,tp
142,amount_ex_vat,tp
142,amount_inc_vat,tp
142,consumption_high_tariff,tp
142,consumption_low_tariff,tp
142,total_consumption,tp
143,invoice_number,tp
143,period_from,tp
143,period_to,tp
143,issue_date,tp
143,due_date,tp
143,tax_point_date,tp
143,amount_ex_vat,fp
143,amount_inc_vat,fp
143,consumption_high_tariff,tp
143,consumption_low_tariff,tp
143,total_consumption,tp
144,invoice_number,tp
144,period_from,tp
144,period_to,tp
144,issue_date,tp
144,due_date,tp
144,tax_point_date,tp
144,amount_ex_vat,fp
144,amount_inc_vat,fp
144,consumption_high_tariff,tp
144,consumption_low_tariff,tp
144,total_consumption,tp
145,invoice_number,tp
145,period_from,tp
145,period_to,tp
145,issue_date,tp
145,due_date,fn
145,tax_point_date,tp
145,amount_ex_vat,fp
145,amount_inc_vat,fp
145,consumption_high_tariff,tp
145,consumption_low_tariff,tp
145,total_consumption,tp
146,invoice_number,tp
146,period_from,tp
146,period_to,tp
146,issue_date,tp
146,due_date,tp
146,tax_point_date,tp
146,amount_ex_vat,fp
146,amount_inc_vat,fp
146,consumption_high_tariff,tp
146,consumption_low_tariff,tp
146,total_consumption,tp
147,invoice_number,tp
147,period_from,tp
147,period_to,tp
147,issue_date,tp
147,due_date,tp
147,tax_point_date,tp
147,amount_ex_vat,tp
147,amount_inc_vat,fp
147,consumption_high_tariff,tp
147,consumption_low_tariff,tp
147,total_consumption,fn
148,invoice_number,tp
148,period_from,tp
148,period_to,tp
148,issue_date,tp
148,due_date,fn
148,tax_point_date,fn
148,amount_ex_vat,tp
148,amount_inc_vat,fp
148,consumption_high_tariff,tp
148,consumption_low_tariff,tp
148,total_consumption,tp
149,invoice_number,tp
149,period_from,tp
149,period_to,tp
149,issue_date,tp
149,due_date,tp
149,tax_point_date,tp
149,amount_ex_vat,fp
149,amount_inc_vat,fp
149,consumption_high_tariff,tp
149,consumption_low_tariff,tp
149,total_consumption,fn
150,invoice_number,tp
150,period_from,tp
150,period_to,tp
150,issue_date,tp
150,due_date,tp
150,tax_point_date,fp
150,amount_ex_vat,fp
150,amount_inc_vat,fp
150,consumption_high_tariff,tp
150,consumption_low_tariff,tp
150,total_consumption,fn
151,invoice_number,fp
151,period_from,tp
151,period_to,tp
151,issue_date,tp
151,due_date,fn
151,tax_point_date,fn
151,amount_ex_vat,fp
151,amount_inc_vat,fp
151,consumption_high_tariff,fp
151,consumption_low_tariff,fp
151,total_consumption,fn
152,invoice_number,tp
152,period_from,tp
152,period_to,tp
152,issue_date,tp
152,due_date,tp
152,tax_point_date,tp
152,amount_ex_vat,tp
152,amount_inc_vat,fp
152,consumption_high_tariff,tp
152,consumption_low_tariff,tp
152,total_consumption,tp
153,invoice_number,tp
153,period_from,tp
153,period_to,tp
153,issue_date,tp
153,due_date,fn
153,tax_point_date,fn
153,amount_ex_vat,fp
153,amount_inc_vat,tp
153,consumption_high_tariff,fp
153,consumption_low_tariff,fp
153,total_consumption,fp
154,invoice_number,tp
154,period_from,tp
154,period_to,tp
154,issue_date,tp
154,due_date,tp
154,tax_point_date,fp
154,amount_ex_vat,fp
154,amount_inc_vat,fp
154,consumption_high_tariff,tp
154,consumption_low_tariff,tp
154,total_consumption,tp
155,invoice_number,tp
155,period_from,tp
155,period_to,tp
155,issue_date,tp
155,due_date,fn
155,tax_point_date,tp
155,amount_ex_vat,fp
155,amount_inc_vat,fp
155,consumption_high_tariff,tp
155,consumption_low_tariff,tp
155,total_consumption,tp
156,invoice_number,tp
156,period_from,tp
156,period_to,tp
156,issue_date,tp
156,due_date,fn
156,tax_point_date,tp
156,amount_ex_vat,fp
156,amount_inc_vat,fp
156,consumption_high_tariff,tp
156,consumption_low_tariff,tp
156,total_consumption,tp
157,invoice_number,tp
157,period_from,fp
157,period_to,fp
157,issue_date,fp
157,due_date,fp
157,tax_point_date,fp
157,amount_ex_vat,fp
157,amount_inc_vat,fp
157,consumption_high_tariff,tp
157,consumption_low_tariff,tp
157,total_consumption,fn
158,invoice_number,tp
158,period_from,tp
158,period_to,tp
158,issue_date,tp
158,due_date,fn
158,tax_point_date,fp
158,amount_ex_vat,fp
158,amount_inc_vat,fp
158,consumption_high_tariff,fp
158,consumption_low_tariff,fp
158,total_consumption,fn
159,invoice_number,fp
159,period_from,fp
159,period_to,fp
159,issue_date,fp
159,due_date,fp
159,tax_point_date,fp
159,amount_ex_vat,fp
159,amount_inc_vat,fp
159,consumption_high_tariff,tp
159,consumption_low_tariff,tp
159,total_consumption,tp
160,invoice_number,tp
160,period_from,tp
160,period_to,tp
160,issue_date,tp
160,due_date,fn
160,tax_point_date,tp
160,amount_ex_vat,fp
160,amount_inc_vat,fp
160,consumption_high_tariff,tp
160,consumption_low_tariff,tp
160,total_consumption,tp
161,invoice_number,tp
161,period_from,tp
161,period_to,tp
161,issue_date,tp
161,due_date,tp
161,tax_point_date,fp
161,amount_ex_vat,fp
161,amount_inc_vat,fp
161,consumption_high_tariff,fp
161,consumption_low_tariff,tp
161,total_consumption,fn
162,invoice_number,tp
162,period_from,tp
162,period_to,tp
162,issue_date,tp
162,due_date,tp
162,tax_point_date,fp
162,amount_ex_vat,fp
162,amount_inc_vat,tp
162,consumption_high_tariff,tp
162,consumption_low_tariff,tp
162,total_consumption,fn
163,invoice_number,tp
163,period_from,tp
163,period_to,tp
163,issue_date,fp
163,due_date,fn
163,tax_point_date,fn
163,amount_ex_vat,fp
163,amount_inc_vat,fp
163,consumption_high_tariff,fp
163,consumption_low_tariff,tp
163,total_consumption,fp
164,invoice_number,tp
164,period_from,tp
164,period_to,tp
164,issue_date,tp
164,due_date,tp
164,tax_point_date,tp
164,amount_ex_vat,tp
164,amount_inc_vat,tp
164,consumption_high_tariff,tp
164,consumption_low_tariff,tp
164,total_consumption,fn
165,invoice_number,tp
165,period_from,tp
165,period_to,tp
165,issue_date,fn
165,due_date,fn
165,tax_point_date,fn
165,amount_ex_vat,fp
165,amount_inc_vat,fp
165,consumption_high_tariff,fp
165,consumption_low_tariff,fp
165,total_consumption,fn
166,invoice_number,tp
166,period_from,tp
166,period_to,tp
166,issue_date,tp
166,due_date,tp
166,tax_point_date,fp
166,amount_ex_vat,tp
166,amount_inc_vat,fp
166,consumption_high_tariff,tp
166,consumption_low_tariff,tp
166,total_consumption,fn
167,invoice_number,tp
167,period_from,tp
167,period_to,tp
167,issue_date,tp
167,due_date,tp
167,tax_point_date,tp
167,amount_ex_vat,fp
167,amount_inc_vat,fp
167,consumption_high_tariff,tp
167,consumption_low_tariff,tp
167,total_consumption,fn
168,invoice_number,tp
168,period_from,tp
168,period_to,tp
168,issue_date,tp
168,due_date,tp
168,tax_point_date,fp
168,amount_ex_vat,fp
168,amount_inc_vat,fp
168,consumption_high_tariff,tp
168,consumption_low_tariff,tp
168,total_consumption,fn
169,invoice_number,tp
169,period_from,tp
169,period_to,tp
169,issue_date,tp
169,due_date,tp
169,tax_point_date,tp
169,amount_ex_vat,fp
169,amount_inc_vat,fp
169,consumption_high_tariff,tp
169,consumption_low_tariff,tp
169,total_consumption,fn
170,invoice_number,tp
170,period_from,tp
170,period_to,tp
170,issue_date,tp
170,due_date,fn
170,tax_point_date,tp
170,amount_ex_vat,tp
170,amount_inc_vat,tp
170,consumption_high_tariff,fp
170,consumption_low_tariff,fp
170,total_consumption,tp
171,invoice_number,tp
171,period_from,tp
171,period_to,tp
171,issue_date,tp
171,due_date,fn
171,tax_point_date,tp
171,amount_ex_vat,tp
171,amount_inc_vat,tp
171,consumption_high_tariff,tp
171,consumption_low_tariff,tp
171,total_consumption,fp
172,invoice_number,tp
172,period_from,tp
172,period_to,tp
172,issue_date,tp
172,due_date,tp
172,tax_point_date,tp
172,amount_ex_vat,tp
172,amount_inc_vat,tp
172,consumption_high_tariff,tp
172,consumption_low_tariff,tp
172,total_consumption,fn
173,invoice_number,tp
173,issue_date,tp
173,due_date,fn
173,tax_point_date,tp
173,amount_ex_vat,tp
173,amount_inc_vat,tp
173,consumption_high_tariff,fp
173,consumption_low_tariff,tp
173,total_consumption,fp
174,invoice_number,tp
174,period_from,tp
174,period_to,tp
174,issue_date,tp
174,due_date,fn
174,tax_point_date,tp
174,amount_ex_vat,tp
174,amount_inc_vat,tp
174,consumption_high_tariff,tp
174,consumption_low_tariff,tp
174,total_consumption,tp
175,invoice_number,tp
175,issue_date,tp
175,due_date,fp
175,tax_point_date,tp
175,amount_ex_vat,tp
175,amount_inc_vat,tp
175,consumption_high_tariff,fp
175,consumption_low_tariff,tp
175,total_consumption,fp
176,invoice_number,tp
176,period_from,tp
176,period_to,tp
176,issue_date,tp
176,due_date,tp
176,tax_point_date,tp
176,amount_ex_vat,tp
176,amount_inc_vat,tp
176,consumption_high_tariff,fp
176,consumption_low_tariff,tp
176,total_consumption,tp
177,invoice_number,tp
177,period_from,tp
177,period_to,tp
177,issue_date,tp
177,due_date,tp
177,tax_point_date,tp
177,amount_ex_vat,tp
177,amount_inc_vat,tp
177,consumption_high_tariff,tp
177,consumption_low_tariff,tp
177,total_consumption,fp
178,invoice_number,tp
178,period_from,tp
178,period_to,tp
178,issue_date,tp
178,due_date,fn
178,tax_point_date,tp
178,amount_ex_vat,tp
178,amount_inc_vat,tp
178,consumption_high_tariff,fp
178,consumption_low_tariff,tp
178,total_consumption,fn
179,invoice_number,tp
179,period_from,tp
179,period_to,tp
179,issue_date,tp
179,due_date,tp
179,tax_point_date,tp
179,amount_ex_vat,tp
179,amount_inc_vat,tp
179,consumption_high_tariff,tp
179,consumption_low_tariff,tp
179,total_consumption,tp
180,invoice_number,tp
180,period_from,tp
180,period_to,tp
180,issue_date,fp
180,due_date,fn
180,tax_point_date,fn
180,amount_ex_vat,fp
180,amount_inc_vat,fp
180,consumption_high_tariff,tp
180,consumption_low_tariff,tp
180,total_consumption,fn
181,invoice_number,tp
181,period_from,tp
181,period_to,tp
181,issue_date,tp
181,due_date,tp
181,tax_point_date,fp
181,amount_ex_vat,fp
181,amount_inc_vat,tp
181,consumption_high_tariff,fp
181,consumption_low_tariff,fp
181,total_consumption,tp
182,invoice_number,tp
182,issue_date,tp
182,due_date,tp
182,tax_point_date,fp
182,amount_ex_vat,tp
182,amount_inc_vat,tp
182,consumption_high_tariff,fp
182,consumption_low_tariff,tp
182,total_consumption,tp
183,invoice_number,tp
183,period_from,tp
183,period_to,tp
183,issue_date,tp
183,due_date,tp
183,tax_point_date,fn
183,amount_ex_vat,tp
183,amount_inc_vat,tp
183,consumption_high_tariff,fp
183,consumption_low_tariff,tp
183,total_consumption,fn
184,invoice_number,tp
184,period_from,tp
184,period_to,tp
184,issue_date,tp
184,due_date,tp
184,tax_point_date,fp
184,amount_ex_vat,tp
184,amount_inc_vat,tp
184,consumption_high_tariff,tp
184,consumption_low_tariff,tp
184,total_consumption,tp
185,invoice_number,tp
185,period_from,tp
185,period_to,tp
185,issue_date,tp
185,due_date,tp
185,tax_point_date,tp
185,amount_ex_vat,fp
185,amount_inc_vat,fp
185,consumption_high_tariff,tp
185,consumption_low_tariff,tp
185,total_consumption,tp
186,invoice_number,tp
186,period_from,tp
186,period_to,tp
186,issue_date,tp
186,due_date,tp
186,tax_point_date,fp
186,amount_ex_vat,tp
186,amount_inc_vat,tp
186,consumption_high_tariff,tp
186,consumption_low_tariff,tp
186,total_consumption,tp
187,invoice_number,tp
187,period_from,tp
187,period_to,tp
187,issue_date,tp
187,due_date,tp
187,tax_point_date,tp
187,amount_ex_vat,tp
187,amount_inc_vat,tp
187,consumption_high_tariff,fp
187,consumption_low_tariff,tp
187,total_consumption,fn
188,invoice_number,fp
188,period_from,tp
188,period_to,tp
188,issue_date,tp
188,due_date,tp
188,tax_point_date,tp
188,amount_ex_vat,tp
188,amount_inc_vat,tp
188,consumption_high_tariff,fp
188,consumption_low_tariff,tp
188,total_consumption,tp
189,invoice_number,tp
189,period_from,tp
189,period_to,tp
189,issue_date,fp
189,due_date,tp
189,tax_point_date,fp
189,amount_ex_vat,fp
189,amount_inc_vat,fp
189,consumption_high_tariff,tp
189,consumption_low_tariff,tp
189,total_consumption,tp
190,invoice_number,tp
190,period_from,tp
190,period_to,tp
190,issue_date,tp
190,due_date,tp
190,tax_point_date,tp
190,amount_ex_vat,tp
190,amount_inc_vat,tp
190,consumption_high_tariff,tp
190,consumption_low_tariff,tp
190,total_consumption,tp
191,invoice_number,tp
191,period_from,tp
191,period_to,tp
191,issue_date,tp
191,due_date,fn
191,tax_point_date,tp
191,amount_ex_vat,fp
191,amount_inc_vat,tp
191,consumption_high_tariff,tp
191,consumption_low_tariff,tp
191,total_consumption,tp
192,invoice_number,tp
192,period_from,tp
192,period_to,tp
192,issue_date,tp
192,due_date,tp
192,tax_point_date,tp
192,amount_ex_vat,fp
192,amount_inc_vat,tp
192,consumption_high_tariff,tp
192,consumption_low_tariff,tp
192,total_consumption,tp
193,invoice_number,tp
193,period_from,tp
193,period_to,tp
193,issue_date,tp
193,due_date,tp
193,tax_point_date,tp
193,amount_ex_vat,fp
193,amount_inc_vat,fp
193,consumption_high_tariff,fp
193,consumption_low_tariff,tp
193,total_consumption,tp
194,invoice_number,tp
194,period_from,tp
194,period_to,tp
194,issue_date,tp
194,due_date,tp
194,tax_point_date,tp
194,amount_ex_vat,fp
194,amount_inc_vat,tp
194,consumption_high_tariff,fp
194,consumption_low_tariff,tp
194,total_consumption,tp
195,invoice_number,tp
195,period_from,tp
195,period_to,tp
195,issue_date,tp
195,due_date,tp
195,tax_point_date,tp
195,amount_ex_vat,fp
195,amount_inc_vat,fp
195,consumption_high_tariff,fp
195,consumption_low_tariff,fn
195,total_consumption,tp
196,invoice_number,tp
196,period_from,tp
196,period_to,tp
196,due_date,tp
196,amount_ex_vat,fp
196,amount_inc_vat,tp
196,consumption_high_tariff,fp
196,consumption_low_tariff,tp
196,total_consumption,fp
197,invoice_number,tp
197,period_from,tp
197,period_to,tp
197,due_date,fn
197,amount_ex_vat,fp
197,consumption_high_tariff,tp
197,consumption_low_tariff,tp
197,total_consumption,tp
198,invoice_number,tp
198,period_from,tp
198,period_to,tp
198,due_date,tp
198,amount_inc_vat,tp
198,consumption_high_tariff,fp
198,consumption_low_tariff,fp
198,total_consumption,fp
199,invoice_number,tp
199,period_from,tp
199,period_to,tp
199,due_date,tp
199,amount_inc_vat,tp
199,consumption_high_tariff,fp
199,consumption_low_tariff,fp
199,total_consumption,tp
200,invoice_number,tp
200,period_from,tp
200,period_to,tp
200,issue_date,tp
200,due_date,tp
200,tax_point_date,tp
200,amount_ex_vat,tp
200,amount_inc_vat,tp
200,consumption_high_tariff,tp
200,consumption_low_tariff,tp
200,total_consumption,tp
201,invoice_number,tp
201,period_from,tp
201,period_to,tp
201,issue_date,tp
201,due_date,tp
201,tax_point_date,tp
201,amount_ex_vat,fp
201,amount_inc_vat,tp
201,consumption_high_tariff,tp
201,consumption_low_tariff,tp
201,total_consumption,tp
202,invoice_number,tp
202,period_from,tp
202,period_to,tp
202,due_date,tp
202,tax_point_date,fp
202,amount_ex_vat,fp
202,amount_inc_vat,tp
202,consumption_high_tariff,fp
202,consumption_low_tariff,tp
202,total_consumption,fp
203,invoice_number,tp
203,period_from,tp
203,period_to,tp
203,due_date,tp
203,amount_ex_vat,fp
203,consumption_high_tariff,fp
203,consumption_low_tariff,tp
203,total_consumption,fp
204,invoice_number,tp
204,period_from,tp
204,period_to,tp
204,due_date,tp
204,amount_ex_vat,fp
204,amount_inc_vat,fp
204,consumption_high_tariff,tp
204,consumption_low_tariff,tp
204,total_consumption,tp
205,invoice_number,tp
205,period_from,tp
205,period_to,tp
205,issue_date,tp
205,due_date,tp
205,tax_point_date,tp
205,amount_ex_vat,tp
205,amount_inc_vat,tp
205,consumption_high_tariff,tp
205,consumption_low_tariff,tp
205,total_consumption,tp
206,invoice_number,tp
206,period_from,tp
206,period_to,tp
206,issue_date,tp
206,due_date,tp
206,tax_point_date,tp
206,amount_ex_vat,tp
206,amount_inc_vat,tp
206,consumption_high_tariff,tp
206,consumption_low_tariff,tp
206,total_consumption,tp
207,invoice_number,fp
207,period_from,tp
207,period_to,tp
207,issue_date,fn
207,due_date,tp
207,tax_point_date,fn
207,amount_ex_vat,fp
207,amount_inc_vat,fp
207,consumption_high_tariff,fp
207,consumption_low_tariff,fp
207,total_consumption,fn
208,invoice_number,tp
208,period_from,tp
208,period_to,tp
208,due_date,fp
208,amount_ex_vat,fp
208,amount_inc_vat,tp
208,consumption_high_tariff,fp
208,consumption_low_tariff,tp
208,total_consumption,fp
209,invoice_number,tp
209,period_from,tp
209,period_to,tp
209,issue_date,tp
209,due_date,tp
209,tax_point_date,tp
209,amount_ex_vat,fp
209,amount_inc_vat,tp
209,consumption_high_tariff,tp
209,consumption_low_tariff,fn
209,total_consumption,fp
210,invoice_number,tp
210,period_from,tp
210,period_to,tp
210,issue_date,tp
210,due_date,tp
210,tax_point_date,tp
210,amount_ex_vat,tp
210,amount_inc_vat,tp
210,consumption_high_tariff,tp
210,consumption_low_tariff,tp
210,total_consumption,fn
211,invoice_number,tp
211,period_from,tp
211,period_to,tp
211,issue_date,fp
211,due_date,fn
211,tax_point_date,fn
211,amount_ex_vat,tp
211,amount_inc_vat,tp
211,consumption_high_tariff,tp
211,consumption_low_tariff,tp
211,total_consumption,fn
212,invoice_number,tp
212,period_from,tp
212,period_to,tp
212,issue_date,fp
212,due_date,fn
212,tax_point_date,fn
212,amount_ex_vat,tp
212,amount_inc_vat,tp
212,consumption_high_tariff,tp
212,consumption_low_tariff,tp
212,total_consumption,tp
213,invoice_number,tp
213,period_from,tp
213,period_to,tp
213,issue_date,tp
213,due_date,tp
213,tax_point_date,fp
213,amount_ex_vat,fp
213,amount_inc_vat,tp
213,consumption_high_tariff,tp
213,consumption_low_tariff,tp
213,total_consumption,tp
214,invoice_number,tp
214,period_from,tp
214,period_to,tp
214,issue_date,tp
214,due_date,tp
214,tax_point_date,fp
214,amount_ex_vat,fp
214,amount_inc_vat,tp
214,consumption_high_tariff,tp
214,consumption_low_tariff,tp
214,total_consumption,tp
215,invoice_number,tp
215,period_from,tp
215,period_to,tp
215,issue_date,fp
215,due_date,fn
215,tax_point_date,fn
215,amount_ex_vat,tp
215,amount_inc_vat,tp
215,consumption_high_tariff,tp
215,consumption_low_tariff,tp
215,total_consumption,tp
216,invoice_number,tp
216,period_from,tp
216,period_to,tp
216,issue_date,fn
216,due_date,fn
216,tax_point_date,fn
216,amount_ex_vat,tp
216,amount_inc_vat,tp
216,consumption_high_tariff,tp
216,consumption_low_tariff,tp
216,total_consumption,fn
217,invoice_number,tp
217,period_from,tp
217,period_to,tp
217,issue_date,tp
217,due_date,tp
217,tax_point_date,fp
217,amount_ex_vat,tp
217,amount_inc_vat,tp
217,consumption_high_tariff,tp
217,consumption_low_tariff,tp
217,total_consumption,tp
218,invoice_number,tp
218,period_from,tp
218,period_to,tp
218,issue_date,tp
218,due_date,tp
218,tax_point_date,fp
218,amount_ex_vat,tp
218,amount_inc_vat,tp
218,consumption_high_tariff,tp
218,consumption_low_tariff,tp
218,total_consumption,fn
219,invoice_number,tp
219,period_from,tp
219,period_to,tp
219,issue_date,fp
219,due_date,fn
219,tax_point_date,fn
219,amount_ex_vat,tp
219,amount_inc_vat,tp
219,consumption_high_tariff,tp
219,consumption_low_tariff,tp
219,total_consumption,fn
220,invoice_number,tp
220,period_from,tp
220,period_to,tp
220,issue_date,tp
220,due_date,tp
220,tax_point_date,fp
220,amount_ex_vat,tp
220,amount_inc_vat,tp
220,consumption_high_tariff,tp
220,consumption_low_tariff,tp
220,total_consumption,fn
221,invoice_number,tp
221,period_from,tp
221,period_to,tp
221,issue_date,tp
221,due_date,tp
221,tax_point_date,fp
221,amount_ex_vat,tp
221,amount_inc_vat,tp
221,consumption_high_tariff,tp
221,consumption_low_tariff,tp
221,total_consumption,fn
222,invoice_number,tp
222,period_from,tp
222,period_to,tp
222,issue_date,tp
222,due_date,tp
222,tax_point_date,fp
222,amount_ex_vat,tp
222,amount_inc_vat,tp
222,consumption_high_tariff,tp
222,consumption_low_tariff,tp
222,total_consumption,fn
223,invoice_number,tp
223,period_from,tp
223,period_to,tp
223,issue_date,tp
223,due_date,tp
223,tax_point_date,fp
223,amount_ex_vat,tp
223,amount_inc_vat,tp
223,consumption_high_tariff,tp
223,consumption_low_tariff,tp
223,total_consumption,fn
224,invoice_number,tp
224,period_from,tp
224,period_to,tp
224,issue_date,fn
224,due_date,fn
224,tax_point_date,fn
224,amount_ex_vat,tp
224,amount_inc_vat,tp
224,consumption_high_tariff,tp
224,consumption_low_tariff,tp
224,total_consumption,tp
225,invoice_number,tp
225,period_from,tp
225,period_to,tp
225,issue_date,tp
225,due_date,fn
225,tax_point_date,fn
225,amount_ex_vat,tp
225,amount_inc_vat,tp
225,consumption_high_tariff,tp
225,consumption_low_tariff,tp
225,total_consumption,tp
226,invoice_number,tp
226,period_from,tp
226,period_to,tp
226,issue_date,tp
226,due_date,fn
226,tax_point_date,fn
226,amount_ex_vat,tp
226,amount_inc_vat,tp
226,consumption_high_tariff,fp
226,consumption_low_tariff,tp
226,total_consumption,fp
227,invoice_number,tp
227,period_from,tp
227,period_to,tp
227,issue_date,tp
227,due_date,fp
227,tax_point_date,tp
227,amount_ex_vat,tp
227,amount_inc_vat,tp
227,consumption_high_tariff,fp
227,consumption_low_tariff,tp
227,total_consumption,fp
228,invoice_number,tp
228,period_from,tp
228,period_to,tp
228,issue_date,tp
228,due_date,tp
228,tax_point_date,tp
228,amount_ex_vat,tp
228,amount_inc_vat,tp
228,consumption_high_tariff,fp
228,consumption_low_tariff,tp
228,total_consumption,fp
229,invoice_number,tp
229,period_from,tp
229,period_to,tp
229,issue_date,fp
229,due_date,fn
229,tax_point_date,fn
229,amount_ex_vat,tp
229,amount_inc_vat,tp
229,consumption_high_tariff,fp
229,consumption_low_tariff,tp
229,total_consumption,fp
230,invoice_number,tp
230,period_from,tp
230,period_to,tp
230,issue_date,fn
230,due_date,fn
230,tax_point_date,tp
230,amount_ex_vat,tp
230,amount_inc_vat,fp
230,consumption_high_tariff,tp
230,consumption_low_tariff,tp
230,total_consumption,tp
231,invoice_number,tp
231,period_from,tp
231,period_to,tp
231,issue_date,tp
231,due_date,fn
231,tax_point_date,tp
231,amount_ex_vat,tp
231,amount_inc_vat,fp
231,consumption_high_tariff,tp
231,consumption_low_tariff,tp
231,total_consumption,tp
232,invoice_number,tp
232,period_from,tp
232,period_to,tp
232,issue_date,tp
232,due_date,fn
232,tax_point_date,fp
232,amount_ex_vat,tp
232,amount_inc_vat,tp
232,consumption_high_tariff,tp
232,consumption_low_tariff,tp
232,total_consumption,tp
233,invoice_number,tp
233,period_from,tp
233,period_to,tp
233,issue_date,fn
233,due_date,fn
233,tax_point_date,fn
233,amount_ex_vat,tp
233,amount_inc_vat,tp
233,consumption_high_tariff,tp
233,consumption_low_tariff,tp
233,total_consumption,tp
234,invoice_number,tp
234,period_from,tp
234,period_to,tp
234,issue_date,tp
234,due_date,tp
234,tax_point_date,tp
234,amount_ex_vat,fp
234,amount_inc_vat,fp
234,consumption_high_tariff,tp
234,consumption_low_tariff,tp
234,total_consumption,fn
235,invoice_number,tp
235,period_from,tp
235,period_to,tp
235,issue_date,fn
235,due_date,fn
235,tax_point_date,fn
235,amount_ex_vat,tp
235,amount_inc_vat,tp
235,consumption_high_tariff,tp
235,consumption_low_tariff,tp
235,total_consumption,fn
236,invoice_number,tp
236,period_from,tp
236,period_to,tp
236,issue_date,fn
236,due_date,fn
236,tax_point_date,fn
236,amount_ex_vat,tp
236,amount_inc_vat,fp
236,consumption_high_tariff,tp
236,consumption_low_tariff,tp
236,total_consumption,fn
237,invoice_number,tp
237,period_from,tp
237,period_to,tp
237,issue_date,tp
237,due_date,fp
237,tax_point_date,tp
237,amount_ex_vat,tp
237,amount_inc_vat,tp
237,consumption_high_tariff,tp
237,consumption_low_tariff,tp
237,total_consumption,tp
238,invoice_number,tp
238,period_from,tp
238,period_to,tp
238,issue_date,tp
238,due_date,tp
238,tax_point_date,tp
238,amount_ex_vat,tp
238,amount_inc_vat,tp
238,consumption_high_tariff,tp
238,consumption_low_tariff,tp
238,total_consumption,fn
239,invoice_number,tp
239,period_from,tp
239,period_to,tp
239,issue_date,fn
239,due_date,fn
239,tax_point_date,fn
239,amount_ex_vat,fp
239,amount_inc_vat,tp
239,consumption_high_tariff,tp
239,consumption_low_tariff,tp
239,total_consumption,fn
240,invoice_number,tp
240,period_from,tp
240,period_to,tp
240,issue_date,tp
240,due_date,tp
240,tax_point_date,tp
240,amount_ex_vat,tp
240,amount_inc_vat,tp
240,consumption_high_tariff,tp
240,consumption_low_tariff,tp
240,total_consumption,fn
241,invoice_number,tp
241,period_from,tp
241,period_to,tp
241,issue_date,tp
241,due_date,tp
241,tax_point_date,fp
241,amount_ex_vat,fp
241,amount_inc_vat,tp
241,consumption_high_tariff,tp
241,consumption_low_tariff,tp
241,total_consumption,tp
242,invoice_number,tp
242,period_from,tp
242,period_to,tp
242,issue_date,tp
242,due_date,fp
242,tax_point_date,fp
242,amount_ex_vat,tp
242,amount_inc_vat,tp
242,consumption_high_tariff,tp
242,consumption_low_tariff,tp
242,total_consumption,tp
243,invoice_number,tp
243,period_from,tp
243,period_to,tp
243,issue_date,tp
243,due_date,tp
243,tax_point_date,fp
243,amount_ex_vat,fp
243,amount_inc_vat,fp
243,consumption_high_tariff,tp
243,consumption_low_tariff,tp
243,total_consumption,tp
244,invoice_number,tp
244,period_from,tp
244,period_to,tp
244,issue_date,tp
244,due_date,tp
244,tax_point_date,tp
244,amount_ex_vat,fp
244,amount_inc_vat,tp
244,consumption_high_tariff,tp
244,consumption_low_tariff,tp
244,total_consumption,fn
245,invoice_number,tp
245,period_from,tp
245,period_to,tp
245,issue_date,tp
245,due_date,tp
245,tax_point_date,fp
245,amount_ex_vat,tp
245,amount_inc_vat,tp
245,consumption_high_tariff,tp
245,consumption_low_tariff,tp
245,total_consumption,fn
246,invoice_number,tp
246,period_from,tp
246,period_to,tp
246,issue_date,tp
246,due_date,tp
246,tax_point_date,tp
246,amount_ex_vat,tp
246,amount_inc_vat,fp
246,consumption_high_tariff,tp
246,consumption_low_tariff,tp
246,total_consumption,fn
247,invoice_number,tp
247,period_from,tp
247,period_to,tp
247,issue_date,tp
247,due_date,tp
247,tax_point_date,tp
247,amount_ex_vat,tp
247,amount_inc_vat,tp
247,consumption_high_tariff,tp
247,consumption_low_tariff,tp
247,total_consumption,fn
248,invoice_number,tp
248,period_from,tp
248,period_to,tp
248,issue_date,tp
248,due_date,tp
248,tax_point_date,tp
248,amount_ex_vat,tp
248,amount_inc_vat,tp
248,consumption_high_tariff,tp
248,consumption_low_tariff,tp
248,total_consumption,fn
249,invoice_number,tp
249,period_from,tp
249,period_to,tp
249,issue_date,tp
249,due_date,tp
249,tax_point_date,tp
249,amount_ex_vat,tp
249,amount_inc_vat,tp
249,consumption_high_tariff,tp
249,consumption_low_tariff,tp
249,total_consumption,fn
250,invoice_number,tp
250,period_from,tp
250,period_to,tp
250,issue_date,fn
250,due_date,fp
250,tax_point_date,tp
250,amount_ex_vat,tp
250,amount_inc_vat,tp
250,consumption_high_tariff,tp
250,consumption_low_tariff,tp
250,total_consumption,tp
251,invoice_number,tp
251,period_from,tp
251,period_to,tp
251,issue_date,tp
251,due_date,fp
251,tax_point_date,tp
251,amount_ex_vat,tp
251,amount_inc_vat,tp
251,consumption_high_tariff,tp
251,consumption_low_tariff,tp
251,total_consumption,tp
252,invoice_number,tp
252,period_from,tp
252,period_to,tp
252,issue_date,fn
252,due_date,fp
252,tax_point_date,tp
252,amount_ex_vat,tp
252,amount_inc_vat,tp
252,consumption_high_tariff,tp
252,consumption_low_tariff,tp
252,total_consumption,tp
253,invoice_number,tp
253,period_from,tp
253,period_to,tp
253,issue_date,fn
253,due_date,fp
253,tax_point_date,tp
253,amount_ex_vat,tp
253,amount_inc_vat,fp
253,consumption_high_tariff,tp
253,consumption_low_tariff,tp
253,total_consumption,tp
254,invoice_number,tp
254,period_from,tp
254,period_to,tp
254,issue_date,fn
254,due_date,fp
254,tax_point_date,tp
254,amount_ex_vat,tp
254,amount_inc_vat,tp
254,consumption_high_tariff,tp
254,consumption_low_tariff,tp
254,total_consumption,tp
255,invoice_number,tp
255,period_from,tp
255,period_to,tp
255,issue_date,fn
255,due_date,tp
255,tax_point_date,tp
255,amount_ex_vat,tp
255,amount_inc_vat,tp
255,consumption_high_tariff,tp
255,consumption_low_tariff,tp
255,total_consumption,fn
256,invoice_number,tp
256,period_from,tp
256,period_to,tp
256,issue_date,tp
256,due_date,tp
256,tax_point_date,tp
256,amount_ex_vat,tp
256,amount_inc_vat,tp
256,consumption_high_tariff,tp
256,consumption_low_tariff,tp
256,total_consumption,tp
257,invoice_number,tp
257,period_from,tp
257,period_to,tp
257,issue_date,tp
257,due_date,tp
257,tax_point_date,tp
257,amount_ex_vat,tp
257,amount_inc_vat,tp
257,consumption_high_tariff,tp
257,consumption_low_tariff,tp
257,total_consumption,tp
258,invoice_number,tp
258,period_from,tp
258,period_to,tp
258,issue_date,fn
258,due_date,tp
258,tax_point_date,tp
258,amount_ex_vat,tp
258,amount_inc_vat,fp
258,consumption_high_tariff,tp
258,consumption_low_tariff,tp
258,total_consumption,fn
259,invoice_number,tp
259,issue_date,fp
259,amount_inc_vat,fp
259,consumption_high_tariff,fp
259,consumption_low_tariff,tp
259,total_consumption,fp
260,invoice_number,tp
260,period_from,tp
260,period_to,tp
260,issue_date,tp
260,due_date,tp
260,tax_point_date,tp
260,amount_ex_vat,tp
260,amount_inc_vat,tp
260,consumption_high_tariff,fp
260,consumption_low_tariff,fp
260,total_consumption,fp
261,invoice_number,tp
261,period_from,tp
261,period_to,tp
261,issue_date,tp
261,due_date,tp
261,tax_point_date,tp
261,amount_ex_vat,tp
261,amount_inc_vat,fp
261,consumption_high_tariff,fp
261,consumption_low_tariff,fp
261,total_consumption,fp
262,invoice_number,tp
262,period_from,tp
262,period_to,tp
262,issue_date,tp
262,due_date,tp
262,tax_point_date,tp
262,amount_ex_vat,tp
262,amount_inc_vat,fp
262,consumption_high_tariff,fp
262,consumption_low_tariff,fp
262,total_consumption,fp
263,invoice_number,tp
263,period_from,tp
263,period_to,tp
263,issue_date,tp
263,due_date,tp
263,tax_point_date,tp
263,amount_ex_vat,tp
263,amount_inc_vat,fp
263,consumption_high_tariff,fp
263,consumption_low_tariff,fp
263,total_consumption,fn
264,invoice_number,tp
264,period_from,tp
264,period_to,tp
264,issue_date,tp
264,due_date,tp
264,tax_point_date,tp
264,amount_ex_vat,tp
264,amount_inc_vat,tp
264,consumption_high_tariff,fp
264,consumption_low_tariff,tp
264,total_consumption,fp
265,invoice_number,tp
265,period_from,tp
265,period_to,tp
265,issue_date,tp
265,due_date,tp
265,tax_point_date,tp
265,amount_ex_vat,tp
265,amount_inc_vat,fp
265,consumption_high_tariff,fp
265,consumption_low_tariff,fp
265,total_consumption,fp
266,invoice_number,tp
266,period_from,tp
266,period_to,tp
266,issue_date,tp
266,due_date,tp
266,tax_point_date,tp
266,amount_ex_vat,tp
266,amount_inc_vat,tp
266,consumption_high_tariff,fp
266,consumption_low_tariff,fp
266,total_consumption,fp
267,invoice_number,tp
267,period_from,tp
267,period_to,tp
267,issue_date,tp
267,due_date,tp
267,tax_point_date,tp
267,amount_ex_vat,tp
267,amount_inc_vat,tp
267,consumption_high_tariff,fp
267,consumption_low_tariff,tp
267,total_consumption,fn
268,invoice_number,tp
268,period_from,tp
268,period_to,tp
268,issue_date,tp
268,due_date,tp
268,tax_point_date,tp
268,amount_ex_vat,tp
268,amount_inc_vat,tp
268,consumption_high_tariff,fp
268,consumption_low_tariff,tp
268,total_consumption,fp
269,invoice_number,tp
269,period_from,tp
269,period_to,tp
269,issue_date,tp
269,due_date,tp
269,tax_point_date,tp
269,amount_ex_vat,tp
269,amount_inc_vat,tp
269,consumption_high_tariff,fp
269,consumption_low_tariff,fp
269,total_consumption,fp
270,invoice_number,tp
270,period_from,tp
270,period_to,tp
270,issue_date,tp
270,due_date,tp
270,tax_point_date,tp
270,amount_ex_vat,tp
270,amount_inc_vat,tp
270,consumption_high_tariff,fp
270,consumption_low_tariff,tp
270,total_consumption,fp
271,invoice_number,tp
271,period_from,tp
271,period_to,tp
271,issue_date,tp
271,due_date,tp
271,tax_point_date,tp
271,amount_ex_vat,tp
271,amount_inc_vat,tp
271,consumption_high_tariff,fp
271,consumption_low_tariff,tp
271,total_consumption,fp
272,invoice_number,tp
272,period_from,tp
272,period_to,tp
272,issue_date,tp
272,due_date,tp
272,tax_point_date,tp
272,amount_ex_vat,tp
272,amount_inc_vat,fp
272,consumption_high_tariff,fp
272,consumption_low_tariff,tp
272,total_consumption,fp
273,invoice_number,tp
273,period_from,tp
273,period_to,tp
273,issue_date,tp
273,due_date,tp
273,tax_point_date,tp
273,amount_ex_vat,tp
273,amount_inc_vat,fp
273,consumption_high_tariff,fp
273,consumption_low_tariff,tp
273,total_consumption,fp
274,invoice_number,tp
274,period_from,tp
274,period_to,tp
274,issue_date,tp
274,due_date,tp
274,tax_point_date,tp
274,amount_ex_vat,tp
274,amount_inc_vat,fp
274,consumption_high_tariff,fp
274,consumption_low_tariff,tp
274,total_consumption,fp
275,invoice_number,tp
275,period_from,tp
275,period_to,tp
275,issue_date,tp
275,due_date,tp
275,tax_point_date,tp
275,amount_ex_vat,tp
275,amount_inc_vat,fp
275,consumption_high_tariff,fp
275,consumption_low_tariff,fp
275,total_consumption,fp
276,invoice_number,tp
276,period_from,tp
276,period_to,tp
276,issue_date,tp
276,due_date,tp
276,tax_point_date,tp
276,amount_ex_vat,tp
276,amount_inc_vat,fp
276,consumption_high_tariff,fp
276,consumption_low_tariff,tp
276,total_consumption,fp
277,invoice_number,tp
277,period_from,tp
277,period_to,tp
277,issue_date,tp
277,due_date,tp
277,tax_point_date,tp
277,amount_ex_vat,tp
277,amount_inc_vat,fp
277,consumption_high_tariff,fp
277,consumption_low_tariff,tp
277,total_consumption,fp
278,invoice_number,tp
278,period_from,tp
278,period_to,tp
278,issue_date,tp
278,due_date,tp
278,tax_point_date,tp
278,amount_ex_vat,tp
278,amount_inc_vat,fp
278,consumption_high_tariff,fp
278,consumption_low_tariff,fp
278,total_consumption,fp
279,invoice_number,tp
279,period_from,tp
279,period_to,tp
279,issue_date,tp
279,due_date,tp
279,tax_point_date,tp
279,amount_ex_vat,tp
279,amount_inc_vat,tp
279,consumption_high_tariff,fp
279,consumption_low_tariff,fp
279,total_consumption,fp
280,invoice_number,tp
280,period_from,tp
280,period_to,tp
280,issue_date,tp
280,due_date,tp
280,tax_point_date,tp
280,amount_ex_vat,tp
280,amount_inc_vat,tp
280,consumption_high_tariff,fp
280,consumption_low_tariff,fp
280,total_consumption,fp
281,invoice_number,tp
281,period_from,tp
281,period_to,tp
281,issue_date,tp
281,due_date,tp
281,tax_point_date,tp
281,amount_ex_vat,tp
281,amount_inc_vat,tp
281,consumption_high_tariff,fp
281,consumption_low_tariff,fp
281,total_consumption,fp
282,invoice_number,tp
282,period_from,tp
282,period_to,tp
282,issue_date,tp
282,due_date,tp
282,tax_point_date,tp
282,amount_ex_vat,tp
282,amount_inc_vat,fp
282,consumption_high_tariff,fp
282,consumption_low_tariff,fp
282,total_consumption,fp
283,invoice_number,tp
283,period_from,tp
283,period_to,tp
283,issue_date,tp
283,due_date,tp
283,tax_point_date,tp
283,amount_ex_vat,tp
283,amount_inc_vat,tp
283,consumption_high_tariff,fp
283,consumption_low_tariff,tp
283,total_consumption,fp
284,invoice_number,tp
284,period_from,tp
284,period_to,tp
284,issue_date,tp
284,due_date,tp
284,tax_point_date,tp
284,amount_ex_vat,tp
284,amount_inc_vat,fp
284,consumption_high_tariff,fp
284,consumption_low_tariff,tp
284,total_consumption,fp
285,invoice_number,tp
285,period_from,tp
285,period_to,tp
285,issue_date,tp
285,due_date,tp
285,tax_point_date,tp
285,amount_ex_vat,tp
285,amount_inc_vat,fp
285,consumption_high_tariff,fp
285,consumption_low_tariff,fp
285,total_consumption,fp
286,invoice_number,tp
286,period_from,tp
286,period_to,tp
286,issue_date,tp
286,due_date,tp
286,tax_point_date,tp
286,amount_ex_vat,tp
286,amount_inc_vat,tp
286,consumption_high_tariff,fp
286,consumption_low_tariff,tp
286,total_consumption,fp
287,invoice_number,tp
287,period_from,tp
287,period_to,tp
287,issue_date,tp
287,due_date,tp
287,tax_point_date,tp
287,amount_ex_vat,tp
287,amount_inc_vat,tp
287,consumption_high_tariff,fp
287,consumption_low_tariff,tp
287,total_consumption,fn
288,invoice_number,tp
288,period_from,tp
288,period_to,tp
288,issue_date,tp
288,due_date,tp
288,tax_point_date,tp
288,amount_ex_vat,tp
288,amount_inc_vat,fp
288,consumption_high_tariff,fp
288,consumption_low_tariff,fp
288,total_consumption,fn
289,invoice_number,tp
289,period_from,tp
289,period_to,tp
289,issue_date,tp
289,due_date,tp
289,tax_point_date,tp
289,amount_ex_vat,tp
289,amount_inc_vat,fp
289,consumption_high_tariff,fp
289,consumption_low_tariff,tp
289,total_consumption,fp
290,invoice_number,tp
290,period_from,tp
290,period_to,tp
290,issue_date,tp
290,due_date,tp
290,tax_point_date,fn
290,amount_ex_vat,fp
290,amount_inc_vat,fp
290,consumption_high_tariff,fp
290,consumption_low_tariff,fp
290,total_consumption,fp
291,invoice_number,tp
291,period_from,tp
291,period_to,tp
291,issue_date,fp
291,due_date,fn
291,tax_point_date,fn
291,amount_ex_vat,tp
291,amount_inc_vat,fp
291,consumption_high_tariff,fp
291,consumption_low_tariff,tp
291,total_consumption,fn
292,invoice_number,tp
292,period_from,tp
292,period_to,tp
292,issue_date,fp
292,due_date,fp
292,tax_point_date,tp
292,amount_ex_vat,tp
292,amount_inc_vat,fp
292,consumption_high_tariff,fp
292,consumption_low_tariff,fp
292,total_consumption,fn
293,invoice_number,tp
293,period_from,tp
293,period_to,tp
293,issue_date,fn
293,due_date,fn
293,tax_point_date,fn
293,amount_ex_vat,tp
293,amount_inc_vat,tp
293,consumption_high_tariff,fp
293,consumption_low_tariff,tp
293,total_consumption,fn
294,invoice_number,fp
294,period_from,tp
294,period_to,tp
294,issue_date,tp
294,due_date,fn
294,tax_point_date,tp
294,amount_ex_vat,tp
294,amount_inc_vat,tp
294,consumption_high_tariff,fp
294,consumption_low_tariff,fp
294,total_consumption,fp
295,invoice_number,tp
295,period_from,tp
295,period_to,tp
295,issue_date,tp
295,due_date,tp
295,tax_point_date,tp
295,amount_ex_vat,fp
295,amount_inc_vat,fp
295,consumption_high_tariff,fp
295,consumption_low_tariff,tp
295,total_consumption,fp
296,invoice_number,tp
296,period_from,tp
296,period_to,tp
296,issue_date,tp
296,due_date,tp
296,tax_point_date,tp
296,amount_ex_vat,tp
296,amount_inc_vat,fp
296,consumption_high_tariff,fp
296,consumption_low_tariff,fp
296,total_consumption,fp
297,invoice_number,tp
297,period_from,tp
297,period_to,tp
297,issue_date,tp
297,due_date,tp
297,tax_point_date,fp
297,amount_ex_vat,fp
297,amount_inc_vat,tp
297,consumption_high_tariff,fp
297,consumption_low_tariff,fp
297,total_consumption,fn
298,invoice_number,fp
298,period_from,tp
298,period_to,tp
298,issue_date,fn
298,due_date,fn
298,tax_point_date,fn
298,amount_ex_vat,fp
298,amount_inc_vat,fp
298,consumption_high_tariff,fp
298,consumption_low_tariff,fp
298,total_consumption,fn
299,invoice_number,tp
299,period_from,tp
299,period_to,tp
299,issue_date,tp
299,due_date,tp
299,tax_point_date,tp
299,amount_ex_vat,tp
299,amount_inc_vat,tp
299,consumption_high_tariff,fp
299,consumption_low_tariff,fp
299,total_consumption,fp
300,invoice_number,tp
300,period_from,tp
300,period_to,tp
300,issue_date,tp
300,due_date,tp
300,tax_point_date,fp
300,amount_ex_vat,tp
300,amount_inc_vat,fp
300,consumption_high_tariff,fp
300,consumption_low_tariff,fp
300,total_consumption,fn
301,invoice_number,fp
301,period_from,tp
301,period_to,fp
301,issue_date,tp
301,due_date,fn
301,tax_point_date,fp
301,amount_ex_vat,fp
301,amount_inc_vat,fp
301,consumption_high_tariff,fp
301,consumption_low_tariff,fn
301,total_consumption,fn
302,invoice_number,tp
302,period_from,tp
302,period_to,tp
302,issue_date,tp
302,due_date,fp
302,tax_point_date,fn
302,amount_ex_vat,fp
302,amount_inc_vat,fp
302,consumption_high_tariff,fp
302,consumption_low_tariff,tp
302,total_consumption,fp
303,invoice_number,tp
303,period_from,tp
303,period_to,tp
303,issue_date,tp
303,due_date,tp
303,tax_point_date,fp
303,amount_ex_vat,fp
303,amount_inc_vat,tp
303,consumption_high_tariff,fp
303,consumption_low_tariff,tp
303,total_consumption,fp
304,invoice_number,tp
304,period_from,tp
304,period_to,tp
304,issue_date,tp
304,due_date,tp
304,tax_point_date,fp
304,amount_ex_vat,tp
304,amount_inc_vat,tp
304,consumption_high_tariff,fp
304,consumption_low_tariff,tp
304,total_consumption,fp
305,invoice_number,tp
305,period_from,tp
305,period_to,tp
305,issue_date,tp
305,due_date,tp
305,tax_point_date,fn
305,amount_ex_vat,tp
305,amount_inc_vat,fp
305,consumption_high_tariff,fp
305,consumption_low_tariff,tp
305,total_consumption,fp
306,invoice_number,tp
306,period_from,tp
306,period_to,tp
306,issue_date,tp
306,due_date,tp
306,tax_point_date,tp
306,amount_ex_vat,tp
306,amount_inc_vat,tp
306,consumption_high_tariff,fp
306,consumption_low_tariff,fp
306,total_consumption,fp
307,invoice_number,tp
307,period_from,tp
307,period_to,tp
307,issue_date,tp
307,due_date,tp
307,tax_point_date,tp
307,amount_ex_vat,tp
307,amount_inc_vat,tp
307,consumption_high_tariff,fp
307,consumption_low_tariff,fp
307,total_consumption,fp
308,invoice_number,tp
308,period_from,tp
308,period_to,tp
308,issue_date,tp
308,due_date,tp
308,tax_point_date,tp
308,amount_ex_vat,tp
308,amount_inc_vat,tp
308,consumption_high_tariff,fp
308,consumption_low_tariff,fp
308,total_consumption,fn
309,invoice_number,tp
309,period_from,tp
309,period_to,tp
309,issue_date,tp
309,due_date,tp
309,tax_point_date,tp
309,amount_ex_vat,tp
309,amount_inc_vat,fp
309,consumption_high_tariff,fp
309,consumption_low_tariff,fp
309,total_consumption,fn
310,invoice_number,tp
310,period_from,tp
310,period_to,tp
310,issue_date,tp
310,due_date,tp
310,tax_point_date,tp
310,amount_ex_vat,tp
310,amount_inc_vat,fp
310,consumption_high_tariff,fp
310,consumption_low_tariff,fp
310,total_consumption,fp
311,invoice_number,fp
311,period_from,tp
311,period_to,tp
311,issue_date,tp
311,due_date,tp
311,tax_point_date,tp
311,amount_ex_vat,fp
311,amount_inc_vat,tp
311,consumption_high_tariff,fp
311,consumption_low_tariff,fp
311,total_consumption,fn
312,invoice_number,tp
312,period_from,tp
312,period_to,tp
312,issue_date,tp
312,due_date,tp
312,tax_point_date,tp
312,amount_ex_vat,fp
312,amount_inc_vat,tp
312,consumption_high_tariff,fp
312,consumption_low_tariff,fp
312,total_consumption,fn
313,invoice_number,fp
313,period_from,tp
313,period_to,tp
313,issue_date,tp
313,due_date,tp
313,tax_point_date,tp
313,amount_ex_vat,tp
313,amount_inc_vat,fp
313,consumption_high_tariff,fp
313,consumption_low_tariff,fp
313,total_consumption,fn
314,invoice_number,tp
314,period_from,tp
314,period_to,tp
314,issue_date,tp
314,due_date,tp
314,tax_point_date,fp
314,amount_ex_vat,fp
314,amount_inc_vat,tp
314,consumption_high_tariff,fp
314,consumption_low_tariff,fp
314,total_consumption,fn
315,invoice_number,fp
315,period_from,tp
315,period_to,tp
315,issue_date,tp
315,due_date,tp
315,tax_point_date,fp
315,amount_ex_vat,tp
315,amount_inc_vat,fp
315,consumption_high_tariff,fp
315,consumption_low_tariff,tp
315,total_consumption,fn
316,invoice_number,fp
316,period_from,tp
316,period_to,tp
316,issue_date,fp
316,due_date,tp
316,tax_point_date,fp
316,amount_ex_vat,tp
316,amount_inc_vat,fp
316,consumption_high_tariff,fp
316,consumption_low_tariff,tp
316,total_consumption,fn
317,invoice_number,tp
317,period_from,tp
317,period_to,tp
317,issue_date,tp
317,due_date,tp
317,tax_point_date,fp
317,amount_ex_vat,tp
317,amount_inc_vat,fp
317,consumption_high_tariff,fp
317,consumption_low_tariff,tp
317,total_consumption,fn
318,invoice_number,fp
318,period_from,tp
318,period_to,tp
318,issue_date,fp
318,due_date,fp
318,tax_point_date,fp
318,amount_ex_vat,tp
318,amount_inc_vat,fp
318,consumption_high_tariff,fp
318,consumption_low_tariff,tp
318,total_consumption,fp
319,invoice_number,tp
319,period_from,tp
319,period_to,tp
319,issue_date,tp
319,due_date,tp
319,tax_point_date,fp
319,amount_ex_vat,tp
319,amount_inc_vat,tp
319,consumption_high_tariff,fp
319,consumption_low_tariff,tp
319,total_consumption,fp
320,invoice_number,fp
320,period_from,tp
320,period_to,tp
320,consumption_point_code,tp
320,supply_consumption,tp
320,supply_charge,fp
320,supply_tax_charge,tp
320,quarter_hour_max,fp
320,annual_reserved_capacity,fp
320,annual_reserved_capacity_charge,fp
320,monthly_reserved_capacity,fp
320,monthly_reserved_capacity_charge,fp
320,grid_usage_rate,fn
320,grid_usage_charge,fp
320,reserved_capacity_excess,tp
320,reserved_capacity_excess_rate,tp
320,power_factor,tp
320,reactive_power_quantity,fp
320,reactive_power_rate,fn
320,reactive_power_charge,fp
320,service_price,tp
320,operating_price,fp
320,renewable_energy_fee,tp
321,invoice_number,fp
321,period_from,tp
321,period_to,tp
321,consumption_point_code,fn
321,supply_consumption,tp
321,supply_charge,fp
321,supply_tax_charge,tp
321,quarter_hour_max,fn
321,annual_reserved_capacity,tp
321,annual_reserved_capacity_charge,fp
321,monthly_reserved_capacity,tp
321,monthly_reserved_capacity_charge,fp
321,grid_usage_rate,fn
321,grid_usage_charge,fp
321,reserved_capacity_excess,tp
321,reserved_capacity_excess_rate,tp
321,power_factor,tp
321,reactive_power_quantity,tp
321,reactive_power_rate,fp
321,reactive_power_charge,tp
321,service_price,fp
321,operating_price,tp
321,renewable_energy_fee,fp
322,invoice_number,tp
322,period_from,tp
322,period_to,tp
322,issue_date,tp
322,due_date,tp
322,consumption_point_code,tp
322,supply_consumption,tp
322,supply_tax_charge,fn
323,invoice_number,fp
323,period_from,tp
323,period_to,tp
323,consumption_point_code,fn
323,supply_consumption,tp
323,supply_charge,tp
323,supply_tax_charge,fn
323,quarter_hour_max,tp
323,annual_reserved_capacity,tp
323,annual_reserved_capacity_charge,tp
323,monthly_reserved_capacity,tp
323,monthly_reserved_capacity_charge,tp
323,grid_usage_rate,fn
323,grid_usage_charge,fp
323,reserved_capacity_excess,tp
323,reserved_capacity_excess_rate,fn
323,power_factor,fp
323,reactive_power_quantity,tp
323,reactive_power_rate,tp
323,reactive_power_charge,tp
323,service_price,fp
323,operating_price,fp
323,renewable_energy_fee,tp
324,invoice_number,fp
324,period_from,tp
324,period_to,tp
324,consumption_point_code,fp
324,supply_consumption,tp
324,supply_charge,fp
324,supply_tax_charge,tp
324,quarter_hour_max,tp
324,annual_reserved_capacity,tp
324,annual_reserved_capacity_charge,fp
324,monthly_reserved_capacity,fp
324,monthly_reserved_capacity_charge,tp
324,grid_usage_rate,fp
324,grid_usage_charge,fp
324,reserved_capacity_excess,tp
324,reserved_capacity_excess_rate,fp
324,power_factor,fp
324,reactive_power_quantity,tp
324,reactive_power_rate,tp
324,reactive_power_charge,tp
324,service_price,fp
324,operating_price,fp
324,renewable_energy_fee,fp
325,invoice_number,fp
325,period_from,tp
325,period_to,tp
325,consumption_point_code,tp
325,supply_consumption,tp
325,supply_charge,fp
325,supply_tax_charge,tp
325,quarter_hour_max,tp
325,annual_reserved_capacity,tp
325,annual_reserved_capacity_charge,fn
325,monthly_reserved_capacity,tp
325,monthly_reserved_capacity_charge,tp
325,grid_usage_rate,fn
325,grid_usage_charge,fn
325,reserved_capacity_excess,tp
325,reserved_capacity_excess_rate,tp
325,power_factor,tp
325,reactive_power_quantity,tp
325,reactive_power_rate,fn
325,reactive_power_charge,tp
325,service_price,tp
325,operating_price,fn
325,renewable_energy_fee,tp
326,invoice_number,fp
326,period_from,tp
326,period_to,tp
326,consumption_point_code,tp
326,supply_consumption,tp
326,supply_charge,fp
326,supply_tax_charge,tp
326,quarter_hour_max,tp
326,annual_reserved_capacity,tp
326,annual_reserved_capacity_charge,fn
326,monthly_reserved_capacity,tp
326,monthly_reserved_capacity_charge,tp
326,grid_usage_rate,fn
326,grid_usage_charge,fp
326,reserved_capacity_excess,tp
326,reserved_capacity_excess_rate,tp
326,power_factor,tp
326,reactive_power_quantity,tp
326,reactive_power_rate,tp
326,reactive_power_charge,tp
326,service_price,fp
326,operating_price,tp
326,renewable_energy_fee,tp
327,invoice_number,fp
327,period_from,tp
327,period_to,tp
327,consumption_point_code,tp
327,supply_consumption,tp
327,supply_charge,fp
327,supply_tax_charge,tp
327,quarter_hour_max,tp
327,annual_reserved_capacity,fp
327,annual_reserved_capacity_charge,tp
327,monthly_reserved_capacity,tp
327,monthly_reserved_capacity_charge,tp
327,grid_usage_rate,tp
327,grid_usage_charge,tp
327,reserved_capacity_excess,tp
327,reserved_capacity_excess_rate,tp
327,power_factor,fp
327,reactive_power_quantity,tp
327,reactive_power_rate,tp
327,reactive_power_charge,tp
327,service_price,tp
327,operating_price,tp
327,renewable_energy_fee,fp
328,invoice_number,fp
328,period_from,tp
328,period_to,tp
328,issue_date,tp
328,due_date,tp
328,consumption_point_code,tp
328,supply_consumption,tp
328,supply_tax_charge,fn
329,invoice_number,fp
329,period_from,tp
329,period_to,tp
329,issue_date,tp
329,due_date,tp
329,consumption_point_code,fp
329,supply_consumption,tp
329,supply_tax_charge,fp
330,invoice_number,tp
330,period_from,tp
330,period_to,tp
330,issue_date,tp
330,due_date,tp
330,consumption_point_code,fp
330,supply_consumption,tp
330,supply_tax_charge,fn
331,invoice_number,fp
331,period_from,tp
331,period_to,tp
331,consumption_point_code,tp
331,supply_consumption,tp
331,supply_charge,fp
331,supply_tax_charge,fn
331,quarter_hour_max,fp
331,annual_reserved_capacity,fp
331,annual_reserved_capacity_charge,fp
331,monthly_reserved_capacity,fp
331,monthly_reserved_capacity_charge,fp
331,grid_usage_rate,fn
331,grid_usage_charge,fp
331,reserved_capacity_excess,tp
331,reserved_capacity_excess_rate,tp
331,power_factor,fn
331,reactive_power_quantity,fn
331,reactive_power_rate,fn
331,reactive_power_charge,tp
331,service_price,fp
331,operating_price,fp
331,renewable_energy_fee,fp
332,invoice_number,tp
332,period_from,tp
332,period_to,tp
332,consumption_point_code,tp
332,supply_consumption,tp
332,supply_charge,fp
332,supply_tax_charge,fn
332,quarter_hour_max,fp
332,annual_reserved_capacity,fp
332,annual_reserved_capacity_charge,fp
332,monthly_reserved_capacity,fp
332,monthly_reserved_capacity_charge,fp
332,grid_usage_rate,fn
332,grid_usage_charge,fp
332,reserved_capacity_excess,fn
332,reserved_capacity_excess_rate,fn
332,power_factor,tp
332,reactive_power_quantity,tp
332,reactive_power_rate,tp
332,reactive_power_charge,tp
332,service_price,fp
332,operating_price,fp
332,renewable_energy_fee,fp
333,invoice_number,tp
333,period_from,tp
333,period_to,tp
333,consumption_point_code,fp
333,supply_consumption,tp
333,supply_charge,fp
333,supply_tax_charge,fn
333,quarter_hour_max,tp
333,annual_reserved_capacity,fp
333,annual_reserved_capacity_charge,fn
333,monthly_reserved_capacity,tp
333,monthly_reserved_capacity_charge,tp
333,grid_usage_rate,fn
333,grid_usage_charge,fn
333,reserved_capacity_excess,fn
333,reserved_capacity_excess_rate,fn
333,power_factor,fn
333,reactive_power_quantity,fp
333,reactive_power_rate,fn
333,reactive_power_charge,fp
333,service_price,fp
333,operating_price,fp
333,renewable_energy_fee,fp
334,invoice_number,fp
334,period_from,tp
334,period_to,tp
334,consumption_point_code,tp
334,supply_consumption,tp
334,supply_charge,fp
334,supply_tax_charge,fp
334,quarter_hour_max,fp
334,annual_reserved_capacity,fn
334,annual_reserved_capacity_charge,fn
334,monthly_reserved_capacity,fp
334,monthly_reserved_capacity_charge,fp
334,grid_usage_rate,fn
334,grid_usage_charge,fp
334,reserved_capacity_excess,tp
334,reserved_capacity_excess_rate,tp
334,power_factor,fp
334,reactive_power_quantity,fp
334,reactive_power_rate,fn
334,reactive_power_charge,fp
334,service_price,fp
334,operating_price,fp
334,renewable_energy_fee,fp
335,invoice_number,tp
335,period_from,tp
335,period_to,tp
335,consumption_point_code,tp
335,supply_consumption,tp
335,supply_charge,fp
335,supply_tax_charge,tp
335,quarter_hour_max,tp
335,annual_reserved_capacity,tp
335,annual_reserved_capacity_charge,fp
335,monthly_reserved_capacity,tp
335,monthly_reserved_capacity_charge,fp
335,grid_usage_rate,fn
335,grid_usage_charge,fp
335,reserved_capacity_excess,tp
335,reserved_capacity_excess_rate,tp
335,power_factor,fp
335,reactive_power_quantity,tp
335,reactive_power_rate,tp
335,reactive_power_charge,tp
335,service_price,fp
335,operating_price,fp
335,renewable_energy_fee,fp
336,invoice_number,tp
336,period_from,tp
336,period_to,tp
336,issue_date,tp
336,due_date,tp
336,consumption_point_code,fp
336,supply_consumption,tp
336,supply_tax_charge,fn
337,invoice_number,fp
337,period_from,tp
337,period_to,tp
337,consumption_point_code,tp
337,supply_consumption,tp
337,supply_charge,fp
337,supply_tax_charge,fn
337,quarter_hour_max,fn
337,annual_reserved_capacity,fn
337,annual_reserved_capacity_charge,fn
337,monthly_reserved_capacity,tp
337,monthly_reserved_capacity_charge,tp
337,grid_usage_rate,fn
337,grid_usage_charge,fn
337,reserved_capacity_excess,tp
337,reserved_capacity_excess_rate,tp
337,power_factor,fn
337,reactive_power_quantity,tp
337,reactive_power_rate,tp
337,reactive_power_charge,tp
337,service_price,fn
337,operating_price,fn
337,renewable_energy_fee,fn
338,invoice_number,tp
338,period_from,tp
338,period_to,tp
338,consumption_point_code,tp
338,supply_consumption,tp
338,supply_charge,tp
338,supply_tax_charge,fn
338,quarter_hour_max,tp
338,annual_reserved_capacity,tp
338,annual_reserved_capacity_charge,fn
338,monthly_reserved_capacity,tp
338,monthly_reserved_capacity_charge,tp
338,grid_usage_rate,fn
338,grid_usage_charge,fn
338,reserved_capacity_excess,tp
338,reserved_capacity_excess_rate,tp
338,power_factor,fp
338,reactive_power_quantity,tp
338,reactive_power_rate,tp
338,reactive_power_charge,tp
338,service_price,fn
338,operating_price,fn
338,renewable_energy_fee,fn
339,invoice_number,tp
339,period_from,tp
339,period_to,tp
339,consumption_point_code,fp
339,supply_consumption,tp
339,supply_charge,fp
339,supply_tax_charge,fn
339,quarter_hour_max,fn
339,annual_reserved_capacity,tp
339,annual_reserved_capacity_charge,fp
339,monthly_reserved_capacity,tp
339,monthly_reserved_capacity_charge,fp
339,grid_usage_rate,fn
339,grid_usage_charge,fp
339,reserved_capacity_excess,tp
339,reserved_capacity_excess_rate,tp
339,power_factor,fn
339,reactive_power_quantity,tp
339,reactive_power_rate,tp
339,reactive_power_charge,tp
339,service_price,fp
339,operating_price,fp
339,renewable_energy_fee,fp
340,invoice_number,tp
340,period_from,tp
340,period_to,tp
340,issue_date,fn
340,due_date,fp
340,tax_point_date,fn
340,consumption_point_code,tp
341,invoice_number,tp
341,period_from,tp
341,period_to,tp
341,issue_date,fn
341,due_date,tp
341,tax_point_date,tp
341,consumption_point_code,tp
342,invoice_number,tp
342,period_from,tp
342,period_to,tp
342,issue_date,fn
342,due_date,fp
342,tax_point_date,fn
342,consumption_point_code,tp
343,invoice_number,tp
343,period_from,tp
343,period_to,tp
343,issue_date,fn
343,due_date,fp
343,tax_point_date,fn
343,consumption_point_code,tp
344,invoice_number,tp
344,period_from,tp
344,period_to,tp
344,issue_date,tp
344,due_date,fp
344,tax_point_date,tp
344,consumption_point_code,tp
345,invoice_number,tp
345,period_from,tp
345,period_to,tp
345,issue_date,fn
345,due_date,fp
345,tax_point_date,tp
345,consumption_point_code,tp
346,invoice_number,tp
346,period_from,tp
346,period_to,tp
346,issue_date,tp
346,due_date,tp
346,tax_point_date,tp
346,consumption_point_code,tp
347,invoice_number,tp
347,period_from,tp
347,period_to,tp
347,issue_date,tp
347,due_date,fp
347,tax_point_date,fp
347,consumption_point_code,tp
348,invoice_number,tp
348,period_from,tp
348,period_to,tp
348,issue_date,tp
348,due_date,fp
348,tax_point_date,fn
348,consumption_point_code,tp
349,invoice_number,tp
349,period_from,tp
349,period_to,tp
349,issue_date,fn
349,due_date,fp
349,tax_point_date,fn
349,consumption_point_code,tp
350,invoice_number,tp
350,period_from,tp
350,period_to,tp
350,issue_date,tp
350,due_date,tp
350,tax_point_date,tp
350,consumption_point_code,fp
351,invoice_number,tp
351,period_from,tp
351,period_to,tp
351,issue_date,fn
351,due_date,fp
351,tax_point_date,fn
351,consumption_point_code,tp
352,invoice_number,tp
352,period_from,tp
352,period_to,tp
352,issue_date,tp
352,due_date,tp
352,tax_point_date,fp
352,consumption_point_code,fp
353,invoice_number,tp
353,period_from,tp
353,period_to,tp
353,issue_date,fn
353,due_date,fp
353,tax_point_date,fn
353,consumption_point_code,tp
354,invoice_number,tp
354,period_from,tp
354,period_to,tp
354,issue_date,tp
354,due_date,fp
354,tax_point_date,tp
354,consumption_point_code,fp
355,invoice_number,tp
355,period_from,tp
355,period_to,tp
355,issue_date,tp
355,due_date,fp
355,tax_point_date,fn
355,consumption_point_code,tp
356,invoice_number,tp
356,period_from,tp
356,period_to,tp
356,issue_date,tp
356,due_date,fn
356,tax_point_date,fn
356,consumption_point_code,fp
357,invoice_number,tp
357,period_from,tp
357,period_to,fp
357,issue_date,fn
357,due_date,tp
357,tax_point_date,fn
357,consumption_point_code,fp
358,invoice_number,tp
358,period_from,tp
358,period_to,tp
358,issue_date,tp
358,due_date,fp
358,tax_point_date,fn
358,consumption_point_code,fp
359,invoice_number,tp
359,period_from,tp
359,period_to,tp
359,issue_date,fn
359,due_date,fp
359,tax_point_date,fn
359,consumption_point_code,fp
360,invoice_number,tp
360,period_from,tp
360,period_to,tp
360,issue_date,tp
360,due_date,tp
360,tax_point_date,tp
360,consumption_point_code,tp
361,invoice_number,tp
361,period_from,tp
361,period_to,tp
361,issue_date,tp
361,due_date,tp
361,tax_point_date,tp
361,consumption_point_code,tp
362,invoice_number,tp
362,period_from,tp
362,period_to,tp
362,issue_date,tp
362,due_date,tp
362,tax_point_date,tp
362,consumption_point_code,tp
363,invoice_number,fp
363,period_from,tp
363,period_to,tp
363,issue_date,tp
363,due_date,tp
363,tax_point_date,fn
363,consumption_point_code,tp
364,invoice_number,tp
364,period_from,tp
364,period_to,tp
364,issue_date,tp
364,due_date,tp
364,tax_point_date,fp
364,consumption_point_code,tp
365,invoice_number,tp
365,period_from,tp
365,period_to,tp
365,issue_date,tp
365,due_date,tp
365,tax_point_date,tp
365,consumption_point_code,tp
365,amount_ex_vat,tp
365,amount_inc_vat,tp
365,supplier_tax_id,tp
365,customer_tax_id,tp
365,conversion_coefficient,tp
365,combustion_heat,tp
365,consumption_mwh,tp
365,consumption_m3,tp
365,gas_tax_total,tp
365,unit_price_commodity,fn
365,commodity_price,tp
365,unit_price_standing_charge,tp
365,standing_charge,fp
365,unit_price_reserved_capacity,fn
365,reserved_capacity_price,fn
365,unit_price_distribution,fn
365,distribution_price,fp
365,market_operator_fee,tp
366,invoice_number,tp
366,period_from,tp
366,period_to,tp
366,issue_date,tp
366,due_date,tp
366,tax_point_date,tp
366,consumption_point_code,fp
366,amount_ex_vat,tp
366,amount_inc_vat,tp
366,supplier_tax_id,tp
366,customer_tax_id,tp
366,conversion_coefficient,tp
366,combustion_heat,tp
366,consumption_mwh,tp
366,consumption_m3,tp
366,gas_tax_total,tp
366,unit_price_commodity,fp
366,commodity_price,fp
366,unit_price_distribution,fn
366,distribution_price,fp
366,market_operator_fee,tp
367,invoice_number,tp
367,period_from,tp
367,period_to,tp
367,issue_date,tp
367,due_date,tp
367,tax_point_date,tp
367,consumption_point_code,tp
367,amount_ex_vat,tp
367,amount_inc_vat,fp
367,supplier_tax_id,tp
367,customer_tax_id,tp
367,conversion_coefficient,tp
367,combustion_heat,tp
367,consumption_mwh,tp
367,consumption_m3,tp
367,gas_tax_total,fp
367,unit_price_commodity,fp
367,commodity_price,fp
367,unit_price_distribution,fp
367,distribution_price,fp
367,market_operator_fee,tp
368,invoice_number,tp
368,period_from,tp
368,period_to,tp
368,issue_date,tp
368,due_date,tp
368,tax_point_date,tp
368,consumption_point_code,fp
368,amount_ex_vat,tp
368,amount_inc_vat,tp
368,supplier_tax_id,tp
368,customer_tax_id,tp
368,conversion_coefficient,tp
368,combustion_heat,tp
368,consumption_mwh,tp
368,consumption_m3,tp
368,gas_tax_total,tp
368,unit_price_commodity,fn
368,commodity_price,fp
368,unit_price_standing_charge,tp
368,standing_charge,tp
368,unit_price_reserved_capacity,fn
368,reserved_capacity_price,fn
368,unit_price_distribution,fn
368,distribution_price,fp
368,market_operator_fee,tp
369,invoice_number,tp
369,period_from,tp
369,period_to,tp
369,issue_date,tp
369,due_date,tp
369,tax_point_date,tp
369,consumption_point_code,fp
369,amount_ex_vat,tp
369,amount_inc_vat,tp
369,supplier_tax_id,tp
369,customer_tax_id,tp
369,conversion_coefficient,tp
369,combustion_heat,tp
369,consumption_mwh,tp
369,consumption_m3,tp
369,gas_tax_total,tp
369,unit_price_commodity,fn
369,commodity_price,fp
369,unit_price_standing_charge,tp
369,standing_charge,tp
369,unit_price_reserved_capacity,fn
369,reserved_capacity_price,fn
369,unit_price_distribution,fn
369,distribution_price,fp
369,market_operator_fee,tp
370,invoice_number,tp
370,period_from,tp
370,period_to,tp
370,issue_date,tp
370,due_date,tp
370,tax_point_date,tp
370,consumption_point_code,fp
370,amount_ex_vat,tp
370,amount_inc_vat,tp
370,supplier_tax_id,tp
370,customer_tax_id,tp
370,conversion_coefficient,tp
370,combustion_heat,tp
370,consumption_mwh,tp
370,consumption_m3,tp
370,gas_tax_total,tp
370,unit_price_commodity,fn
370,commodity_price,fn
370,unit_price_standing_charge,tp
370,standing_charge,tp
370,unit_price_reserved_capacity,fn
370,reserved_capacity_price,fn
370,unit_price_distribution,fn
370,distribution_price,fn
370,market_operator_fee,tp
371,invoice_number,tp
371,period_from,tp
371,period_to,tp
371,issue_date,tp
371,due_date,tp
371,tax_point_date,tp
371,consumption_point_code,tp
371,amount_ex_vat,tp
371,amount_inc_vat,tp
371,supplier_tax_id,tp
371,customer_tax_id,tp
371,conversion_coefficient,tp
371,combustion_heat,tp
371,consumption_mwh,tp
371,consumption_m3,tp
371,gas_tax_total,tp
371,unit_price_commodity,fp
371,commodity_price,fp
371,unit_price_distribution,fn
371,distribution_price,fn
371,market_operator_fee,fn
372,invoice_number,tp
372,period_from,tp
372,period_to,tp
372,issue_date,tp
372,due_date,tp
372,tax_point_date,tp
372,consumption_point_code,fp
372,amount_ex_vat,tp
372,amount_inc_vat,tp
372,supplier_tax_id,tp
372,customer_tax_id,tp
372,conversion_coefficient,tp
372,combustion_heat,tp
372,consumption_mwh,tp
372,consumption_m3,tp
372,gas_tax_total,tp
372,unit_price_commodity,fp
372,commodity_price,fp
372,unit_price_standing_charge,tp
372,standing_charge,tp
372,unit_price_reserved_capacity,fn
372,reserved_capacity_price,fn
372,unit_price_distribution,fn
372,distribution_price,fp
372,market_operator_fee,tp
373,invoice_number,tp
373,period_from,tp
373,period_to,tp
373,issue_date,tp
373,due_date,tp
373,tax_point_date,tp
373,consumption_point_code,tp
373,amount_ex_vat,tp
373,amount_inc_vat,tp
373,supplier_tax_id,tp
373,customer_tax_id,tp
373,conversion_coefficient,tp
373,combustion_heat,tp
373,consumption_mwh,fp
373,consumption_m3,fp
373,gas_tax_total,fp
373,unit_price_commodity,fn
373,commodity_price,fn
373,unit_price_distribution,fn
373,distribution_price,fp
373,market_operator_fee,tp
374,invoice_number,tp
374,period_from,tp
374,period_to,tp
374,issue_date,tp
374,due_date,tp
374,tax_point_date,tp
374,consumption_point_code,fp
374,amount_ex_vat,tp
374,amount_inc_vat,tp
374,supplier_tax_id,tp
374,customer_tax_id,tp
374,conversion_coefficient,tp
374,combustion_heat,tp
374,consumption_mwh,tp
374,consumption_m3,tp
374,gas_tax_total,tp
374,unit_price_commodity,fn
374,commodity_price,fp
374,unit_price_standing_charge,fp
374,standing_charge,fp
374,unit_price_reserved_capacity,fn
374,reserved_capacity_price,fn
374,unit_price_distribution,fn
374,distribution_price,fp
374,market_operator_fee,tp
375,invoice_number,tp
375,period_from,tp
375,period_to,tp
375,issue_date,tp
375,due_date,tp
375,tax_point_date,tp
375,consumption_point_code,tp
375,amount_ex_vat,tp
375,amount_inc_vat,tp
375,supplier_tax_id,tp
375,customer_tax_id,tp
375,conversion_coefficient,tp
375,combustion_heat,tp
375,consumption_mwh,tp
375,consumption_m3,tp
375,gas_tax_total,tp
375,unit_price_commodity,fn
375,commodity_price,fp
375,unit_price_reserved_capacity,fn
375,reserved_capacity_price,fp
375,unit_price_distribution,fn
375,distribution_price,fp
375,market_operator_fee,tp
376,invoice_number,tp
376,period_from,tp
376,period_to,tp
376,issue_date,tp
376,due_date,tp
376,tax_point_date,tp
376,consumption_point_code,fp
376,amount_ex_vat,tp
376,amount_inc_vat,tp
376,supplier_tax_id,tp
376,customer_tax_id,tp
376,conversion_coefficient,fp
376,combustion_heat,tp
376,consumption_mwh,tp
376,consumption_m3,tp
376,gas_tax_total,tp
376,unit_price_commodity,fn
376,commodity_price,tp
376,unit_price_distribution,fn
376,distribution_price,fp
376,market_operator_fee,tp
377,invoice_number,tp
377,period_from,tp
377,period_to,tp
377,issue_date,tp
377,due_date,tp
377,tax_point_date,tp
377,consumption_point_code,tp
377,amount_ex_vat,tp
377,amount_inc_vat,tp
377,supplier_tax_id,tp
377,customer_tax_id,tp
377,conversion_coefficient,tp
377,combustion_heat,tp
377,consumption_mwh,tp
377,consumption_m3,tp
377,gas_tax_total,tp
377,unit_price_commodity,fn
377,commodity_price,fn
377,unit_price_distribution,fn
377,distribution_price,fp
377,market_operator_fee,tp
378,invoice_number,tp
378,period_from,tp
378,period_to,tp
378,issue_date,tp
378,due_date,tp
378,tax_point_date,tp
378,consumption_point_code,fp
378,amount_ex_vat,tp
378,amount_inc_vat,tp
378,supplier_tax_id,tp
378,customer_tax_id,tp
378,conversion_coefficient,fp
378,combustion_heat,tp
378,consumption_mwh,tp
378,consumption_m3,tp
378,gas_tax_total,tp
378,unit_price_commodity,fp
378,commodity_price,fp
378,unit_price_distribution,fn
378,distribution_price,fp
378,market_operator_fee,tp
379,invoice_number,tp
379,period_from,tp
379,period_to,tp
379,issue_date,tp
379,due_date,tp
379,tax_point_date,tp
379,consumption_point_code,tp
379,amount_ex_vat,tp
379,amount_inc_vat,tp
379,supplier_tax_id,tp
379,customer_tax_id,tp
379,conversion_coefficient,tp
379,combustion_heat,tp
379,consumption_mwh,tp
379,consumption_m3,tp
379,gas_tax_total,tp
379,unit_price_commodity,tp
379,commodity_price,tp
379,unit_price_distribution,fn
379,distribution_price,fp
379,market_operator_fee,tp
380,invoice_number,tp
380,period_from,tp
380,period_to,tp
380,issue_date,tp
380,due_date,tp
380,tax_point_date,tp
380,consumption_point_code,tp
380,amount_ex_vat,tp
380,amount_inc_vat,tp
380,supplier_tax_id,tp
380,customer_tax_id,tp
380,conversion_coefficient,tp
380,combustion_heat,tp
380,consumption_mwh,tp
380,consumption_m3,tp
380,gas_tax_total,tp
380,unit_price_commodity,fn
380,commodity_price,fn
380,unit_price_distribution,fn
380,distribution_price,fn
380,market_operator_fee,tp
381,invoice_number,tp
381,period_from,tp
381,period_to,tp
381,issue_date,tp
381,due_date,tp
381,tax_point_date,tp
381,consumption_point_code,tp
381,amount_ex_vat,tp
381,amount_inc_vat,tp
381,supplier_tax_id,tp
381,customer_tax_id,tp
381,conversion_coefficient,tp
381,combustion_heat,tp
381,consumption_mwh,tp
381,consumption_m3,tp
381,gas_tax_total,tp
381,unit_price_commodity,fn
381,commodity_price,fp
381,unit_price_distribution,fn
381,distribution_price,fp
381,market_operator_fee,tp
382,invoice_number,tp
382,period_from,tp
382,period_to,tp
382,issue_date,tp
382,due_date,tp
382,tax_point_date,tp
382,consumption_point_code,tp
382,amount_ex_vat,tp
382,amount_inc_vat,tp
382,supplier_tax_id,tp
382,customer_tax_id,tp
382,conversion_coefficient,tp
382,combustion_heat,tp
382,consumption_mwh,tp
382,consumption_m3,tp
382,gas_tax_total,tp
382,unit_price_commodity,fn
382,commodity_price,tp
382,market_operator_fee,tp
383,invoice_number,tp
383,period_from,tp
383,period_to,tp
383,issue_date,tp
383,due_date,tp
383,tax_point_date,tp
383,consumption_point_code,tp
383,amount_ex_vat,tp
383,amount_inc_vat,tp
383,supplier_tax_id,tp
383,customer_tax_id,tp
383,conversion_coefficient,tp
383,combustion_heat,tp
383,consumption_mwh,tp
383,consumption_m3,tp
383,gas_tax_total,tp
383,unit_price_commodity,tp
383,commodity_price,tp
383,unit_price_distribution,fp
383,distribution_price,fp
383,market_operator_fee,tp
384,invoice_number,tp
384,period_from,tp
384,period_to,tp
384,issue_date,tp
384,due_date,tp
384,tax_point_date,tp
384,consumption_point_code,fp
384,amount_ex_vat,tp
384,amount_inc_vat,tp
384,supplier_tax_id,tp
384,customer_tax_id,tp
384,conversion_coefficient,tp
384,combustion_heat,tp
384,consumption_mwh,tp
384,consumption_m3,tp
384,gas_tax_total,tp
384,unit_price_commodity,tp
384,commodity_price,tp
384,unit_price_distribution,fn
384,distribution_price,fp
384,market_operator_fee,tp
385,invoice_number,tp
385,period_from,tp
385,period_to,tp
385,issue_date,tp
385,due_date,tp
385,tax_point_date,tp
385,consumption_point_code,tp
385,amount_ex_vat,tp
385,amount_inc_vat,tp
385,supplier_tax_id,tp
385,customer_tax_id,tp
385,conversion_coefficient,tp
385,combustion_heat,tp
385,consumption_mwh,tp
385,consumption_m3,tp
385,gas_tax_total,tp
385,unit_price_commodity,fn
385,commodity_price,tp
385,unit_price_distribution,fn
385,distribution_price,fp
385,market_operator_fee,tp
386,invoice_number,tp
386,period_from,tp
386,period_to,tp
386,issue_date,tp
386,due_date,tp
386,tax_point_date,tp
386,consumption_point_code,tp
386,amount_ex_vat,tp
386,amount_inc_vat,tp
386,supplier_tax_id,tp
386,customer_tax_id,tp
386,conversion_coefficient,tp
386,combustion_heat,tp
386,consumption_mwh,tp
386,consumption_m3,tp
386,gas_tax_total,tp
386,unit_price_commodity,tp
386,commodity_price,tp
386,unit_price_standing_charge,fp
386,standing_charge,fp
386,unit_price_reserved_capacity,fn
386,reserved_capacity_price,fn
386,unit_price_distribution,tp
386,distribution_price,tp
386,market_operator_fee,tp
387,invoice_number,tp
387,period_from,tp
387,period_to,tp
387,issue_date,tp
387,due_date,tp
387,tax_point_date,tp
387,consumption_point_code,tp
387,amount_ex_vat,tp
387,amount_inc_vat,tp
387,supplier_tax_id,tp
387,customer_tax_id,tp
387,conversion_coefficient,tp
387,combustion_heat,tp
387,consumption_mwh,tp
387,consumption_m3,tp
387,gas_tax_total,fp
387,unit_price_commodity,tp
387,commodity_price,tp
387,unit_price_distribution,fp
387,distribution_price,fp
387,market_operator_fee,tp
388,invoice_number,tp
388,period_from,tp
388,period_to,tp
388,issue_date,tp
388,due_date,tp
388,tax_point_date,tp
388,consumption_point_code,tp
388,amount_ex_vat,tp
388,amount_inc_vat,fp
388,supplier_tax_id,tp
388,customer_tax_id,tp
388,conversion_coefficient,tp
388,combustion_heat,tp
388,consumption_mwh,tp
388,consumption_m3,tp
388,gas_tax_total,tp
388,unit_price_commodity,tp
388,commodity_price,tp
388,unit_price_distribution,tp
388,distribution_price,fp
388,market_operator_fee,tp
389,invoice_number,tp
389,period_from,tp
389,period_to,tp
389,issue_date,tp
389,due_date,tp
389,tax_point_date,tp
389,consumption_point_code,tp
389,amount_ex_vat,tp
389,amount_inc_vat,tp
389,supplier_tax_id,tp
389,customer_tax_id,tp
389,conversion_coefficient,tp
389,combustion_heat,tp
389,consumption_mwh,tp
389,consumption_m3,tp
389,gas_tax_total,tp
389,unit_price_commodity,tp
389,commodity_price,tp
389,unit_price_distribution,fn
389,distribution_price,fp
389,market_operator_fee,tp
390,invoice_number,tp
390,period_from,tp
390,period_to,tp
390,issue_date,tp
390,due_date,tp
390,tax_point_date,tp
390,consumption_point_code,tp
390,amount_ex_vat,tp
390,amount_inc_vat,tp
390,supplier_tax_id,tp
390,customer_tax_id,tp
390,conversion_coefficient,tp
390,combustion_heat,tp
390,consumption_mwh,tp
390,consumption_m3,tp
390,gas_tax_total,tp
390,unit_price_commodity,tp
390,commodity_price,tp
390,unit_price_distribution,fp
390,distribution_price,fp
390,market_operator_fee,tp
391,invoice_number,tp
391,period_from,tp
391,period_to,tp
391,issue_date,tp
391,due_date,tp
391,tax_point_date,tp
391,consumption_point_code,tp
391,amount_ex_vat,tp
391,amount_inc_vat,tp
391,supplier_tax_id,tp
391,customer_tax_id,tp
391,conversion_coefficient,tp
391,combustion_heat,tp
391,consumption_mwh,fp
391,consumption_m3,tp
391,gas_tax_total,tp
391,unit_price_commodity,tp
391,commodity_price,tp
391,unit_price_distribution,fp
391,distribution_price,fp
391,market_operator_fee,tp
392,invoice_number,tp
392,period_from,tp
392,period_to,tp
392,issue_date,tp
392,due_date,tp
392,tax_point_date,tp
392,consumption_point_code,tp
392,amount_ex_vat,tp
392,amount_inc_vat,tp
392,supplier_tax_id,tp
392,customer_tax_id,tp
392,conversion_coefficient,tp
392,combustion_heat,tp
392,consumption_mwh,tp
392,consumption_m3,tp
392,gas_tax_total,tp
392,unit_price_commodity,tp
392,commodity_price,tp
392,unit_price_distribution,fp
392,distribution_price,fp
392,market_operator_fee,tp
393,invoice_number,tp
393,period_from,tp
393,period_to,tp
393,issue_date,tp
393,due_date,tp
393,tax_point_date,tp
393,consumption_point_code,tp
393,amount_ex_vat,tp
393,amount_inc_vat,fp
393,supplier_tax_id,tp
393,customer_tax_id,tp
393,conversion_coefficient,tp
393,combustion_heat,tp
393,consumption_mwh,tp
393,consumption_m3,tp
393,gas_tax_total,tp
393,unit_price_commodity,fn
393,commodity_price,fn
393,unit_price_standing_charge,tp
393,standing_charge,tp
393,unit_price_reserved_capacity,fn
393,reserved_capacity_price,fn
393,unit_price_distribution,fn
393,distribution_price,fn
393,market_operator_fee,tp
394,invoice_number,tp
394,period_from,tp
394,period_to,tp
394,issue_date,tp
394,due_date,tp
394,tax_point_date,tp
394,consumption_point_code,tp
394,amount_ex_vat,tp
394,amount_inc_vat,tp
394,supplier_tax_id,tp
394,customer_tax_id,tp
394,conversion_coefficient,tp
394,combustion_heat,tp
394,consumption_mwh,tp
394,consumption_m3,tp
394,gas_tax_total,tp
394,unit_price_commodity,fn
394,commodity_price,tp
394,unit_price_distribution,fn
394,distribution_price,fp
394,market_operator_fee,tp
395,invoice_number,tp
395,period_from,tp
395,period_to,tp
395,issue_date,tp
395,due_date,tp
395,tax_point_date,tp
395,consumption_point_code,fn
395,amount_ex_vat,tp
395,amount_inc_vat,tp
395,supplier_tax_id,tp
395,customer_tax_id,tp
395,conversion_coefficient,tp
395,combustion_heat,tp
395,consumption_mwh,tp
395,consumption_m3,tp
395,gas_tax_total,tp
395,unit_price_commodity,tp
395,commodity_price,tp
395,unit_price_distribution,fp
395,distribution_price,fp
395,market_operator_fee,tp
396,invoice_number,tp
396,period_from,tp
396,period_to,tp
396,issue_date,tp
396,due_date,tp
396,tax_point_date,fn
396,consumption_point_code,tp
396,amount_ex_vat,tp
396,amount_inc_vat,tp
396,supplier_tax_id,tp
396,customer_tax_id,tp
396,conversion_coefficient,fp
396,combustion_heat,tp
396,consumption_mwh,tp
396,consumption_m3,tp
396,gas_tax_total,fn
396,unit_price_commodity,fn
396,commodity_price,fn
396,unit_price_standing_charge,tp
396,standing_charge,tp
396,unit_price_reserved_capacity,fn
396,reserved_capacity_price,fn
396,unit_price_distribution,fn
396,distribution_price,fn
396,market_operator_fee,fn
397,invoice_number,tp
397,period_from,tp
397,period_to,tp
397,issue_date,tp
397,due_date,tp
397,tax_point_date,tp
397,consumption_point_code,fn
397,amount_ex_vat,tp
397,amount_inc_vat,tp
397,supplier_tax_id,tp
397,customer_tax_id,tp
397,conversion_coefficient,tp
397,combustion_heat,tp
397,consumption_mwh,tp
397,consumption_m3,tp
397,gas_tax_total,tp
397,unit_price_commodity,fn
397,commodity_price,fn
397,unit_price_reserved_capacity,fn
397,reserved_capacity_price,fn
397,unit_price_distribution,fn
397,distribution_price,fn
397,market_operator_fee,fp
398,invoice_number,tp
398,period_from,tp
398,period_to,tp
398,issue_date,tp
398,due_date,tp
398,tax_point_date,tp
398,consumption_point_code,tp
398,amount_ex_vat,tp
398,amount_inc_vat,tp
398,supplier_tax_id,tp
398,customer_tax_id,tp
398,conversion_coefficient,tp
398,combustion_heat,tp
398,consumption_mwh,tp
398,consumption_m3,tp
398,gas_tax_total,tp
398,unit_price_commodity,fn
398,commodity_price,fn
398,unit_price_distribution,fn
398,distribution_price,fn
398,market_operator_fee,tp
399,invoice_number,tp
399,period_from,tp
399,period_to,tp
399,issue_date,tp
399,due_date,tp
399,tax_point_date,tp
399,consumption_point_code,tp
399,amount_ex_vat,tp
399,amount_inc_vat,tp
399,supplier_tax_id,tp
399,customer_tax_id,tp
399,conversion_coefficient,fp
399,combustion_heat,tp
399,consumption_mwh,tp
399,consumption_m3,tp
399,gas_tax_total,tp
399,unit_price_commodity,fn
399,commodity_price,tp
399,unit_price_distribution,fn
399,distribution_price,fn
399,market_operator_fee,tp
400,invoice_number,tp
400,period_from,tp
400,period_to,tp
400,issue_date,tp
400,due_date,tp
400,tax_point_date,tp
400,consumption_point_code,tp
400,amount_ex_vat,tp
400,amount_inc_vat,tp
400,supplier_tax_id,tp
400,customer_tax_id,tp
400,conversion_coefficient,tp
400,combustion_heat,tp
400,consumption_mwh,tp
400,consumption_m3,tp
400,gas_tax_total,tp
400,unit_price_commodity,tp
400,commodity_price,tp
400,unit_price_distribution,fn
400,distribution_price,fp
400,market_operator_fee,tp
401,invoice_number,tp
401,period_from,tp
401,period_to,tp
401,issue_date,tp
401,due_date,tp
401,tax_point_date,tp
401,consumption_point_code,fp
401,amount_ex_vat,tp
401,amount_inc_vat,tp
401,supplier_tax_id,tp
401,customer_tax_id,fp
401,conversion_coefficient,tp
401,combustion_heat,tp
401,consumption_mwh,tp
401,consumption_m3,tp
401,gas_tax_total,tp
401,unit_price_commodity,fp
401,commodity_price,fp
401,unit_price_distribution,tp
401,distribution_price,tp
401,market_operator_fee,tp
402,invoice_number,tp
402,period_from,tp
402,period_to,tp
402,issue_date,tp
402,due_date,tp
402,tax_point_date,tp
402,consumption_point_code,tp
402,amount_ex_vat,tp
402,amount_inc_vat,tp
402,supplier_tax_id,tp
402,customer_tax_id,tp
402,conversion_coefficient,tp
402,combustion_heat,tp
402,consumption_mwh,tp
402,consumption_m3,tp
402,gas_tax_total,tp
402,unit_price_commodity,fp
402,commodity_price,tp
402,unit_price_distribution,fp
402,distribution_price,fp
402,market_operator_fee,tp
403,invoice_number,tp
403,period_from,tp
403,period_to,tp
403,issue_date,fp
403,due_date,tp
403,tax_point_date,tp
403,consumption_point_code,tp
403,amount_ex_vat,fp
403,amount_inc_vat,fp
403,supplier_tax_id,tp
403,customer_tax_id,tp
403,conversion_coefficient,tp
403,combustion_heat,tp
403,consumption_mwh,tp
403,consumption_m3,tp
403,gas_tax_total,tp
403,unit_price_commodity,tp
403,commodity_price,tp
403,unit_price_standing_charge,fp
403,standing_charge,tp
403,unit_price_reserved_capacity,fn
403,reserved_capacity_price,fn
403,unit_price_distribution,tp
403,distribution_price,tp
403,market_operator_fee,tp
404,invoice_number,tp
404,period_from,tp
404,period_to,tp
404,issue_date,tp
404,due_date,tp
404,tax_point_date,fn
404,consumption_point_code,tp
404,amount_ex_vat,tp
404,amount_inc_vat,fp
404,supplier_tax_id,tp
404,customer_tax_id,tp
404,conversion_coefficient,tp
404,combustion_heat,tp
404,consumption_mwh,tp
404,consumption_m3,fp
404,gas_tax_total,tp
404,unit_price_commodity,fp
404,commodity_price,tp
404,unit_price_standing_charge,fp
404,standing_charge,tp
404,unit_price_reserved_capacity,fn
404,reserved_capacity_price,fn
404,unit_price_distribution,tp
404,distribution_price,fp
404,market_operator_fee,tp
405,invoice_number,tp
405,period_from,tp
405,period_to,tp
405,issue_date,tp
405,due_date,tp
405,tax_point_date,tp
405,consumption_point_code,fp
405,amount_ex_vat,tp
405,amount_inc_vat,tp
405,supplier_tax_id,tp
405,customer_tax_id,tp
405,conversion_coefficient,tp
405,combustion_heat,tp
405,consumption_mwh,tp
405,consumption_m3,tp
405,gas_tax_total,tp
405,unit_price_commodity,tp
405,commodity_price,tp
405,unit_price_distribution,fp
405,distribution_price,fp
405,market_operator_fee,tp
406,invoice_number,tp
406,period_from,tp
406,period_to,tp
406,issue_date,tp
406,due_date,tp
406,tax_point_date,tp
406,consumption_point_code,tp
406,amount_ex_vat,tp
406,amount_inc_vat,tp
406,supplier_tax_id,tp
406,customer_tax_id,tp
406,conversion_coefficient,tp
406,combustion_heat,tp
406,consumption_mwh,tp
406,consumption_m3,tp
406,gas_tax_total,fp
406,unit_price_commodity,tp
406,commodity_price,tp
406,unit_price_reserved_capacity,fp
406,reserved_capacity_price,fp
406,unit_price_distribution,fn
406,distribution_price,fp
406,market_operator_fee,tp
407,invoice_number,tp
407,period_from,tp
407,period_to,tp
407,issue_date,tp
407,due_date,tp
407,tax_point_date,tp
407,consumption_point_code,tp
407,amount_ex_vat,tp
407,amount_inc_vat,tp
407,supplier_tax_id,tp
407,customer_tax_id,tp
407,conversion_coefficient,tp
407,combustion_heat,tp
407,consumption_mwh,tp
407,consumption_m3,tp
407,gas_tax_total,tp
407,unit_price_commodity,tp
407,commodity_price,tp
407,unit_price_reserved_capacity,fp
407,reserved_capacity_price,fp
407,unit_price_distribution,fn
407,distribution_price,fp
407,market_operator_fee,tp
408,invoice_number,tp
408,period_from,tp
408,period_to,tp
408,issue_date,tp
408,due_date,tp
408,tax_point_date,tp
408,consumption_point_code,tp
408,amount_ex_vat,tp
408,amount_inc_vat,tp
408,supplier_tax_id,tp
408,customer_tax_id,tp
408,conversion_coefficient,tp
408,combustion_heat,tp
408,consumption_mwh,tp
408,consumption_m3,tp
408,gas_tax_total,tp
408,unit_price_commodity,tp
408,commodity_price,tp
408,unit_price_reserved_capacity,fp
408,reserved_capacity_price,fp
408,unit_price_distribution,fn
408,distribution_price,fp
408,market_operator_fee,tp
409,invoice_number,tp
409,period_from,tp
409,period_to,tp
409,issue_date,fn
409,due_date,tp
409,tax_point_date,fn
409,consumption_point_code,tp
409,amount_ex_vat,tp
409,amount_inc_vat,tp
409,supplier_tax_id,tp
409,customer_tax_id,tp
409,conversion_coefficient,tp
409,combustion_heat,tp
409,consumption_mwh,tp
409,consumption_m3,tp
409,gas_tax_total,tp
409,unit_price_commodity,tp
409,commodity_price,tp
409,unit_price_distribution,fn
409,distribution_price,fp
409,market_operator_fee,tp
410,invoice_number,tp
410,period_from,tp
410,period_to,tp
410,issue_date,tp
410,due_date,tp
410,tax_point_date,tp
410,consumption_point_code,tp
410,amount_ex_vat,tp
410,amount_inc_vat,tp
410,supplier_tax_id,tp
410,customer_tax_id,tp
410,conversion_coefficient,tp
410,combustion_heat,tp
410,consumption_mwh,tp
410,consumption_m3,tp
410,gas_tax_total,tp
410,unit_price_commodity,tp
410,commodity_price,tp
410,unit_price_distribution,fn
410,distribution_price,fp
410,market_operator_fee,tp
411,invoice_number,tp
411,period_from,tp
411,period_to,tp
411,issue_date,tp
411,due_date,tp
411,tax_point_date,tp
411,consumption_point_code,tp
411,amount_ex_vat,tp
411,amount_inc_vat,fp
411,supplier_tax_id,tp
411,customer_tax_id,tp
411,conversion_coefficient,tp
411,combustion_heat,tp
411,consumption_mwh,tp
411,consumption_m3,tp
411,gas_tax_total,tp
411,unit_price_commodity,tp
411,commodity_price,tp
411,unit_price_distribution,fn
411,distribution_price,fn
411,market_operator_fee,tp
412,invoice_number,tp
412,period_from,tp
412,period_to,tp
412,issue_date,tp
412,due_date,tp
412,tax_point_date,tp
412,consumption_point_code,fp
412,amount_ex_vat,tp
412,amount_inc_vat,tp
412,supplier_tax_id,tp
412,customer_tax_id,tp
412,conversion_coefficient,tp
412,combustion_heat,tp
412,consumption_mwh,tp
412,consumption_m3,tp
412,gas_tax_total,tp
412,unit_price_commodity,fn
412,unit_price_standing_charge,tp
412,standing_charge,tp
412,unit_price_reserved_capacity,fn
412,reserved_capacity_price,fn
412,unit_price_distribution,fn
412,distribution_price,fp
412,market_operator_fee,tp
413,invoice_number,tp
413,period_from,tp
413,period_to,tp
413,issue_date,tp
413,due_date,tp
413,tax_point_date,tp
413,consumption_point_code,fp
413,amount_ex_vat,tp
413,amount_inc_vat,tp
413,supplier_tax_id,fp
413,customer_tax_id,tp
413,conversion_coefficient,tp
413,combustion_heat,tp
413,consumption_mwh,tp
413,consumption_m3,tp
413,gas_tax_total,tp
413,unit_price_commodity,fn
413,commodity_price,tp
413,unit_price_standing_charge,tp
413,standing_charge,fp
413,unit_price_reserved_capacity,fn
413,reserved_capacity_price,fn
413,unit_price_distribution,fn
413,distribution_price,fp
413,market_operator_fee,tp
414,invoice_number,tp
414,period_from,tp
414,period_to,tp
414,issue_date,tp
414,due_date,tp
414,tax_point_date,fn
414,consumption_point_code,tp
414,amount_ex_vat,tp
414,amount_inc_vat,tp
414,supplier_tax_id,tp
414,customer_tax_id,fp
414,conversion_coefficient,tp
414,combustion_heat,tp
414,consumption_mwh,tp
414,consumption_m3,tp
414,gas_tax_total,fp
414,unit_price_commodity,fn
414,commodity_price,fn
414,unit_price_distribution,fn
414,distribution_price,fn
414,market_operator_fee,fn
415,invoice_number,tp
415,period_from,tp
415,period_to,tp
415,issue_date,tp
415,due_date,tp
415,tax_point_date,tp
415,consumption_point_code,fp
415,amount_ex_vat,tp
415,amount_inc_vat,tp
415,supplier_tax_id,tp
415,customer_tax_id,tp
415,combustion_heat,tp
415,consumption_mwh,tp
415,consumption_m3,tp
415,gas_tax_total,tp
415,unit_price_commodity,fn
415,commodity_price,fn
415,unit_price_distribution,fn
415,distribution_price,fn
415,market_operator_fee,fn
416,invoice_number,tp
416,period_from,tp
416,period_to,tp
416,issue_date,tp
416,due_date,tp
416,tax_point_date,tp
416,consumption_point_code,fp
416,amount_ex_vat,tp
416,amount_inc_vat,tp
416,supplier_tax_id,tp
416,customer_tax_id,tp
416,combustion_heat,tp
416,consumption_mwh,tp
416,consumption_m3,tp
416,gas_tax_total,tp
416,commodity_price,fp
416,market_operator_fee,fn
417,invoice_number,tp
417,period_from,tp
417,period_to,tp
417,issue_date,tp
417,due_date,tp
417,tax_point_date,tp
417,consumption_point_code,fp
417,amount_ex_vat,tp
417,amount_inc_vat,tp
417,supplier_tax_id,tp
417,customer_tax_id,tp
417,conversion_coefficient,tp
417,combustion_heat,tp
417,consumption_mwh,tp
417,consumption_m3,tp
417,gas_tax_total,tp
417,unit_price_commodity,fp
417,commodity_price,fp
417,unit_price_standing_charge,fp
417,standing_charge,fp
417,unit_price_reserved_capacity,fn
417,reserved_capacity_price,fn
417,unit_price_distribution,fp
417,distribution_price,fp
417,market_operator_fee,fp
418,invoice_number,tp
418,period_from,tp
418,period_to,tp
418,issue_date,tp
418,due_date,tp
418,tax_point_date,tp
418,consumption_point_code,tp
418,amount_ex_vat,tp
418,amount_inc_vat,fp
418,supplier_tax_id,tp
418,customer_tax_id,tp
418,conversion_coefficient,fp
418,combustion_heat,fp
418,consumption_mwh,fp
418,consumption_m3,fp
418,gas_tax_total,tp
418,unit_price_commodity,fp
418,unit_price_distribution,fn
418,distribution_price,fp
418,market_operator_fee,tp
419,invoice_number,tp
419,period_from,tp
419,period_to,tp
419,issue_date,tp
419,due_date,tp
419,tax_point_date,fp
419,amount_ex_vat,tp
419,amount_inc_vat,tp
419,supplier_tax_id,fp
419,customer_tax_id,fp
419,combustion_heat,tp
419,consumption_mwh,tp
419,consumption_m3,tp
419,gas_tax_total,tp
419,distribution_price,fp
419,market_operator_fee,tp
420,invoice_number,tp
420,period_from,tp
420,period_to,tp
420,issue_date,tp
420,due_date,tp
420,tax_point_date,fp
420,amount_ex_vat,fp
420,amount_inc_vat,fp
420,consumption_mwh,fp
420,consumption_m3,fp
421,invoice_number,tp
421,period_from,tp
421,period_to,tp
421,issue_date,tp
421,due_date,tp
421,tax_point_date,tp
421,amount_ex_vat,tp
421,amount_inc_vat,tp
421,consumption_mwh,tp
421,consumption_m3,fp
422,invoice_number,tp
422,period_from,tp
422,period_to,tp
422,issue_date,tp
422,due_date,tp
422,tax_point_date,tp
422,amount_ex_vat,tp
422,amount_inc_vat,tp
422,consumption_mwh,tp
422,consumption_m3,fp
423,invoice_number,tp
423,period_from,tp
423,period_to,tp
423,issue_date,tp
423,due_date,tp
423,tax_point_date,tp
423,amount_ex_vat,tp
423,amount_inc_vat,tp
423,consumption_mwh,tp
423,consumption_m3,fp
424,invoice_number,tp
424,period_from,tp
424,period_to,tp
424,issue_date,tp
424,due_date,tp
424,tax_point_date,tp
424,amount_ex_vat,tp
424,amount_inc_vat,tp
424,consumption_mwh,tp
424,consumption_m3,fp
425,invoice_number,tp
425,period_from,tp
425,period_to,tp
425,issue_date,tp
425,due_date,tp
425,tax_point_date,tp
425,amount_ex_vat,tp
425,amount_inc_vat,tp
425,consumption_mwh,tp
425,consumption_m3,fp
426,invoice_number,tp
426,period_from,tp
426,period_to,tp
426,issue_date,tp
426,due_date,tp
426,tax_point_date,tp
426,amount_ex_vat,fp
426,amount_inc_vat,tp
426,consumption_mwh,fp
427,invoice_number,tp
427,period_from,tp
427,period_to,tp
427,issue_date,fp
427,due_date,tp
427,tax_point_date,tp
427,amount_ex_vat,fp
427,amount_inc_vat,tp
428,invoice_number,tp
428,period_from,tp
428,period_to,tp
428,due_date,tp
428,tax_point_date,fp
428,amount_ex_vat,tp
428,amount_inc_vat,tp
428,consumption_mwh,tp
428,consumption_m3,fp
429,invoice_number,tp
429,period_from,tp
429,period_to,tp
429,issue_date,tp
429,due_date,tp
429,tax_point_date,tp
429,amount_ex_vat,tp
429,amount_inc_vat,tp
429,consumption_mwh,fp
429,consumption_m3,fp
430,invoice_number,tp
430,period_from,tp
430,period_to,tp
430,issue_date,tp
430,due_date,tp
430,tax_point_date,tp
430,amount_ex_vat,fp
430,amount_inc_vat,tp
430,consumption_mwh,tp
430,consumption_m3,fp
431,invoice_number,tp
431,period_from,tp
431,period_to,tp
431,issue_date,tp
431,due_date,tp
431,tax_point_date,tp
431,amount_ex_vat,fp
431,amount_inc_vat,tp
431,consumption_mwh,tp
431,consumption_m3,fp
432,invoice_number,tp
432,period_from,tp
432,period_to,tp
432,issue_date,tp
432,due_date,tp
432,tax_point_date,tp
432,amount_ex_vat,tp
432,amount_inc_vat,tp
432,consumption_mwh,tp
432,consumption_m3,fp
433,invoice_number,tp
433,period_from,tp
433,period_to,tp
433,issue_date,tp
433,due_date,tp
433,tax_point_date,fn
433,amount_ex_vat,tp
433,amount_inc_vat,tp
433,consumption_mwh,tp
433,consumption_m3,fp
434,invoice_number,tp
434,period_from,tp
434,period_to,tp
434,issue_date,tp
434,due_date,tp
434,tax_point_date,fp
434,amount_ex_vat,fp
434,amount_inc_vat,fp
434,consumption_mwh,tp
434,consumption_m3,fp
435,invoice_number,tp
435,period_from,tp
435,period_to,tp
435,issue_date,tp
435,due_date,tp
435,tax_point_date,tp
435,amount_ex_vat,tp
435,amount_inc_vat,tp
435,consumption_mwh,fp
435,consumption_m3,fp
436,invoice_number,tp
436,period_from,tp
436,period_to,tp
436,issue_date,fp
436,due_date,fp
436,tax_point_date,fn
436,amount_ex_vat,fp
436,amount_inc_vat,fp
436,consumption_mwh,fp
436,consumption_m3,fp
437,invoice_number,tp
437,period_from,tp
437,period_to,tp
437,issue_date,tp
437,due_date,tp
437,tax_point_date,tp
437,amount_ex_vat,fp
437,amount_inc_vat,fp
437,consumption_mwh,tp
437,consumption_m3,fp
438,invoice_number,tp
438,period_from,tp
438,period_to,tp
438,issue_date,tp
438,due_date,tp
438,tax_point_date,tp
438,amount_ex_vat,fp
438,amount_inc_vat,fp
438,consumption_mwh,tp
438,consumption_m3,fp
439,invoice_number,tp
439,period_from,tp
439,period_to,tp
439,issue_date,tp
439,due_date,tp
439,tax_point_date,tp
439,amount_ex_vat,tp
439,amount_inc_vat,tp
439,consumption_mwh,fp
439,consumption_m3,fp
440,invoice_number,tp
440,period_from,tp
440,period_to,tp
440,issue_date,tp
440,due_date,tp
440,tax_point_date,tp
440,amount_ex_vat,tp
440,amount_inc_vat,tp
440,consumption_mwh,tp
440,consumption_m3,fp
441,invoice_number,tp
441,period_from,tp
441,period_to,tp
441,issue_date,fp
441,due_date,tp
441,tax_point_date,tp
441,amount_ex_vat,fp
441,amount_inc_vat,tp
441,consumption_mwh,fp
441,consumption_m3,fp
442,invoice_number,tp
442,period_from,tp
442,period_to,tp
442,issue_date,tp
442,due_date,tp
442,tax_point_date,fp
442,amount_ex_vat,tp
442,amount_inc_vat,tp
442,consumption_mwh,tp
442,consumption_m3,fp
443,invoice_number,tp
443,issue_date,tp
443,due_date,fp
443,consumption_point_code,fp
443,amount_ex_vat,fp
443,amount_inc_vat,fp
443,supplier_tax_id,tp
443,customer_tax_id,tp
443,consumption_gj,fp
443,total_heat_consumption,fn
444,invoice_number,tp
444,issue_date,tp
444,due_date,fp
444,consumption_point_code,fp
444,amount_ex_vat,fp
444,amount_inc_vat,fp
444,supplier_tax_id,tp
444,customer_tax_id,tp
444,consumption_gj,fp
444,hot_water_consumption,fn
444,total_heat_consumption,fn
445,invoice_number,tp
445,period_from,tp
445,period_to,tp
445,issue_date,fp
445,due_date,tp
445,tax_point_date,tp
445,consumption_point_code,tp
445,amount_ex_vat,fp
445,amount_inc_vat,fp
445,supplier_tax_id,tp
445,customer_tax_id,tp
445,hot_water_consumption,fp
445,supplementary_water,fp
445,total_heat_consumption,fn
446,invoice_number,tp
446,issue_date,tp
446,due_date,fp
446,consumption_point_code,tp
446,amount_ex_vat,fp
446,amount_inc_vat,fp
446,supplier_tax_id,tp
446,customer_tax_id,tp
446,consumption_gj,fp
446,hot_water_consumption,fn
446,supplementary_water,tp
446,total_heat_consumption,tp
447,invoice_number,tp
447,period_from,tp
447,period_to,tp
447,issue_date,fp
447,due_date,tp
447,tax_point_date,fp
447,consumption_point_code,tp
447,amount_ex_vat,fp
447,amount_inc_vat,fp
447,supplier_tax_id,tp
447,customer_tax_id,tp
447,total_heat_consumption,tp
448,invoice_number,tp
448,period_from,fp
448,period_to,fp
448,issue_date,tp
448,due_date,fp
448,consumption_point_code,tp
448,amount_ex_vat,tp
448,amount_inc_vat,tp
448,supplier_tax_id,tp
448,customer_tax_id,tp
448,consumption_gj,tp
448,total_heat_consumption,tp
449,invoice_number,tp
449,period_from,tp
449,period_to,tp
449,issue_date,fp
449,due_date,tp
449,tax_point_date,fp
449,consumption_point_code,tp
449,amount_ex_vat,fp
449,amount_inc_vat,tp
449,supplier_tax_id,tp
449,customer_tax_id,tp
449,total_heat_consumption,fn
450,invoice_number,tp
450,period_from,tp
450,period_to,tp
450,issue_date,tp
450,due_date,tp
450,tax_point_date,fp
450,consumption_point_code,tp
450,amount_ex_vat,fp
450,amount_inc_vat,fp
450,supplier_tax_id,tp
450,customer_tax_id,tp
450,consumption_gj,tp
450,total_heat_consumption,tp
451,invoice_number,tp
451,period_from,tp
451,period_to,tp
451,issue_date,tp
451,due_date,tp
451,tax_point_date,fp
451,consumption_point_code,tp
451,amount_ex_vat,tp
451,amount_inc_vat,tp
451,supplier_tax_id,tp
451,customer_tax_id,tp
451,consumption_gj,tp
451,hot_water_consumption,tp
451,total_heat_consumption,fn
452,invoice_number,tp
452,period_from,tp
452,period_to,tp
452,issue_date,tp
452,due_date,tp
452,tax_point_date,fp
452,consumption_point_code,tp
452,amount_ex_vat,tp
452,amount_inc_vat,tp
452,supplier_tax_id,tp
452,customer_tax_id,fp
452,consumption_gj,tp
452,total_heat_consumption,fn
453,invoice_number,fp
453,issue_date,tp
453,due_date,fp
453,amount_ex_vat,fp
453,amount_inc_vat,fp
453,consumption_gj,fp
454,invoice_number,tp
454,issue_date,tp
454,due_date,fp
454,consumption_point_code,tp
454,amount_ex_vat,fp
454,amount_inc_vat,fp
454,supplier_tax_id,tp
454,customer_tax_id,tp
454,consumption_gj,fp
454,hot_water_consumption,fn
454,supplementary_water,tp
454,total_heat_consumption,fn
455,invoice_number,tp
455,issue_date,tp
455,due_date,fp
455,consumption_point_code,tp
455,amount_ex_vat,fp
455,amount_inc_vat,fp
455,supplier_tax_id,tp
455,customer_tax_id,tp
455,consumption_gj,fp
455,hot_water_consumption,fp
455,total_heat_consumption,fn
456,invoice_number,tp
456,period_from,tp
456,period_to,tp
456,issue_date,tp
456,due_date,fp
456,tax_point_date,tp
456,consumption_point_code,tp
456,amount_ex_vat,fp
456,amount_inc_vat,fp
456,supplier_tax_id,tp
456,customer_tax_id,tp
456,consumption_gj,fp
456,hot_water_consumption,fp
456,supplementary_water,tp
456,total_heat_consumption,fn
457,invoice_number,tp
457,issue_date,tp
457,due_date,fp
457,consumption_point_code,fp
457,amount_ex_vat,fp
457,amount_inc_vat,fp
457,supplier_tax_id,tp
457,customer_tax_id,tp
457,consumption_gj,fp
457,total_heat_consumption,fn
458,invoice_number,tp
458,period_from,tp
458,period_to,tp
458,issue_date,tp
458,due_date,tp
458,tax_point_date,tp
458,consumption_point_code,tp
458,amount_ex_vat,tp
458,amount_inc_vat,tp
458,supplier_tax_id,tp
458,customer_tax_id,tp
458,consumption_gj,tp
458,total_heat_consumption,tp
459,invoice_number,tp
459,period_from,fp
459,period_to,fp
459,issue_date,tp
459,due_date,tp
459,tax_point_date,tp
459,amount_ex_vat,tp
459,amount_inc_vat,tp
459,supplier_tax_id,tp
459,customer_tax_id,tp
459,consumption_gj,tp
459,total_heat_consumption,fn
460,invoice_number,tp
460,period_from,tp
460,period_to,tp
460,issue_date,tp
460,due_date,tp
460,tax_point_date,tp
460,consumption_point_code,tp
460,amount_ex_vat,tp
460,amount_inc_vat,tp
460,supplier_tax_id,fp
460,customer_tax_id,fp
460,consumption_gj,tp
460,hot_water_consumption,fn
460,total_heat_consumption,fn
461,invoice_number,tp
461,issue_date,fp
461,due_date,fp
461,consumption_point_code,fp
461,amount_ex_vat,fp
461,amount_inc_vat,fp
461,supplier_tax_id,tp
461,customer_tax_id,fp
461,consumption_gj,fp
461,hot_water_consumption,fp
461,supplementary_water,tp
461,total_heat_consumption,fn
462,invoice_number,fp
462,period_from,tp
462,period_to,tp
462,issue_date,fp
462,due_date,tp
462,tax_point_date,fp
462,consumption_point_code,fp
462,amount_ex_vat,tp
462,amount_inc_vat,tp
462,supplier_tax_id,fp
462,customer_tax_id,fp
462,consumption_gj,tp
462,total_heat_consumption,fn
463,invoice_number,tp
463,period_from,tp
463,period_to,tp
463,issue_date,tp
463,due_date,tp
463,tax_point_date,tp
463,consumption_point_code,tp
463,amount_ex_vat,tp
463,amount_inc_vat,tp
463,supplier_tax_id,tp
463,customer_tax_id,tp
463,consumption_gj,tp
463,hot_water_consumption,tp
463,reserved_capacity,tp
463,total_heat_consumption,fn
464,invoice_number,tp
464,period_from,tp
464,period_to,tp
464,issue_date,tp
464,due_date,tp
464,tax_point_date,tp
464,consumption_point_code,tp
464,amount_ex_vat,tp
464,amount_inc_vat,tp
464,supplier_tax_id,tp
464,customer_tax_id,tp
464,consumption_gj,tp
464,reserved_capacity,fp
464,total_heat_consumption,fn
465,invoice_number,tp
465,period_from,tp
465,period_to,tp
465,issue_date,tp
465,due_date,tp
465,tax_point_date,tp
465,consumption_point_code,fp
465,amount_ex_vat,fp
465,amount_inc_vat,fp
465,supplier_tax_id,tp
465,customer_tax_id,tp
465,consumption_gj,tp
465,supplementary_water,tp
465,total_heat_consumption,fn
466,invoice_number,tp
466,period_from,tp
466,period_to,tp
466,issue_date,tp
466,due_date,tp
466,tax_point_date,tp
466,consumption_point_code,tp
466,amount_ex_vat,tp
466,amount_inc_vat,tp
466,supplier_tax_id,tp
466,customer_tax_id,tp
466,consumption_gj,tp
466,reserved_capacity,tp
466,total_heat_consumption,fn
467,invoice_number,tp
467,period_from,tp
467,period_to,tp
467,issue_date,tp
467,due_date,tp
467,tax_point_date,tp
467,consumption_point_code,tp
467,amount_ex_vat,tp
467,amount_inc_vat,tp
467,supplier_tax_id,tp
467,customer_tax_id,tp
467,consumption_gj,fp
467,reserved_capacity,fp
467,total_heat_consumption,fn
468,invoice_number,tp
468,period_from,tp
468,period_to,tp
468,issue_date,tp
468,due_date,tp
468,tax_point_date,tp
468,consumption_point_code,tp
468,amount_ex_vat,fp
468,amount_inc_vat,fp
468,supplier_tax_id,tp
468,customer_tax_id,tp
468,consumption_gj,tp
468,reserved_capacity,tp
468,supplementary_water,fp
468,total_heat_consumption,fn
469,invoice_number,tp
469,period_from,tp
469,period_to,tp
469,issue_date,tp
469,due_date,tp
469,tax_point_date,tp
469,consumption_point_code,tp
469,amount_ex_vat,fp
469,amount_inc_vat,fp
469,supplier_tax_id,tp
469,customer_tax_id,tp
469,consumption_gj,tp
469,supplementary_water,tp
469,total_heat_consumption,fn
470,invoice_number,tp
470,period_from,tp
470,period_to,tp
470,issue_date,tp
470,due_date,tp
470,tax_point_date,tp
470,consumption_point_code,tp
470,amount_ex_vat,tp
470,amount_inc_vat,tp
470,supplier_tax_id,tp
470,customer_tax_id,tp
470,consumption_gj,tp
470,reserved_capacity,tp
470,supplementary_water,tp
470,total_heat_consumption,fn
471,invoice_number,tp
471,period_from,tp
471,period_to,tp
471,issue_date,tp
471,due_date,tp
471,tax_point_date,tp
471,consumption_point_code,tp
471,amount_ex_vat,fp
471,amount_inc_vat,fp
471,supplier_tax_id,tp
471,customer_tax_id,tp
471,consumption_gj,fp
471,supplementary_water,tp
471,total_heat_consumption,fn
472,invoice_number,tp
472,period_from,tp
472,period_to,tp
472,issue_date,tp
472,due_date,tp
472,tax_point_date,tp
472,consumption_point_code,fp
472,amount_ex_vat,tp
472,amount_inc_vat,tp
472,supplier_tax_id,tp
472,customer_tax_id,tp
472,consumption_gj,tp
472,total_heat_consumption,fn
473,invoice_number,tp
473,period_from,tp
473,period_to,tp
473,issue_date,tp
473,due_date,tp
473,tax_point_date,tp
473,consumption_point_code,tp
473,amount_ex_vat,tp
473,amount_inc_vat,tp
473,supplier_tax_id,tp
473,customer_tax_id,tp
473,consumption_gj,tp
473,reserved_capacity,tp
473,total_heat_consumption,fn
474,invoice_number,tp
474,period_from,tp
474,period_to,tp
474,issue_date,tp
474,due_date,tp
474,tax_point_date,tp
474,consumption_point_code,tp
474,amount_ex_vat,tp
474,amount_inc_vat,tp
474,supplier_tax_id,tp
474,customer_tax_id,tp
474,consumption_gj,tp
474,hot_water_consumption,tp
474,reserved_capacity,tp
474,total_heat_consumption,fn
475,invoice_number,tp
475,period_from,tp
475,period_to,tp
475,issue_date,tp
475,due_date,tp
475,tax_point_date,tp
475,consumption_point_code,tp
475,amount_ex_vat,tp
475,amount_inc_vat,tp
475,supplier_tax_id,tp
475,customer_tax_id,tp
475,consumption_gj,tp
475,hot_water_consumption,tp
475,reserved_capacity,tp
475,total_heat_consumption,fn
476,invoice_number,tp
476,period_from,tp
476,period_to,tp
476,issue_date,tp
476,due_date,tp
476,tax_point_date,tp
476,consumption_point_code,fp
476,amount_ex_vat,fp
476,amount_inc_vat,fp
476,supplier_tax_id,tp
476,customer_tax_id,tp
476,consumption_gj,tp
476,reserved_capacity,tp
476,total_heat_consumption,fn
477,invoice_number,tp
477,period_from,tp
477,period_to,tp
477,issue_date,tp
477,due_date,tp
477,tax_point_date,tp
477,consumption_point_code,tp
477,amount_ex_vat,fp
477,amount_inc_vat,fp
477,supplier_tax_id,tp
477,customer_tax_id,tp
477,consumption_gj,fp
477,reserved_capacity,fp
477,supplementary_water,tp
477,total_heat_consumption,fn
478,invoice_number,tp
478,period_from,tp
478,period_to,tp
478,issue_date,tp
478,due_date,tp
478,tax_point_date,tp
478,consumption_point_code,tp
478,amount_ex_vat,fp
478,amount_inc_vat,fp
478,supplier_tax_id,tp
478,customer_tax_id,tp
478,consumption_gj,tp
478,reserved_capacity,fp
478,supplementary_water,tp
478,total_heat_consumption,fn
479,invoice_number,tp
479,period_from,tp
479,period_to,tp
479,issue_date,tp
479,due_date,tp
479,tax_point_date,tp
479,consumption_point_code,tp
479,amount_ex_vat,fp
479,amount_inc_vat,fp
479,supplier_tax_id,tp
479,customer_tax_id,tp
479,consumption_gj,fp
479,reserved_capacity,fp
479,total_heat_consumption,fn
480,invoice_number,tp
480,period_from,tp
480,period_to,tp
480,issue_date,tp
480,due_date,tp
480,tax_point_date,tp
480,consumption_point_code,tp
480,amount_ex_vat,tp
480,amount_inc_vat,tp
480,supplier_tax_id,tp
480,customer_tax_id,tp
480,consumption_gj,fp
480,reserved_capacity,fp
480,total_heat_consumption,fn
481,invoice_number,tp
481,period_from,tp
481,period_to,tp
481,issue_date,tp
481,due_date,tp
481,tax_point_date,tp
481,consumption_point_code,tp
481,amount_ex_vat,tp
481,amount_inc_vat,tp
481,supplier_tax_id,tp
481,customer_tax_id,tp
481,consumption_gj,fp
481,reserved_capacity,tp
481,supplementary_water,tp
481,total_heat_consumption,fn
482,invoice_number,tp
482,period_from,tp
482,period_to,tp
482,issue_date,tp
482,due_date,tp
482,tax_point_date,tp
482,consumption_point_code,tp
482,amount_ex_vat,fp
482,amount_inc_vat,fp
482,supplier_tax_id,tp
482,customer_tax_id,tp
482,consumption_gj,fp
482,reserved_capacity,fp
482,supplementary_water,tp
482,total_heat_consumption,fn
483,invoice_number,tp
483,period_from,tp
483,period_to,tp
483,issue_date,tp
483,due_date,tp
483,tax_point_date,tp
483,consumption_point_code,tp
483,amount_ex_vat,fp
483,amount_inc_vat,fp
483,supplier_tax_id,tp
483,customer_tax_id,tp
483,consumption_gj,fp
483,reserved_capacity,tp
483,supplementary_water,fp
483,total_heat_consumption,fn
484,invoice_number,tp
484,period_from,tp
484,period_to,tp
484,issue_date,tp
484,due_date,tp
484,tax_point_date,tp
484,consumption_point_code,tp
484,amount_ex_vat,tp
484,amount_inc_vat,tp
484,supplier_tax_id,tp
484,customer_tax_id,tp
484,consumption_gj,tp
484,reserved_capacity,fp
484,total_heat_consumption,fn
485,invoice_number,tp
485,period_from,tp
485,period_to,tp
485,issue_date,tp
485,due_date,tp
485,tax_point_date,tp
485,consumption_point_code,tp
485,amount_ex_vat,tp
485,amount_inc_vat,tp
485,supplier_tax_id,tp
485,customer_tax_id,tp
485,consumption_gj,tp
485,reserved_capacity,tp
485,total_heat_consumption,fn
486,invoice_number,tp
486,period_from,tp
486,period_to,tp
486,issue_date,tp
486,due_date,tp
486,tax_point_date,tp
486,consumption_point_code,tp
486,amount_ex_vat,tp
486,amount_inc_vat,tp
486,supplier_tax_id,tp
486,customer_tax_id,tp
486,consumption_gj,tp
486,supplementary_water,tp
486,total_heat_consumption,fn
487,invoice_number,tp
487,period_from,tp
487,period_to,tp
487,issue_date,fp
487,due_date,tp
487,tax_point_date,tp
487,consumption_point_code,fp
487,amount_ex_vat,fp
487,amount_inc_vat,fp
487,supplier_tax_id,tp
487,customer_tax_id,tp
487,consumption_gj,tp
487,reserved_capacity,fp
487,supplementary_water,fp
487,total_heat_consumption,fp
488,invoice_number,tp
488,period_from,fp
488,period_to,fp
488,issue_date,tp
488,due_date,tp
488,tax_point_date,tp
488,amount_ex_vat,tp
488,amount_inc_vat,tp
488,supplier_tax_id,tp
488,customer_tax_id,tp
488,consumption_gj,tp
488,total_heat_consumption,fn
489,invoice_number,tp
489,period_from,tp
489,period_to,tp
489,issue_date,tp
489,due_date,tp
489,tax_point_date,tp
489,amount_ex_vat,tp
489,amount_inc_vat,tp
489,supplier_tax_id,tp
489,customer_tax_id,tp
489,consumption_gj,tp
489,total_heat_consumption,fn
490,invoice_number,tp
490,period_from,tp
490,period_to,tp
490,issue_date,tp
490,due_date,tp
490,tax_point_date,tp
490,amount_ex_vat,tp
490,amount_inc_vat,tp
490,supplier_tax_id,tp
490,customer_tax_id,tp
490,consumption_gj,tp
490,total_heat_consumption,fn
491,invoice_number,tp
491,period_from,tp
491,period_to,tp
491,issue_date,tp
491,due_date,tp
491,tax_point_date,tp
491,amount_ex_vat,fp
491,amount_inc_vat,tp
491,supplier_tax_id,tp
491,customer_tax_id,tp
491,consumption_gj,tp
491,total_heat_consumption,fn
492,invoice_number,tp
492,period_from,tp
492,period_to,tp
492,issue_date,tp
492,due_date,tp
492,tax_point_date,tp
492,amount_ex_vat,tp
492,amount_inc_vat,tp
492,supplier_tax_id,tp
492,customer_tax_id,tp
492,consumption_gj,tp
492,total_heat_consumption,fn
493,invoice_number,tp
493,period_from,fp
493,period_to,fp
493,issue_date,tp
493,due_date,tp
493,tax_point_date,tp
493,amount_ex_vat,tp
493,amount_inc_vat,fp
493,supplier_tax_id,tp
493,customer_tax_id,tp
493,consumption_gj,fp
493,total_heat_consumption,fn
494,invoice_number,tp
494,period_from,tp
494,period_to,tp
494,issue_date,tp
494,due_date,tp
494,tax_point_date,tp
494,amount_ex_vat,tp
494,amount_inc_vat,tp
494,supplier_tax_id,tp
494,customer_tax_id,tp
494,consumption_gj,tp
494,total_heat_consumption,fn
495,invoice_number,tp
495,period_from,tp
495,period_to,tp
495,issue_date,tp
495,due_date,tp
495,tax_point_date,tp
495,amount_ex_vat,tp
495,amount_inc_vat,tp
495,supplier_tax_id,tp
495,customer_tax_id,tp
495,consumption_gj,tp
495,total_heat_consumption,fn
496,invoice_number,tp
496,supplier_tax_id,tp
496,customer_tax_id,tp
496,total_heat_consumption,fn
497,invoice_number,tp
497,period_from,tp
497,period_to,tp
497,issue_date,tp
497,due_date,tp
497,tax_point_date,tp
497,amount_ex_vat,tp
497,amount_inc_vat,tp
497,supplier_tax_id,tp
497,customer_tax_id,fp
497,consumption_gj,tp
497,total_heat_consumption,fn
498,invoice_number,tp
498,period_from,tp
498,period_to,tp
498,issue_date,fp
498,due_date,tp
498,tax_point_date,tp
498,amount_ex_vat,tp
498,amount_inc_vat,tp
498,supplier_tax_id,tp
498,customer_tax_id,tp
498,consumption_gj,tp
498,total_heat_consumption,fn
499,invoice_number,tp
499,period_from,tp
499,period_to,tp
499,issue_date,fp
499,due_date,fp
499,tax_point_date,fp
499,amount_ex_vat,tp
499,amount_inc_vat,tp
499,supplier_tax_id,tp
499,customer_tax_id,tp
499,consumption_gj,tp
499,hot_water_consumption,fp
499,total_heat_consumption,fn
500,invoice_number,tp
500,period_from,tp
500,period_to,tp
500,issue_date,tp
500,due_date,tp
500,tax_point_date,tp
500,consumption_point_code,tp
500,amount_ex_vat,tp
500,amount_inc_vat,tp
500,supplier_tax_id,tp
500,customer_tax_id,tp
500,consumption_gj,fp
500,hot_water_consumption,tp
500,total_heat_consumption,fp
501,invoice_number,tp
501,period_from,tp
501,period_to,tp
501,issue_date,fn
501,due_date,tp
501,tax_point_date,tp
501,consumption_point_code,tp
501,amount_ex_vat,tp
501,amount_inc_vat,tp
501,supplier_tax_id,tp
501,customer_tax_id,tp
501,consumption_gj,tp
501,total_heat_consumption,fn
502,invoice_number,tp
502,period_from,tp
502,period_to,tp
502,issue_date,tp
502,due_date,tp
502,tax_point_date,fn
502,consumption_point_code,tp
502,amount_ex_vat,tp
502,amount_inc_vat,tp
502,supplier_tax_id,tp
502,customer_tax_id,tp
502,consumption_gj,tp
502,total_heat_consumption,tp
503,invoice_number,tp
503,period_from,tp
503,period_to,tp
503,issue_date,tp
503,due_date,fn
503,tax_point_date,fp
503,consumption_point_code,tp
503,amount_ex_vat,fp
503,amount_inc_vat,fp
503,supplier_tax_id,tp
503,customer_tax_id,tp
503,consumption_gj,tp
503,total_heat_consumption,fn
504,invoice_number,tp
504,period_from,tp
504,period_to,tp
504,issue_date,tp
504,due_date,fn
504,tax_point_date,fp
504,consumption_point_code,tp
504,amount_ex_vat,tp
504,amount_inc_vat,tp
504,supplier_tax_id,tp
504,customer_tax_id,tp
504,consumption_gj,tp
504,total_heat_consumption,tp
505,invoice_number,tp
505,period_from,tp
505,period_to,tp
505,issue_date,fp
505,due_date,fp
505,tax_point_date,fp
505,amount_ex_vat,tp
505,amount_inc_vat,tp
505,supplier_tax_id,fp
505,customer_tax_id,tp
505,consumption_gj,tp
505,hot_water_consumption,tp
505,total_heat_consumption,fn
506,invoice_number,tp
506,period_from,fp
506,period_to,tp
506,issue_date,tp
506,due_date,tp
506,tax_point_date,tp
506,consumption_point_code,tp
506,amount_ex_vat,tp
506,amount_inc_vat,tp
506,supplier_tax_id,tp
506,customer_tax_id,tp
506,consumption_gj,tp
506,total_heat_consumption,tp
507,invoice_number,tp
507,period_from,tp
507,period_to,tp
507,issue_date,fp
507,due_date,tp
507,tax_point_date,tp
507,amount_ex_vat,tp
507,amount_inc_vat,tp
507,supplier_tax_id,tp
507,customer_tax_id,tp
507,consumption_gj,tp
507,total_heat_consumption,fn
508,invoice_number,tp
508,period_from,tp
508,period_to,tp
508,issue_date,tp
508,due_date,tp
508,tax_point_date,tp
508,consumption_point_code,tp
508,amount_ex_vat,tp
508,amount_inc_vat,tp
508,supplier_tax_id,tp
508,customer_tax_id,tp
508,consumption_gj,fp
508,hot_water_consumption,tp
508,total_heat_consumption,tp
509,invoice_number,tp
509,period_from,tp
509,period_to,tp
509,issue_date,tp
509,due_date,tp
509,tax_point_date,tp
509,consumption_point_code,tp
509,amount_ex_vat,tp
509,amount_inc_vat,tp
509,supplier_tax_id,tp
509,customer_tax_id,tp
509,consumption_gj,tp
509,hot_water_consumption,tp
509,total_heat_consumption,fn
510,invoice_number,tp
510,period_from,tp
510,period_to,tp
510,issue_date,tp
510,due_date,tp
510,tax_point_date,tp
510,consumption_point_code,tp
510,amount_ex_vat,tp
510,amount_inc_vat,tp
510,supplier_tax_id,tp
510,customer_tax_id,tp
510,consumption_gj,fp
510,hot_water_consumption,tp
510,total_heat_consumption,tp
511,invoice_number,tp
511,period_from,tp
511,period_to,tp
511,issue_date,tp
511,due_date,tp
511,tax_point_date,tp
511,consumption_point_code,tp
511,amount_ex_vat,fp
511,amount_inc_vat,tp
511,supplier_tax_id,tp
511,customer_tax_id,tp
511,consumption_gj,fp
511,hot_water_consumption,tp
511,total_heat_consumption,fn
512,invoice_number,tp
512,period_from,tp
512,period_to,tp
512,issue_date,tp
512,due_date,tp
512,tax_point_date,tp
512,consumption_point_code,tp
512,amount_ex_vat,tp
512,amount_inc_vat,tp
512,supplier_tax_id,tp
512,customer_tax_id,tp
512,consumption_gj,fp
512,hot_water_consumption,fn
512,total_heat_consumption,tp
513,invoice_number,tp
513,period_from,tp
513,period_to,tp
513,issue_date,tp
513,due_date,tp
513,tax_point_date,tp
513,consumption_point_code,tp
513,amount_ex_vat,tp
513,amount_inc_vat,tp
513,supplier_tax_id,tp
513,customer_tax_id,tp
513,consumption_gj,fp
513,hot_water_consumption,fn
513,total_heat_consumption,fp
514,invoice_number,tp
514,period_from,tp
514,period_to,tp
514,issue_date,tp
514,due_date,tp
514,tax_point_date,tp
514,consumption_point_code,tp
514,amount_ex_vat,tp
514,amount_inc_vat,tp
514,supplier_tax_id,tp
514,customer_tax_id,tp
514,consumption_gj,tp
514,hot_water_consumption,tp
514,total_heat_consumption,fn
515,invoice_number,tp
515,period_from,tp
515,period_to,tp
515,issue_date,tp
515,due_date,tp
515,tax_point_date,tp
515,consumption_point_code,tp
515,amount_ex_vat,fp
515,amount_inc_vat,tp
515,supplier_tax_id,tp
515,customer_tax_id,tp
515,consumption_gj,tp
515,hot_water_consumption,tp
515,total_heat_consumption,fn
516,invoice_number,tp
516,period_from,tp
516,period_to,tp
516,issue_date,tp
516,due_date,tp
516,tax_point_date,tp
516,consumption_point_code,tp
516,amount_ex_vat,tp
516,amount_inc_vat,tp
516,supplier_tax_id,tp
516,customer_tax_id,tp
516,consumption_gj,fp
516,hot_water_consumption,tp
516,total_heat_consumption,tp
517,invoice_number,tp
517,period_from,tp
517,period_to,tp
517,issue_date,tp
517,due_date,tp
517,tax_point_date,tp
517,consumption_point_code,tp
517,amount_ex_vat,tp
517,amount_inc_vat,tp
517,supplier_tax_id,tp
517,customer_tax_id,tp
517,consumption_gj,fp
517,hot_water_consumption,tp
517,total_heat_consumption,fn
518,invoice_number,tp
518,period_from,tp
518,period_to,tp
518,issue_date,tp
518,due_date,tp
518,tax_point_date,tp
518,consumption_point_code,tp
518,amount_ex_vat,fp
518,amount_inc_vat,fp
518,supplier_tax_id,tp
518,customer_tax_id,tp
518,consumption_vodne_m3,fp
518,consumption_stocne_m3,fp
518,consumption_srazkove_m3,fn
519,invoice_number,tp
519,period_from,tp
519,period_to,tp
519,issue_date,fp
519,due_date,tp
519,tax_point_date,tp
519,consumption_point_code,tp
519,amount_ex_vat,fp
519,amount_inc_vat,fp
519,supplier_tax_id,tp
519,customer_tax_id,tp
519,consumption_vodne_m3,fp
519,consumption_stocne_m3,fp
519,consumption_srazkove_m3,fn
520,invoice_number,fp
520,period_from,tp
520,period_to,tp
520,issue_date,tp
520,due_date,fp
520,tax_point_date,tp
520,consumption_point_code,tp
520,amount_ex_vat,tp
520,amount_inc_vat,tp
520,supplier_tax_id,tp
520,customer_tax_id,tp
520,consumption_vodne_m3,fp
520,consumption_stocne_m3,fp
520,consumption_srazkove_m3,fp
521,invoice_number,tp
521,period_from,tp
521,period_to,tp
521,issue_date,tp
521,due_date,tp
521,tax_point_date,tp
521,consumption_point_code,tp
521,amount_ex_vat,tp
521,amount_inc_vat,tp
521,supplier_tax_id,tp
521,customer_tax_id,tp
521,consumption_vodne_m3,fp
521,consumption_stocne_m3,fp
521,consumption_srazkove_m3,fp
522,invoice_number,tp
522,period_from,tp
522,period_to,tp
522,issue_date,fp
522,due_date,tp
522,tax_point_date,tp
522,consumption_point_code,tp
522,amount_ex_vat,tp
522,amount_inc_vat,tp
522,supplier_tax_id,tp
522,customer_tax_id,tp
522,consumption_vodne_m3,fp
522,consumption_stocne_m3,fp
522,consumption_srazkove_m3,fn
523,invoice_number,fp
523,period_from,tp
523,period_to,tp
523,issue_date,fp
523,due_date,tp
523,tax_point_date,tp
523,consumption_point_code,fp
523,amount_ex_vat,tp
523,amount_inc_vat,tp
523,supplier_tax_id,tp
523,customer_tax_id,tp
523,consumption_vodne_m3,fp
523,consumption_stocne_m3,fp
523,consumption_srazkove_m3,fn
524,invoice_number,tp
524,period_from,tp
524,period_to,fp
524,issue_date,tp
524,due_date,tp
524,tax_point_date,tp
524,consumption_point_code,fp
524,amount_ex_vat,fp
524,amount_inc_vat,fp
524,supplier_tax_id,tp
524,customer_tax_id,tp
524,consumption_vodne_m3,fp
524,consumption_stocne_m3,fp
524,consumption_srazkove_m3,fn
525,invoice_number,tp
525,period_from,tp
525,period_to,tp
525,issue_date,fp
525,due_date,fn
525,tax_point_date,fn
525,consumption_point_code,fp
525,amount_ex_vat,fp
525,amount_inc_vat,fp
525,supplier_tax_id,tp
525,customer_tax_id,tp
525,consumption_vodne_m3,fp
525,consumption_stocne_m3,fp
525,consumption_srazkove_m3,fp
526,invoice_number,tp
526,period_from,fp
526,period_to,fp
526,issue_date,fp
526,due_date,tp
526,tax_point_date,fp
526,consumption_point_code,fp
526,amount_ex_vat,fp
526,amount_inc_vat,fp
526,supplier_tax_id,tp
526,customer_tax_id,tp
526,consumption_vodne_m3,fp
526,consumption_stocne_m3,fp
526,consumption_srazkove_m3,fp
527,invoice_number,tp
527,period_from,tp
527,period_to,tp
527,issue_date,tp
527,due_date,tp
527,tax_point_date,tp
527,consumption_point_code,fp
527,amount_ex_vat,tp
527,amount_inc_vat,tp
527,supplier_tax_id,tp
527,customer_tax_id,tp
527,consumption_vodne_m3,fp
527,consumption_stocne_m3,fp
527,consumption_srazkove_m3,fn
528,invoice_number,tp
528,period_from,tp
528,period_to,tp
528,issue_date,tp
528,due_date,tp
528,tax_point_date,tp
528,consumption_point_code,tp
528,amount_ex_vat,tp
528,amount_inc_vat,tp
528,supplier_tax_id,tp
528,customer_tax_id,tp
528,consumption_vodne_m3,fp
528,consumption_stocne_m3,fp
528,consumption_srazkove_m3,fn
529,invoice_number,tp
529,period_from,tp
529,period_to,tp
529,issue_date,tp
529,due_date,tp
529,tax_point_date,tp
529,consumption_point_code,fp
529,amount_ex_vat,tp
529,amount_inc_vat,tp
529,supplier_tax_id,tp
529,customer_tax_id,tp
529,consumption_vodne_m3,tp
529,consumption_stocne_m3,tp
529,consumption_srazkove_m3,fn
530,invoice_number,tp
530,period_from,tp
530,period_to,tp
530,issue_date,tp
530,due_date,tp
530,tax_point_date,tp
530,consumption_point_code,tp
530,amount_ex_vat,tp
530,amount_inc_vat,tp
530,supplier_tax_id,tp
530,customer_tax_id,tp
530,consumption_vodne_m3,fp
530,consumption_stocne_m3,fp
530,consumption_srazkove_m3,fn
531,invoice_number,tp
531,period_from,tp
531,period_to,tp
531,issue_date,tp
531,due_date,tp
531,tax_point_date,tp
531,consumption_point_code,fp
531,amount_ex_vat,tp
531,amount_inc_vat,tp
531,supplier_tax_id,tp
531,customer_tax_id,tp
531,consumption_vodne_m3,fp
531,consumption_stocne_m3,fp
531,consumption_srazkove_m3,tp
532,invoice_number,tp
532,period_from,tp
532,period_to,tp
532,issue_date,tp
532,due_date,tp
532,tax_point_date,tp
532,consumption_point_code,tp
532,amount_ex_vat,tp
532,amount_inc_vat,tp
532,supplier_tax_id,tp
532,customer_tax_id,tp
532,consumption_vodne_m3,tp
532,consumption_stocne_m3,tp
532,consumption_srazkove_m3,fn
533,invoice_number,tp
533,period_from,tp
533,period_to,tp
533,issue_date,tp
533,due_date,tp
533,tax_point_date,tp
533,consumption_point_code,fp
533,amount_ex_vat,tp
533,amount_inc_vat,tp
533,supplier_tax_id,tp
533,customer_tax_id,tp
533,consumption_vodne_m3,tp
533,consumption_stocne_m3,tp
533,consumption_srazkove_m3,tp
534,invoice_number,tp
534,period_from,tp
534,period_to,tp
534,issue_date,tp
534,due_date,tp
534,tax_point_date,tp
534,consumption_point_code,tp
534,amount_ex_vat,tp
534,amount_inc_vat,tp
534,supplier_tax_id,tp
534,customer_tax_id,tp
534,consumption_vodne_m3,tp
534,consumption_stocne_m3,tp
534,consumption_srazkove_m3,fp
535,invoice_number,tp
535,period_from,tp
535,period_to,tp
535,issue_date,tp
535,due_date,tp
535,tax_point_date,tp
535,consumption_point_code,tp
535,amount_ex_vat,tp
535,amount_inc_vat,tp
535,supplier_tax_id,tp
535,customer_tax_id,tp
535,consumption_vodne_m3,tp
535,consumption_stocne_m3,tp
535,consumption_srazkove_m3,tp
536,invoice_number,tp
536,period_from,tp
536,period_to,tp
536,issue_date,tp
536,due_date,tp
536,tax_point_date,tp
536,consumption_point_code,fp
536,amount_ex_vat,tp
536,amount_inc_vat,tp
536,supplier_tax_id,tp
536,customer_tax_id,tp
536,consumption_vodne_m3,tp
536,consumption_stocne_m3,tp
537,invoice_number,tp
537,period_from,tp
537,period_to,tp
537,issue_date,tp
537,due_date,tp
537,tax_point_date,tp
537,consumption_point_code,fp
537,amount_ex_vat,tp
537,amount_inc_vat,tp
537,supplier_tax_id,tp
537,customer_tax_id,tp
537,consumption_vodne_m3,tp
537,consumption_stocne_m3,tp
538,invoice_number,tp
538,period_from,tp
538,period_to,tp
538,issue_date,tp
538,due_date,tp
538,tax_point_date,tp
538,consumption_point_code,fp
538,amount_ex_vat,tp
538,amount_inc_vat,tp
538,supplier_tax_id,tp
538,customer_tax_id,tp
538,consumption_vodne_m3,tp
538,consumption_stocne_m3,tp
539,invoice_number,tp
539,period_from,tp
539,period_to,tp
539,issue_date,tp
539,due_date,tp
539,tax_point_date,tp
539,consumption_point_code,tp
539,amount_ex_vat,tp
539,amount_inc_vat,tp
539,supplier_tax_id,tp
539,customer_tax_id,tp
539,consumption_vodne_m3,tp
539,consumption_stocne_m3,tp
540,invoice_number,tp
540,period_from,tp
540,period_to,tp
540,issue_date,tp
540,due_date,tp
540,tax_point_date,tp
540,consumption_point_code,tp
540,amount_ex_vat,tp
540,amount_inc_vat,tp
540,supplier_tax_id,tp
540,customer_tax_id,tp
540,consumption_vodne_m3,tp
540,consumption_stocne_m3,tp
541,invoice_number,tp
541,period_from,tp
541,period_to,tp
541,issue_date,tp
541,due_date,tp
541,tax_point_date,tp
541,consumption_point_code,fp
541,amount_ex_vat,tp
541,amount_inc_vat,tp
541,supplier_tax_id,tp
541,customer_tax_id,tp
541,consumption_vodne_m3,tp
541,consumption_stocne_m3,tp
542,invoice_number,tp
542,period_from,tp
542,period_to,tp
542,issue_date,tp
542,due_date,tp
542,tax_point_date,tp
542,consumption_point_code,fp
542,amount_ex_vat,tp
542,amount_inc_vat,tp
542,supplier_tax_id,tp
542,customer_tax_id,tp
542,consumption_vodne_m3,tp
542,consumption_stocne_m3,tp
543,invoice_number,tp
543,period_from,tp
543,period_to,fp
543,issue_date,fp
543,due_date,tp
543,tax_point_date,fn
543,consumption_point_code,fp
543,amount_ex_vat,tp
543,amount_inc_vat,tp
543,supplier_tax_id,tp
543,customer_tax_id,tp
543,consumption_vodne_m3,fp
543,consumption_stocne_m3,fp
543,consumption_srazkove_m3,fn
544,invoice_number,tp
544,period_from,tp
544,period_to,tp
544,issue_date,tp
544,due_date,tp
544,tax_point_date,tp
544,consumption_point_code,tp
544,amount_ex_vat,tp
544,amount_inc_vat,tp
544,supplier_tax_id,tp
544,customer_tax_id,tp
544,consumption_vodne_m3,tp
544,consumption_stocne_m3,tp
545,invoice_number,tp
545,period_from,tp
545,period_to,tp
545,issue_date,tp
545,due_date,tp
545,tax_point_date,tp
545,consumption_point_code,tp
545,amount_ex_vat,tp
545,amount_inc_vat,tp
545,supplier_tax_id,tp
545,customer_tax_id,tp
545,consumption_vodne_m3,tp
545,consumption_stocne_m3,tp
545,consumption_srazkove_m3,fn
546,invoice_number,tp
546,period_from,tp
546,period_to,tp
546,issue_date,tp
546,due_date,tp
546,tax_point_date,tp
546,consumption_point_code,tp
546,amount_ex_vat,tp
546,amount_inc_vat,tp
546,supplier_tax_id,tp
546,customer_tax_id,tp
546,consumption_vodne_m3,tp
546,consumption_stocne_m3,fp
546,consumption_srazkove_m3,fn
547,invoice_number,tp
547,period_from,tp
547,period_to,tp
547,issue_date,tp
547,due_date,tp
547,tax_point_date,tp
547,consumption_point_code,tp
547,amount_ex_vat,tp
547,amount_inc_vat,tp
547,supplier_tax_id,tp
547,customer_tax_id,tp
547,consumption_vodne_m3,tp
547,consumption_stocne_m3,tp
547,consumption_srazkove_m3,tp
548,invoice_number,tp
548,period_from,tp
548,period_to,tp
548,issue_date,tp
548,due_date,tp
548,tax_point_date,tp
548,consumption_point_code,tp
548,amount_ex_vat,tp
548,amount_inc_vat,tp
548,supplier_tax_id,tp
548,customer_tax_id,tp
548,consumption_vodne_m3,tp
548,consumption_stocne_m3,tp
548,consumption_srazkove_m3,fn
549,invoice_number,tp
549,period_from,tp
549,period_to,tp
549,issue_date,tp
549,due_date,tp
549,tax_point_date,tp
549,consumption_point_code,tp
549,amount_ex_vat,tp
549,amount_inc_vat,tp
549,supplier_tax_id,tp
549,customer_tax_id,tp
549,consumption_vodne_m3,tp
549,consumption_stocne_m3,tp
549,consumption_srazkove_m3,fn
550,invoice_number,tp
550,period_from,tp
550,period_to,tp
550,issue_date,tp
550,due_date,tp
550,tax_point_date,tp
550,consumption_point_code,tp
550,amount_ex_vat,tp
550,amount_inc_vat,tp
550,supplier_tax_id,tp
550,customer_tax_id,tp
550,consumption_vodne_m3,tp
550,consumption_stocne_m3,tp
551,invoice_number,tp
551,period_from,tp
551,period_to,tp
551,issue_date,tp
551,due_date,tp
551,tax_point_date,tp
551,consumption_point_code,tp
551,amount_ex_vat,tp
551,amount_inc_vat,tp
551,supplier_tax_id,tp
551,customer_tax_id,tp
551,consumption_vodne_m3,fp
551,consumption_stocne_m3,fp
551,consumption_srazkove_m3,fn
552,invoice_number,tp
552,period_from,tp
552,period_to,tp
552,issue_date,tp
552,due_date,tp
552,tax_point_date,tp
552,consumption_point_code,fp
552,amount_ex_vat,tp
552,amount_inc_vat,tp
552,supplier_tax_id,tp
552,customer_tax_id,tp
552,consumption_vodne_m3,fp
552,consumption_stocne_m3,fp
552,consumption_srazkove_m3,fn
553,invoice_number,tp
553,period_from,tp
553,period_to,tp
553,issue_date,tp
553,due_date,tp
553,tax_point_date,tp
553,consumption_point_code,tp
553,amount_ex_vat,tp
553,amount_inc_vat,tp
553,supplier_tax_id,tp
553,customer_tax_id,tp
553,consumption_vodne_m3,tp
553,consumption_stocne_m3,tp
553,consumption_srazkove_m3,fn
554,invoice_number,tp
554,period_from,tp
554,period_to,tp
554,issue_date,fp
554,due_date,tp
554,tax_point_date,tp
554,consumption_point_code,tp
554,amount_ex_vat,tp
554,amount_inc_vat,tp
554,supplier_tax_id,fp
554,customer_tax_id,fp
554,consumption_vodne_m3,tp
554,consumption_stocne_m3,tp
554,consumption_srazkove_m3,fn
555,invoice_number,tp
555,period_from,tp
555,period_to,fp
555,issue_date,fp
555,due_date,tp
555,tax_point_date,tp
555,consumption_point_code,fp
555,amount_ex_vat,tp
555,amount_inc_vat,tp
555,supplier_tax_id,tp
555,customer_tax_id,tp
555,consumption_vodne_m3,fp
555,consumption_stocne_m3,fp
555,consumption_srazkove_m3,tp
556,invoice_number,fp
556,period_from,tp
556,period_to,tp
556,issue_date,tp
556,due_date,tp
556,tax_point_date,tp
556,consumption_point_code,fp
556,amount_ex_vat,tp
556,amount_inc_vat,tp
556,supplier_tax_id,tp
556,customer_tax_id,tp
556,consumption_vodne_m3,tp
556,consumption_stocne_m3,fp
556,consumption_srazkove_m3,fn
557,invoice_number,tp
557,period_from,tp
557,period_to,tp
557,issue_date,tp
557,due_date,tp
557,tax_point_date,tp
557,consumption_point_code,fp
557,amount_ex_vat,tp
557,amount_inc_vat,tp
557,supplier_tax_id,tp
557,customer_tax_id,tp
557,consumption_vodne_m3,tp
557,consumption_stocne_m3,fp
557,consumption_srazkove_m3,tp
558,invoice_number,tp
558,period_from,tp
558,period_to,tp
558,issue_date,tp
558,due_date,tp
558,tax_point_date,tp
558,consumption_point_code,tp
558,amount_ex_vat,fp
558,amount_inc_vat,tp
558,supplier_tax_id,tp
558,customer_tax_id,tp
558,consumption_vodne_m3,tp
558,consumption_stocne_m3,tp
559,invoice_number,fp
559,period_from,tp
559,period_to,tp
559,issue_date,tp
559,due_date,tp
559,tax_point_date,tp
559,consumption_point_code,fp
559,amount_ex_vat,tp
559,amount_inc_vat,tp
559,supplier_tax_id,tp
559,customer_tax_id,tp
559,consumption_vodne_m3,tp
559,consumption_stocne_m3,tp
560,invoice_number,tp
560,period_from,tp
560,period_to,tp
560,issue_date,tp
560,due_date,tp
560,tax_point_date,tp
560,consumption_point_code,tp
560,amount_ex_vat,tp
560,amount_inc_vat,tp
560,supplier_tax_id,tp
560,customer_tax_id,tp
560,consumption_vodne_m3,tp
560,consumption_stocne_m3,tp
560,consumption_srazkove_m3,fn
561,invoice_number,tp
561,period_from,tp
561,period_to,tp
561,issue_date,fn
561,due_date,tp
561,tax_point_date,fn
561,consumption_point_code,fp
561,amount_ex_vat,tp
561,amount_inc_vat,tp
561,supplier_tax_id,tp
561,customer_tax_id,tp
561,consumption_vodne_m3,tp
561,consumption_stocne_m3,tp
561,consumption_srazkove_m3,fn
562,invoice_number,tp
562,period_from,tp
562,period_to,tp
562,issue_date,tp
562,due_date,tp
562,tax_point_date,tp
562,consumption_point_code,tp
562,amount_ex_vat,tp
562,amount_inc_vat,tp
562,supplier_tax_id,tp
562,customer_tax_id,tp
562,consumption_vodne_m3,tp
562,consumption_stocne_m3,tp
563,invoice_number,tp
563,period_from,tp
563,period_to,tp
563,issue_date,tp
563,due_date,tp
563,tax_point_date,tp
563,consumption_point_code,fp
563,amount_ex_vat,tp
563,amount_inc_vat,tp
563,supplier_tax_id,tp
563,customer_tax_id,tp
563,consumption_vodne_m3,tp
563,consumption_stocne_m3,fp
563,consumption_srazkove_m3,fp
564,invoice_number,tp
564,period_from,fp
564,period_to,tp
564,issue_date,fp
564,due_date,fp
564,tax_point_date,tp
564,consumption_point_code,fp
564,amount_ex_vat,tp
564,amount_inc_vat,fp
564,supplier_tax_id,tp
564,customer_tax_id,tp
564,consumption_vodne_m3,tp
564,consumption_stocne_m3,tp
564,consumption_srazkove_m3,fp
565,invoice_number,tp
565,period_from,tp
565,period_to,tp
565,issue_date,tp
565,due_date,tp
565,tax_point_date,tp
565,consumption_point_code,tp
565,amount_ex_vat,tp
565,amount_inc_vat,tp
565,supplier_tax_id,tp
565,customer_tax_id,tp
565,consumption_vodne_m3,tp
565,consumption_stocne_m3,tp
565,consumption_srazkove_m3,tp
566,invoice_number,tp
566,period_from,tp
566,period_to,tp
566,issue_date,tp
566,due_date,tp
566,tax_point_date,tp
566,consumption_point_code,fp
566,amount_ex_vat,tp
566,amount_inc_vat,tp
566,supplier_tax_id,tp
566,customer_tax_id,tp
566,consumption_vodne_m3,fp
566,consumption_stocne_m3,fn
566,consumption_srazkove_m3,fn
567,invoice_number,tp
567,period_from,tp
567,period_to,tp
567,issue_date,tp
567,due_date,tp
567,tax_point_date,tp
567,consumption_point_code,tp
567,amount_ex_vat,tp
567,amount_inc_vat,tp
567,supplier_tax_id,tp
567,customer_tax_id,tp
567,consumption_vodne_m3,tp
567,consumption_stocne_m3,tp
567,consumption_srazkove_m3,fn
568,invoice_number,tp
568,period_from,tp
568,period_to,tp
568,issue_date,tp
568,due_date,tp
568,tax_point_date,fn
568,consumption_point_code,fp
568,amount_ex_vat,fp
568,amount_inc_vat,fp
568,supplier_tax_id,tp
568,customer_tax_id,tp
568,consumption_vodne_m3,fp
568,consumption_stocne_m3,fp
569,invoice_number,tp
569,period_from,tp
569,period_to,tp
569,issue_date,tp
569,due_date,tp
569,tax_point_date,tp
569,consumption_point_code,fp
569,amount_ex_vat,fp
569,amount_inc_vat,fp
569,supplier_tax_id,tp
569,customer_tax_id,tp
569,consumption_vodne_m3,tp
569,consumption_stocne_m3,fp
569,consumption_srazkove_m3,fn
570,invoice_number,tp
570,period_from,tp
570,period_to,tp
570,issue_date,tp
570,due_date,tp
570,tax_point_date,tp
570,consumption_point_code,tp
570,amount_ex_vat,tp
570,amount_inc_vat,tp
570,supplier_tax_id,tp
570,customer_tax_id,tp
570,consumption_vodne_m3,tp
570,consumption_stocne_m3,tp
571,invoice_number,fp
571,period_from,fp
571,period_to,tp
571,issue_date,fp
571,due_date,fn
571,tax_point_date,fn
571,consumption_point_code,fp
571,amount_ex_vat,fp
571,amount_inc_vat,fp
571,supplier_tax_id,tp
571,customer_tax_id,fp
571,consumption_vodne_m3,fp
571,consumption_stocne_m3,fp
571,consumption_srazkove_m3,fn
572,invoice_number,tp
572,period_from,tp
572,period_to,fp
572,issue_date,tp
572,due_date,tp
572,tax_point_date,fp
572,consumption_point_code,fp
572,amount_ex_vat,fp
572,amount_inc_vat,fp
572,supplier_tax_id,tp
572,customer_tax_id,fp
572,consumption_vodne_m3,tp
572,consumption_stocne_m3,tp
