dokument,pipeline,commodity,quality,n_pages,n_fields,n_zero_excluded,n_short_exact,kie_mean,recall100,recall90,recall75,cer_field_mean,single_line_rate,y_spread_med,conf_mean,n_words,t_render_s,t_prep_s,t_ocr_s,ts
ba2ea8628c,P0_baseline,elektrina_nn,Q1,5,15,0,2,93.333,0.9333,0.9333,0.9333,0.0667,1.0,0.0,87.15,1719,0.62,0.0,15.8,2026-07-05T18:54:47
ba2ea8628c,P1_gray,elektrina_nn,Q1,5,15,0,2,93.333,0.9333,0.9333,0.9333,0.0667,1.0,0.0,86.77,1723,0.62,0.01,11.93,2026-07-05T18:54:59
ba2ea8628c,P2_gray_otsu,elektrina_nn,Q1,5,15,0,2,93.333,0.9333,0.9333,0.9333,0.0667,1.0,0.0,83.79,1723,0.62,0.05,10.86,2026-07-05T18:55:10
ba2ea8628c,P3_gray_adaptive,elektrina_nn,Q1,5,15,0,2,93.333,0.9333,0.9333,0.9333,0.0667,1.0,0.0,82.02,1804,0.62,0.25,11.39,2026-07-05T18:55:22
ba2ea8628c,P4_gray_denoise,elektrina_nn,Q1,5,15,0,2,93.333,0.9333,0.9333,0.9333,0.0667,1.0,0.0,87.41,1719,0.62,10.98,11.74,2026-07-05T18:55:45
ba2ea8628c,P5_gray_clahe,elektrina_nn,Q1,5,15,0,2,93.333,0.9333,0.9333,0.9333,0.0667,1.0,0.0,84.58,1587,0.62,0.06,12.62,2026-07-05T18:55:57
ba2ea8628c,P6_gray_denoise_otsu,elektrina_nn,Q1,5,15,0,2,93.333,0.9333,0.9333,0.9333,0.0667,1.0,0.0,84.09,1723,0.62,11.14,10.99,2026-07-05T18:56:20
ba2ea8628c,P7_gray_clahe_denoise,elektrina_nn,Q1,5,15,0,2,93.333,0.9333,0.9333,0.9333,0.0667,1.0,0.0,86.06,1633,0.62,10.38,11.71,2026-07-05T18:56:42
ba2ea8628c,P8_clahe_den_desk_otsu,elektrina_nn,Q1,5,15,0,2,86.0,0.8,0.8667,0.8667,0.14,1.0,0.0,82.42,1620,0.62,10.71,10.9,2026-07-05T18:57:03
20fa8702f6,P0_baseline,elektrina_nn,Q2,6,14,0,0,99.206,0.9286,0.9286,1.0,0.0079,1.0,0.0,80.57,1928,0.74,0.0,18.89,2026-07-05T18:57:23
20fa8702f6,P1_gray,elektrina_nn,Q2,6,14,0,0,100.0,1.0,1.0,1.0,0.0,1.0,0.0,81.09,2132,0.74,0.02,15.99,2026-07-05T18:57:39
20fa8702f6,P2_gray_otsu,elektrina_nn,Q2,6,14,0,0,100.0,1.0,1.0,1.0,0.0,1.0,0.0,79.28,2128,0.74,0.05,14.01,2026-07-05T18:57:53
20fa8702f6,P3_gray_adaptive,elektrina_nn,Q2,6,14,0,0,99.206,0.9286,0.9286,1.0,0.0079,1.0,0.0,79.37,2079,0.74,0.3,15.04,2026-07-05T18:58:09
20fa8702f6,P4_gray_denoise,elektrina_nn,Q2,6,14,0,0,100.0,1.0,1.0,1.0,0.0,1.0,0.0,81.28,2205,0.74,13.05,15.7,2026-07-05T18:58:38
20fa8702f6,P5_gray_clahe,elektrina_nn,Q2,6,14,0,0,97.222,0.9286,0.9286,0.9286,0.0437,1.0,0.0,80.46,1834,0.74,0.07,15.68,2026-07-05T18:58:53
20fa8702f6,P6_gray_denoise_otsu,elektrina_nn,Q2,6,14,0,0,100.0,1.0,1.0,1.0,0.0,1.0,0.0,78.41,2223,0.74,13.43,14.76,2026-07-05T18:59:22
20fa8702f6,P7_gray_clahe_denoise,elektrina_nn,Q2,6,14,0,0,97.222,0.9286,0.9286,0.9286,0.0437,1.0,0.0,81.44,1895,0.74,13.22,15.87,2026-07-05T18:59:51
20fa8702f6,P8_clahe_den_desk_otsu,elektrina_nn,Q2,6,14,0,0,94.841,0.8571,0.8571,0.8571,0.0873,1.0,0.0,78.92,1496,0.74,13.49,12.45,2026-07-05T19:00:17
e8b64b6189,P0_baseline,elektrina_nn,Q3,5,14,0,0,100.0,1.0,1.0,1.0,0.0,1.0,0.0,82.84,1535,0.6,0.0,12.6,2026-07-05T19:00:30
e8b64b6189,P1_gray,elektrina_nn,Q3,5,14,0,0,100.0,1.0,1.0,1.0,0.0,1.0,0.0,82.84,1535,0.6,0.01,10.03,2026-07-05T19:00:40
e8b64b6189,P2_gray_otsu,elektrina_nn,Q3,5,14,0,0,100.0,1.0,1.0,1.0,0.0,1.0,0.0,75.55,1551,0.6,0.05,9.69,2026-07-05T19:00:50
e8b64b6189,P3_gray_adaptive,elektrina_nn,Q3,5,14,0,0,99.107,0.9286,0.9286,1.0,0.0179,1.0,0.0,75.9,1588,0.6,0.25,9.26,2026-07-05T19:01:00
e8b64b6189,P4_gray_denoise,elektrina_nn,Q3,5,14,0,0,100.0,1.0,1.0,1.0,0.0,1.0,0.0,83.15,1536,0.6,11.15,10.15,2026-07-05T19:01:21
e8b64b6189,P5_gray_clahe,elektrina_nn,Q3,5,14,0,0,100.0,1.0,1.0,1.0,0.0,1.0,0.0,78.5,1468,0.6,0.06,9.55,2026-07-05T19:01:31
e8b64b6189,P6_gray_denoise_otsu,elektrina_nn,Q3,5,14,0,0,100.0,1.0,1.0,1.0,0.0,1.0,0.0,76.47,1546,0.6,10.84,9.25,2026-07-05T19:01:51
e8b64b6189,P7_gray_clahe_denoise,elektrina_nn,Q3,5,14,0,0,99.107,0.9286,0.9286,1.0,0.0089,1.0,0.0,80.69,1479,0.6,10.81,9.93,2026-07-05T19:02:12
e8b64b6189,P8_clahe_den_desk_otsu,elektrina_nn,Q3,5,14,0,0,100.0,1.0,1.0,1.0,0.0,1.0,0.0,78.33,1506,0.6,12.2,9.45,2026-07-05T19:02:33
cbb818e5cd,P0_baseline,elektrina_vn,Q1,4,12,0,0,95.833,0.8333,0.8333,0.9167,0.0729,1.0,0.0,82.81,1344,0.52,0.0,11.16,2026-07-05T19:02:45
cbb818e5cd,P1_gray,elektrina_vn,Q1,4,12,0,0,95.833,0.8333,0.8333,0.9167,0.0729,1.0,0.0,82.81,1344,0.48,0.01,9.76,2026-07-05T19:03:17
cbb818e5cd,P2_gray_otsu,elektrina_vn,Q1,4,12,0,0,95.833,0.8333,0.8333,0.9167,0.0729,1.0,0.0,80.81,1337,0.48,0.04,9.07,2026-07-05T19:03:26
cbb818e5cd,P3_gray_adaptive,elektrina_vn,Q1,4,12,0,0,90.069,0.6667,0.6667,0.8333,0.1472,1.0,0.0,82.97,1239,0.48,0.22,8.33,2026-07-05T19:03:35
cbb818e5cd,P4_gray_denoise,elektrina_vn,Q1,4,12,0,0,95.833,0.8333,0.8333,0.9167,0.0729,1.0,0.0,85.85,1307,0.48,8.8,8.66,2026-07-05T19:03:53
cbb818e5cd,P5_gray_clahe,elektrina_vn,Q1,4,12,0,0,95.833,0.8333,0.8333,0.9167,0.0729,1.0,0.0,87.29,1261,0.48,0.04,8.48,2026-07-05T19:04:01
cbb818e5cd,P6_gray_denoise_otsu,elektrina_vn,Q1,4,12,0,0,95.833,0.8333,0.8333,0.9167,0.0729,1.0,0.0,84.27,1309,0.48,9.32,8.3,2026-07-05T19:04:19
cbb818e5cd,P7_gray_clahe_denoise,elektrina_vn,Q1,4,12,0,0,95.833,0.8333,0.8333,0.9167,0.0729,1.0,0.0,88.03,1248,0.48,8.86,8.65,2026-07-05T19:04:36
cbb818e5cd,P8_clahe_den_desk_otsu,elektrina_vn,Q1,4,12,0,0,90.069,0.5833,0.5833,0.9167,0.1306,1.0,0.0,84.92,1242,0.48,9.3,8.21,2026-07-05T19:04:54
5e7ec8bb52,P0_baseline,elektrina_vn,Q2,4,12,0,0,91.875,0.6667,0.6667,0.9167,0.1021,1.0,0.0,82.81,1306,0.48,0.0,11.59,2026-07-05T19:05:06
5e7ec8bb52,P1_gray,elektrina_vn,Q2,4,12,0,0,85.208,0.6667,0.6667,0.8333,0.1687,1.0,0.0,84.42,1252,0.48,0.01,9.22,2026-07-05T19:05:15
5e7ec8bb52,P2_gray_otsu,elektrina_vn,Q2,4,12,0,0,85.208,0.6667,0.6667,0.8333,0.1687,1.0,0.0,80.93,1250,0.48,0.03,8.28,2026-07-05T19:05:24
5e7ec8bb52,P3_gray_adaptive,elektrina_vn,Q2,4,12,0,0,89.97,0.6667,0.6667,0.8333,0.133,1.0,0.0,83.14,1265,0.48,0.19,7.57,2026-07-05T19:05:32
5e7ec8bb52,P4_gray_denoise,elektrina_vn,Q2,4,12,0,0,85.208,0.6667,0.6667,0.8333,0.1687,1.0,0.0,86.61,1253,0.48,8.77,8.73,2026-07-05T19:05:49
5e7ec8bb52,P5_gray_clahe,elektrina_vn,Q2,4,12,0,0,93.304,0.8333,0.8333,0.8333,0.1116,1.0,0.0,83.77,945,0.48,0.05,9.28,2026-07-05T19:05:58
5e7ec8bb52,P6_gray_denoise_otsu,elektrina_vn,Q2,4,12,0,0,85.208,0.6667,0.6667,0.8333,0.1687,1.0,0.0,83.3,1254,0.48,8.9,8.09,2026-07-05T19:06:15
5e7ec8bb52,P7_gray_clahe_denoise,elektrina_vn,Q2,4,12,0,0,92.5,0.6667,0.6667,0.9167,0.0958,1.0,0.0,86.09,950,0.48,9.17,9.67,2026-07-05T19:06:34
5e7ec8bb52,P8_clahe_den_desk_otsu,elektrina_vn,Q2,4,12,0,0,91.504,0.6667,0.75,0.8333,0.1177,1.0,0.0,78.15,763,0.48,9.36,6.74,2026-07-05T19:06:51
20dfa1d7e0,P0_baseline,elektrina_vn,Q3,4,11,0,0,97.727,0.9091,0.9091,1.0,0.0227,1.0,0.0,80.97,1239,0.47,0.0,10.18,2026-07-05T19:07:01
20dfa1d7e0,P1_gray,elektrina_vn,Q3,4,11,0,0,97.727,0.9091,0.9091,1.0,0.0227,1.0,0.0,81.68,1292,0.47,0.01,8.5,2026-07-05T19:07:10
20dfa1d7e0,P2_gray_otsu,elektrina_vn,Q3,4,11,0,0,96.591,0.8182,0.8182,1.0,0.0341,1.0,0.0,78.95,1282,0.47,0.04,7.87,2026-07-05T19:07:18
20dfa1d7e0,P3_gray_adaptive,elektrina_vn,Q3,4,11,0,0,91.061,0.6364,0.6364,0.9091,0.1177,1.0,0.0,81.29,1234,0.47,0.2,8.43,2026-07-05T19:07:26
20dfa1d7e0,P4_gray_denoise,elektrina_vn,Q3,4,11,0,0,93.664,0.8182,0.8182,0.8182,0.1102,1.0,0.0,82.69,1243,0.47,8.82,8.25,2026-07-05T19:07:44
20dfa1d7e0,P5_gray_clahe,elektrina_vn,Q3,4,11,0,0,97.727,0.9091,0.9091,1.0,0.0227,1.0,0.0,81.12,981,0.47,0.05,8.17,2026-07-05T19:07:52
20dfa1d7e0,P6_gray_denoise_otsu,elektrina_vn,Q3,4,11,0,0,87.879,0.8182,0.8182,0.8182,0.1515,1.0,0.0,80.09,1250,0.47,8.89,7.87,2026-07-05T19:08:09
20dfa1d7e0,P7_gray_clahe_denoise,elektrina_vn,Q3,4,11,0,0,97.727,0.9091,0.9091,1.0,0.0227,1.0,0.0,83.28,1034,0.47,9.05,9.06,2026-07-05T19:08:27
20dfa1d7e0,P8_clahe_den_desk_otsu,elektrina_vn,Q3,4,11,0,0,97.727,0.9091,0.9091,1.0,0.0227,1.0,0.0,76.59,951,0.47,9.04,9.3,2026-07-05T19:08:45
7bbb6d14f1,P0_baseline,plyn_mo,Q1,4,14,0,0,100.0,1.0,1.0,1.0,0.0,1.0,0.0,82.26,1802,0.58,0.0,14.85,2026-07-05T19:35:57
7bbb6d14f1,P1_gray,plyn_mo,Q1,4,14,0,0,100.0,1.0,1.0,1.0,0.0,1.0,0.0,83.67,1727,0.58,0.01,12.57,2026-07-05T19:36:09
7bbb6d14f1,P2_gray_otsu,plyn_mo,Q1,4,14,0,0,100.0,1.0,1.0,1.0,0.0,1.0,0.0,85.0,1703,0.58,0.03,10.98,2026-07-05T19:36:21
7bbb6d14f1,P3_gray_adaptive,plyn_mo,Q1,4,14,0,0,99.107,0.9286,0.9286,1.0,0.0134,1.0,0.0,83.06,1654,0.58,0.2,9.96,2026-07-05T19:36:31
7bbb6d14f1,P4_gray_denoise,plyn_mo,Q1,4,14,0,0,100.0,1.0,1.0,1.0,0.0,1.0,0.0,84.37,1724,0.58,8.12,11.66,2026-07-05T19:36:51
7bbb6d14f1,P5_gray_clahe,plyn_mo,Q1,4,14,0,0,100.0,1.0,1.0,1.0,0.0,1.0,0.0,83.43,1776,0.58,0.05,11.95,2026-07-05T19:37:03
7bbb6d14f1,P6_gray_denoise_otsu,plyn_mo,Q1,4,14,0,0,100.0,1.0,1.0,1.0,0.0,1.0,0.0,84.92,1702,0.58,8.21,11.05,2026-07-05T19:37:22
7bbb6d14f1,P7_gray_clahe_denoise,plyn_mo,Q1,4,14,0,0,100.0,1.0,1.0,1.0,0.0,1.0,0.0,83.14,1785,0.58,8.37,12.09,2026-07-05T19:37:42
7bbb6d14f1,P8_clahe_den_desk_otsu,plyn_mo,Q1,4,14,0,0,99.554,0.9286,1.0,1.0,0.0045,1.0,0.0,81.29,1738,0.58,9.1,10.79,2026-07-05T19:38:02
3023ca174e,P0_baseline,plyn_mo,Q2,4,14,0,0,97.411,0.8571,0.9286,0.9286,0.0402,1.0,0.0,80.71,1210,0.53,0.0,13.5,2026-07-05T19:38:16
3023ca174e,P1_gray,plyn_mo,Q2,4,14,0,0,98.125,0.8571,0.9286,1.0,0.0304,1.0,0.0,85.19,1177,0.53,0.01,10.49,2026-07-05T19:38:27
3023ca174e,P2_gray_otsu,plyn_mo,Q2,4,14,0,0,97.857,0.9286,0.9286,0.9286,0.0357,1.0,0.0,78.98,1203,0.53,0.03,9.09,2026-07-05T19:38:36
3023ca174e,P3_gray_adaptive,plyn_mo,Q2,4,14,0,0,92.143,0.8571,0.9286,0.9286,0.0786,1.0,0.0,76.26,1536,0.53,0.2,8.93,2026-07-05T19:38:45
3023ca174e,P4_gray_denoise,plyn_mo,Q2,4,14,0,0,98.125,0.8571,0.9286,1.0,0.0259,1.0,0.0,85.03,1164,0.53,8.7,9.93,2026-07-05T19:39:04
3023ca174e,P5_gray_clahe,plyn_mo,Q2,4,14,0,0,97.411,0.8571,0.9286,0.9286,0.0304,1.0,0.0,80.65,1212,0.53,0.04,11.97,2026-07-05T19:39:16
3023ca174e,P6_gray_denoise_otsu,plyn_mo,Q2,4,14,0,0,96.429,0.7857,0.9286,0.9286,0.0357,1.0,0.0,79.16,1176,0.53,8.79,9.36,2026-07-05T19:39:34
3023ca174e,P7_gray_clahe_denoise,plyn_mo,Q2,4,14,0,0,97.411,0.8571,0.9286,0.9286,0.0304,1.0,0.0,81.7,1164,0.53,8.92,9.75,2026-07-05T19:39:53
3023ca174e,P8_clahe_den_desk_otsu,plyn_mo,Q2,4,14,0,0,97.411,0.8571,0.9286,0.9286,0.0304,1.0,0.0,76.29,1129,0.53,9.16,8.17,2026-07-05T19:40:10
a3b9417e45,P0_baseline,plyn_mo,Q3,4,13,0,0,51.453,0.0769,0.1538,0.3077,0.5143,1.0,0.0,30.32,502,0.21,0.0,8.33,2026-07-05T19:40:19
a3b9417e45,P1_gray,plyn_mo,Q3,4,13,0,0,41.284,0.0769,0.0769,0.0769,0.671,1.0,0.0,27.39,688,0.21,0.01,8.53,2026-07-05T19:40:27
a3b9417e45,P2_gray_otsu,plyn_mo,Q3,4,13,0,0,32.735,0.0,0.0,0.0,0.7329,,,23.29,689,0.21,0.03,8.57,2026-07-05T19:40:36
a3b9417e45,P3_gray_adaptive,plyn_mo,Q3,4,13,0,0,42.479,0.0769,0.1538,0.3846,0.6282,1.0,0.0,33.1,849,0.21,0.19,29.03,2026-07-05T19:41:05
a3b9417e45,P4_gray_denoise,plyn_mo,Q3,4,13,0,0,46.624,0.0,0.0,0.0,0.6385,,,30.31,765,0.21,8.54,8.13,2026-07-05T19:41:22
a3b9417e45,P5_gray_clahe,plyn_mo,Q3,4,13,0,0,10.962,0.0,0.0,0.0769,0.9308,,,26.07,543,0.21,0.04,7.57,2026-07-05T19:41:30
a3b9417e45,P6_gray_denoise_otsu,plyn_mo,Q3,4,13,0,0,33.383,0.0,0.0,0.0,0.7284,,,28.37,784,0.21,8.73,7.16,2026-07-05T19:41:46
a3b9417e45,P7_gray_clahe_denoise,plyn_mo,Q3,4,13,0,0,28.339,0.0,0.0,0.0,0.8073,,,34.72,401,0.21,8.8,7.54,2026-07-05T19:42:02
a3b9417e45,P8_clahe_den_desk_otsu,plyn_mo,Q3,4,13,0,0,18.767,0.0,0.0,0.0,0.859,,,29.18,411,0.21,9.34,6.18,2026-07-05T19:42:18
c22eadfd6b,P0_baseline,plyn_vo,Q1,3,13,0,0,96.658,0.7692,0.7692,1.0,0.0334,1.0,0.0,88.0,1300,0.36,0.0,10.08,2026-07-05T19:42:28
c22eadfd6b,P1_gray,plyn_vo,Q1,3,13,0,0,96.658,0.7692,0.7692,1.0,0.0334,1.0,0.0,87.99,1300,0.36,0.01,8.33,2026-07-05T19:42:36
c22eadfd6b,P2_gray_otsu,plyn_vo,Q1,3,13,0,0,96.658,0.7692,0.7692,1.0,0.0334,1.0,0.0,86.98,1302,0.36,0.03,7.59,2026-07-05T19:42:44
c22eadfd6b,P3_gray_adaptive,plyn_vo,Q1,3,13,0,0,96.658,0.7692,0.7692,1.0,0.0334,1.0,0.0,83.85,1250,0.36,0.15,6.7,2026-07-05T19:42:51
c22eadfd6b,P4_gray_denoise,plyn_vo,Q1,3,13,0,0,96.658,0.7692,0.7692,1.0,0.0334,1.0,0.0,88.59,1292,0.36,6.56,8.37,2026-07-05T19:43:06
c22eadfd6b,P5_gray_clahe,plyn_vo,Q1,3,13,0,0,96.658,0.7692,0.7692,1.0,0.0334,1.0,0.0,86.28,1356,0.36,0.03,8.7,2026-07-05T19:43:15
c22eadfd6b,P6_gray_denoise_otsu,plyn_vo,Q1,3,13,0,0,96.658,0.7692,0.7692,1.0,0.0334,1.0,0.0,87.13,1294,0.36,6.6,7.63,2026-07-05T19:43:29
c22eadfd6b,P7_gray_clahe_denoise,plyn_vo,Q1,3,13,0,0,96.658,0.7692,0.7692,1.0,0.0334,1.0,0.0,86.42,1383,0.36,6.5,8.56,2026-07-05T19:43:44
c22eadfd6b,P8_clahe_den_desk_otsu,plyn_vo,Q1,3,13,0,0,96.658,0.7692,0.7692,1.0,0.0334,1.0,0.0,84.34,1403,0.36,6.85,8.18,2026-07-05T19:43:59
8a88099411,P0_baseline,plyn_vo,Q2,4,13,0,0,95.406,0.8462,0.8462,0.9231,0.0556,1.0,0.0,76.21,1512,0.47,0.0,11.31,2026-07-05T19:44:11
8a88099411,P1_gray,plyn_vo,Q2,4,13,0,0,95.406,0.8462,0.8462,0.9231,0.0556,1.0,0.0,78.27,1497,0.47,0.01,9.27,2026-07-05T19:44:20
8a88099411,P2_gray_otsu,plyn_vo,Q2,4,13,0,0,95.406,0.8462,0.8462,0.9231,0.0556,1.0,0.0,79.72,1494,0.47,0.03,8.69,2026-07-05T19:44:29
8a88099411,P3_gray_adaptive,plyn_vo,Q2,4,13,0,0,95.726,0.8462,0.8462,0.9231,0.0427,1.0,0.0,76.78,1510,0.47,0.19,8.48,2026-07-05T19:44:38
8a88099411,P4_gray_denoise,plyn_vo,Q2,4,13,0,0,95.726,0.8462,0.8462,0.9231,0.0598,1.0,0.0,79.42,1488,0.47,8.56,9.06,2026-07-05T19:44:55
8a88099411,P5_gray_clahe,plyn_vo,Q2,4,13,0,0,95.726,0.8462,0.8462,0.9231,0.0598,1.0,0.0,77.16,1539,0.47,0.04,9.65,2026-07-05T19:45:05
8a88099411,P6_gray_denoise_otsu,plyn_vo,Q2,4,13,0,0,95.726,0.8462,0.8462,0.9231,0.0427,1.0,0.0,80.24,1489,0.47,8.61,8.47,2026-07-05T19:45:22
8a88099411,P7_gray_clahe_denoise,plyn_vo,Q2,4,13,0,0,95.406,0.8462,0.8462,0.9231,0.0556,1.0,0.0,78.53,1481,0.47,8.72,9.23,2026-07-05T19:45:40
8a88099411,P8_clahe_den_desk_otsu,plyn_vo,Q2,4,13,0,0,95.726,0.8462,0.8462,0.9231,0.0556,1.0,0.0,79.97,1492,0.47,9.17,8.53,2026-07-05T19:45:58
fec6ca0ba5,P0_baseline,plyn_vo,Q3,4,13,0,0,91.145,0.6154,0.6923,0.8462,0.1515,1.0,0.0,80.11,707,0.48,0.0,9.87,2026-07-05T19:46:09
fec6ca0ba5,P1_gray,plyn_vo,Q3,4,13,0,0,81.197,0.5385,0.5385,0.6923,0.2308,1.0,0.0,81.73,690,0.48,0.01,7.31,2026-07-05T19:46:16
fec6ca0ba5,P2_gray_otsu,plyn_vo,Q3,4,13,0,0,81.197,0.5385,0.5385,0.6923,0.2265,1.0,0.0,76.22,691,0.48,0.03,6.41,2026-07-05T19:46:22
fec6ca0ba5,P3_gray_adaptive,plyn_vo,Q3,4,13,0,0,88.828,0.6154,0.6923,0.6923,0.1766,1.0,0.0,75.52,767,0.48,0.19,6.48,2026-07-05T19:46:29
fec6ca0ba5,P4_gray_denoise,plyn_vo,Q3,4,13,0,0,79.966,0.4615,0.4615,0.6923,0.2419,1.0,0.0,81.43,509,0.48,8.88,6.03,2026-07-05T19:46:44
fec6ca0ba5,P5_gray_clahe,plyn_vo,Q3,4,13,0,0,85.06,0.5385,0.5385,0.6154,0.2075,1.0,0.0,78.98,410,0.48,0.05,7.36,2026-07-05T19:46:51
fec6ca0ba5,P6_gray_denoise_otsu,plyn_vo,Q3,4,13,0,0,79.35,0.4615,0.4615,0.6923,0.2651,1.0,0.0,73.86,516,0.48,8.86,5.24,2026-07-05T19:47:06
fec6ca0ba5,P7_gray_clahe_denoise,plyn_vo,Q3,4,13,0,0,77.675,0.4615,0.4615,0.5385,0.287,1.0,0.0,80.81,380,0.48,8.94,6.72,2026-07-05T19:47:21
fec6ca0ba5,P8_clahe_den_desk_otsu,plyn_vo,Q3,4,13,0,0,77.675,0.4615,0.4615,0.5385,0.2894,1.0,0.0,76.51,381,0.48,9.18,5.51,2026-07-05T19:47:36
a7fa9ee1bf,P0_baseline,teplo,Q1,1,12,0,0,95.949,0.8333,0.8333,0.9167,0.0718,1.0,0.0,84.97,147,0.13,0.0,1.72,2026-07-05T19:47:38
a7fa9ee1bf,P1_gray,teplo,Q1,1,12,0,0,95.949,0.8333,0.8333,0.9167,0.0718,1.0,0.0,84.99,147,0.13,0.0,1.4,2026-07-05T19:47:39
a7fa9ee1bf,P2_gray_otsu,teplo,Q1,1,12,0,0,95.949,0.8333,0.8333,0.9167,0.0613,1.0,0.0,85.52,139,0.13,0.01,1.27,2026-07-05T19:47:41
a7fa9ee1bf,P3_gray_adaptive,teplo,Q1,1,12,0,0,95.949,0.8333,0.8333,0.9167,0.0718,1.0,0.0,84.45,146,0.13,0.05,1.25,2026-07-05T19:47:42
a7fa9ee1bf,P4_gray_denoise,teplo,Q1,1,12,0,0,95.949,0.8333,0.8333,0.9167,0.0613,1.0,0.0,87.93,137,0.13,2.19,1.32,2026-07-05T19:47:45
a7fa9ee1bf,P5_gray_clahe,teplo,Q1,1,12,0,0,95.949,0.8333,0.8333,0.9167,0.0509,1.0,0.0,83.01,153,0.13,0.01,1.56,2026-07-05T19:47:47
a7fa9ee1bf,P6_gray_denoise_otsu,teplo,Q1,1,12,0,0,95.949,0.8333,0.8333,0.9167,0.0613,1.0,0.0,85.09,138,0.13,2.19,1.25,2026-07-05T19:47:50
a7fa9ee1bf,P7_gray_clahe_denoise,teplo,Q1,1,12,0,0,95.949,0.8333,0.8333,0.9167,0.0718,1.0,0.0,83.23,151,0.13,2.24,1.38,2026-07-05T19:47:54
a7fa9ee1bf,P8_clahe_den_desk_otsu,teplo,Q1,1,12,0,0,95.949,0.8333,0.8333,0.9167,0.0509,1.0,0.0,85.65,141,0.13,2.28,1.15,2026-07-05T19:47:58
57ab581f46,P0_baseline,teplo,Q2,1,12,0,0,92.593,0.75,0.75,0.8333,0.1343,1.0,0.0,86.9,142,0.13,0.0,2.06,2026-07-05T19:48:00
57ab581f46,P1_gray,teplo,Q2,1,12,0,0,92.593,0.75,0.75,0.8333,0.1157,1.0,0.0,86.38,141,0.13,0.0,1.43,2026-07-05T19:48:01
57ab581f46,P2_gray_otsu,teplo,Q2,1,12,0,0,91.759,0.6667,0.75,0.8333,0.1509,1.0,0.0,82.38,142,0.13,0.01,1.12,2026-07-05T19:48:02
57ab581f46,P3_gray_adaptive,teplo,Q2,1,12,0,0,90.833,0.6667,0.75,0.75,0.1519,1.0,0.0,62.35,190,0.13,0.05,1.47,2026-07-05T19:48:04
57ab581f46,P4_gray_denoise,teplo,Q2,1,12,0,0,92.593,0.75,0.75,0.8333,0.1157,1.0,0.0,86.89,140,0.13,2.19,1.32,2026-07-05T19:48:07
57ab581f46,P5_gray_clahe,teplo,Q2,1,12,0,0,92.593,0.75,0.75,0.8333,0.1157,1.0,0.0,79.61,147,0.13,0.01,1.46,2026-07-05T19:48:09
57ab581f46,P6_gray_denoise_otsu,teplo,Q2,1,12,0,0,92.593,0.75,0.75,0.8333,0.1157,1.0,0.0,83.59,141,0.13,2.19,1.13,2026-07-05T19:48:12
57ab581f46,P7_gray_clahe_denoise,teplo,Q2,1,12,0,0,92.593,0.75,0.75,0.8333,0.1157,1.0,0.0,82.64,132,0.13,2.28,1.46,2026-07-05T19:48:16
57ab581f46,P8_clahe_den_desk_otsu,teplo,Q2,1,12,0,0,92.593,0.75,0.75,0.8333,0.1157,1.0,0.0,83.5,132,0.13,2.18,1.17,2026-07-05T19:48:19
2321b5e5fb,P0_baseline,teplo,Q3,1,12,0,0,90.741,0.8333,0.8333,0.9167,0.1019,1.0,0.0,82.23,152,0.12,0.0,1.78,2026-07-05T19:48:21
2321b5e5fb,P1_gray,teplo,Q3,1,12,0,0,91.667,0.9167,0.9167,0.9167,0.0833,1.0,0.0,86.51,145,0.12,0.0,1.36,2026-07-05T19:48:23
2321b5e5fb,P2_gray_otsu,teplo,Q3,1,12,0,0,91.667,0.9167,0.9167,0.9167,0.0833,1.0,0.0,83.85,146,0.12,0.01,1.24,2026-07-05T19:48:24
2321b5e5fb,P3_gray_adaptive,teplo,Q3,1,12,0,0,91.667,0.9167,0.9167,0.9167,0.0833,1.0,0.0,67.45,199,0.12,0.05,1.56,2026-07-05T19:48:25
2321b5e5fb,P4_gray_denoise,teplo,Q3,1,12,0,0,91.667,0.9167,0.9167,0.9167,0.0833,1.0,0.0,87.1,143,0.12,2.14,1.27,2026-07-05T19:48:29
2321b5e5fb,P5_gray_clahe,teplo,Q3,1,12,0,0,89.167,0.75,0.8333,0.9167,0.1167,1.0,0.0,73.23,117,0.12,0.01,1.12,2026-07-05T19:48:30
2321b5e5fb,P6_gray_denoise_otsu,teplo,Q3,1,12,0,0,91.667,0.9167,0.9167,0.9167,0.0833,1.0,0.0,85.51,143,0.12,2.16,1.13,2026-07-05T19:48:33
2321b5e5fb,P7_gray_clahe_denoise,teplo,Q3,1,12,0,0,91.667,0.9167,0.9167,0.9167,0.0833,1.0,0.0,79.41,145,0.12,2.11,1.73,2026-07-05T19:48:37
2321b5e5fb,P8_clahe_den_desk_otsu,teplo,Q3,1,12,0,0,70.513,0.3333,0.5833,0.75,0.3156,1.0,0.0,74.82,114,0.12,2.28,1.35,2026-07-05T19:48:41
d224979220,P0_baseline,voda,Q1,4,15,0,0,99.825,0.9333,1.0,1.0,0.0018,1.0,0.0,86.6,742,0.57,0.0,7.58,2026-07-05T19:48:49
d224979220,P1_gray,voda,Q1,4,15,0,0,99.825,0.9333,1.0,1.0,0.0018,1.0,0.0,86.08,738,0.57,0.01,5.89,2026-07-05T19:48:55
d224979220,P2_gray_otsu,voda,Q1,4,15,0,0,99.825,0.9333,1.0,1.0,0.0018,1.0,0.0,85.78,742,0.57,0.03,5.17,2026-07-05T19:49:00
d224979220,P3_gray_adaptive,voda,Q1,4,15,0,0,99.825,0.9333,1.0,1.0,0.0035,1.0,0.0,83.47,797,0.57,0.2,5.38,2026-07-05T19:49:06
d224979220,P4_gray_denoise,voda,Q1,4,15,0,0,99.825,0.9333,1.0,1.0,0.0018,1.0,0.0,86.42,735,0.57,8.57,5.59,2026-07-05T19:49:20
d224979220,P5_gray_clahe,voda,Q1,4,15,0,0,99.825,0.9333,1.0,1.0,0.0018,1.0,0.0,85.39,755,0.57,0.05,5.87,2026-07-05T19:49:26
d224979220,P6_gray_denoise_otsu,voda,Q1,4,15,0,0,99.825,0.9333,1.0,1.0,0.0018,1.0,0.0,85.55,744,0.57,8.66,5.12,2026-07-05T19:49:40
d224979220,P7_gray_clahe_denoise,voda,Q1,4,15,0,0,99.825,0.9333,1.0,1.0,0.0018,1.0,0.0,85.88,753,0.57,8.63,5.78,2026-07-05T19:49:54
d224979220,P8_clahe_den_desk_otsu,voda,Q1,4,15,0,0,99.825,0.9333,1.0,1.0,0.0018,1.0,0.0,86.55,746,0.57,8.89,5.12,2026-07-05T19:50:08
d1b229feaa,P0_baseline,voda,Q2,2,14,1,0,78.199,0.3571,0.4286,0.7857,0.2282,1.0,0.0,70.2,506,0.12,0.0,4.71,2026-07-05T19:50:13
d1b229feaa,P1_gray,voda,Q2,2,14,1,0,79.886,0.5,0.5714,0.7857,0.2209,1.0,0.0,78.9,505,0.12,0.0,4.03,2026-07-05T19:50:17
d1b229feaa,P2_gray_otsu,voda,Q2,2,14,1,0,71.89,0.2857,0.3571,0.5714,0.3291,1.0,0.0,60.17,511,0.12,0.02,3.82,2026-07-05T19:50:21
d1b229feaa,P3_gray_adaptive,voda,Q2,2,14,1,0,82.862,0.2143,0.2143,0.7143,0.2208,1.0,0.0,51.75,792,0.12,0.1,7.33,2026-07-05T19:50:28
d1b229feaa,P4_gray_denoise,voda,Q2,2,14,1,0,94.835,0.6429,0.7143,0.9286,0.0517,1.0,0.0,78.71,580,0.12,4.35,4.33,2026-07-05T19:50:37
d1b229feaa,P5_gray_clahe,voda,Q2,2,14,1,0,81.878,0.5714,0.7143,0.7857,0.2003,1.0,0.0,76.26,534,0.12,0.02,3.8,2026-07-05T19:50:41
d1b229feaa,P6_gray_denoise_otsu,voda,Q2,2,14,1,0,76.969,0.2857,0.3571,0.5714,0.2668,1.0,0.0,57.48,588,0.12,4.3,4.28,2026-07-05T19:50:50
d1b229feaa,P7_gray_clahe_denoise,voda,Q2,2,14,1,0,93.228,0.5,0.7143,0.9286,0.0677,1.0,0.0,78.07,563,0.12,4.33,4.45,2026-07-05T19:50:58
d1b229feaa,P8_clahe_den_desk_otsu,voda,Q2,2,14,1,0,73.576,0.2857,0.3571,0.7143,0.3051,1.0,0.0,59.92,549,0.12,4.48,4.33,2026-07-05T19:51:07
5ccf952f99,P0_baseline,voda,Q3,4,14,1,0,96.251,0.7143,0.7857,1.0,0.0473,1.0,0.0,57.81,375,0.2,0.0,6.29,2026-07-05T19:51:14
5ccf952f99,P1_gray,voda,Q3,4,14,1,0,91.964,0.8571,0.8571,0.9286,0.0804,1.0,0.0,61.34,381,0.2,0.01,6.06,2026-07-05T19:51:20
5ccf952f99,P2_gray_otsu,voda,Q3,4,14,1,0,80.592,0.2857,0.2857,0.7857,0.2597,1.0,0.0,39.82,395,0.2,0.03,5.87,2026-07-05T19:51:26
5ccf952f99,P3_gray_adaptive,voda,Q3,4,14,1,0,83.095,0.3571,0.5714,0.8571,0.1762,1.0,0.0,43.11,558,0.2,0.2,8.79,2026-07-05T19:51:35
5ccf952f99,P4_gray_denoise,voda,Q3,4,14,1,0,96.263,0.7143,0.7143,1.0,0.0504,1.0,0.0,64.46,332,0.2,8.63,5.4,2026-07-05T19:51:49
5ccf952f99,P5_gray_clahe,voda,Q3,4,14,1,0,96.028,0.7857,0.9286,0.9286,0.0664,1.0,0.0,67.31,189,0.2,0.04,4.29,2026-07-05T19:51:53
5ccf952f99,P6_gray_denoise_otsu,voda,Q3,4,14,1,0,88.105,0.4286,0.4286,0.8571,0.1584,1.0,0.0,46.6,340,0.2,8.83,4.63,2026-07-05T19:52:07
5ccf952f99,P7_gray_clahe_denoise,voda,Q3,4,14,1,0,97.024,0.7857,0.9286,1.0,0.0396,1.0,0.0,65.76,202,0.2,8.78,4.63,2026-07-05T19:52:20
5ccf952f99,P8_clahe_den_desk_otsu,voda,Q3,4,14,1,0,84.151,0.2857,0.2857,0.6429,0.1742,1.0,0.0,36.17,203,0.2,9.35,3.45,2026-07-05T19:52:33
5ace0db333,P0_baseline,elektrina_nn,Q1,5,14,0,0,100.0,1.0,1.0,1.0,0.0,1.0,0.0,83.28,1615,0.58,0.0,12.33,2026-07-05T19:52:46
5ace0db333,P1_gray,elektrina_nn,Q1,5,14,0,0,100.0,1.0,1.0,1.0,0.0,1.0,0.0,83.27,1615,0.58,0.01,9.88,2026-07-05T19:52:56
5ace0db333,P2_gray_otsu,elektrina_nn,Q1,5,14,0,0,100.0,1.0,1.0,1.0,0.0,1.0,0.0,81.8,1635,0.58,0.04,8.82,2026-07-05T19:53:05
5ace0db333,P3_gray_adaptive,elektrina_nn,Q1,5,14,0,0,100.0,1.0,1.0,1.0,0.0,1.0,0.0,79.6,1644,0.58,0.24,8.89,2026-07-05T19:53:14
5ace0db333,P4_gray_denoise,elektrina_nn,Q1,5,14,0,0,100.0,1.0,1.0,1.0,0.0,1.0,0.0,83.72,1619,0.58,10.93,9.53,2026-07-05T19:53:35
5ace0db333,P5_gray_clahe,elektrina_nn,Q1,5,14,0,0,100.0,1.0,1.0,1.0,0.0,1.0,0.0,82.26,1555,0.58,0.06,9.92,2026-07-05T19:53:45
5ace0db333,P6_gray_denoise_otsu,elektrina_nn,Q1,5,14,0,0,100.0,1.0,1.0,1.0,0.0,1.0,0.0,81.87,1634,0.58,11.0,8.85,2026-07-05T19:54:04
5ace0db333,P7_gray_clahe_denoise,elektrina_nn,Q1,5,14,0,0,100.0,1.0,1.0,1.0,0.0,1.0,0.0,83.03,1596,0.58,10.91,10.15,2026-07-05T19:54:26
5ace0db333,P8_clahe_den_desk_otsu,elektrina_nn,Q1,5,14,0,0,100.0,1.0,1.0,1.0,0.0,1.0,0.0,82.64,1598,0.58,11.35,8.94,2026-07-05T19:54:46
9f86fbc10c,P0_baseline,elektrina_nn,Q2,5,14,1,1,100.0,1.0,1.0,1.0,0.0,1.0,0.0,87.23,1679,0.6,0.0,14.26,2026-07-05T19:55:01
9f86fbc10c,P1_gray,elektrina_nn,Q2,5,14,1,1,100.0,1.0,1.0,1.0,0.0,1.0,0.0,87.03,1683,0.6,0.01,11.11,2026-07-05T19:55:12
9f86fbc10c,P2_gray_otsu,elektrina_nn,Q2,5,14,1,1,100.0,1.0,1.0,1.0,0.0,1.0,0.0,84.57,1688,0.6,0.05,10.23,2026-07-05T19:55:22
9f86fbc10c,P3_gray_adaptive,elektrina_nn,Q2,5,14,1,1,100.0,1.0,1.0,1.0,0.0,1.0,0.0,81.55,1837,0.6,0.25,11.11,2026-07-05T19:55:34
9f86fbc10c,P4_gray_denoise,elektrina_nn,Q2,5,14,1,1,100.0,1.0,1.0,1.0,0.0,1.0,0.0,87.45,1680,0.6,10.97,10.82,2026-07-05T19:55:56
9f86fbc10c,P5_gray_clahe,elektrina_nn,Q2,5,14,1,1,97.321,0.9286,0.9286,0.9286,0.0268,1.0,0.0,87.48,1368,0.6,0.06,10.47,2026-07-05T19:56:06
9f86fbc10c,P6_gray_denoise_otsu,elektrina_nn,Q2,5,14,1,1,100.0,1.0,1.0,1.0,0.0,1.0,0.0,84.58,1685,0.6,10.9,10.61,2026-07-05T19:56:28
9f86fbc10c,P7_gray_clahe_denoise,elektrina_nn,Q2,5,14,1,1,97.321,0.9286,0.9286,0.9286,0.0268,1.0,0.0,87.85,1416,0.6,10.92,10.99,2026-07-05T19:56:50
9f86fbc10c,P8_clahe_den_desk_otsu,elektrina_nn,Q2,5,14,1,1,97.321,0.9286,0.9286,0.9286,0.0268,1.0,0.0,83.95,1424,0.6,11.71,9.76,2026-07-05T19:57:11
ce4ccaa278,P0_baseline,elektrina_nn,Q3,5,14,0,0,99.405,0.9286,1.0,1.0,0.006,1.0,0.0,79.86,1483,0.59,0.0,13.58,2026-07-05T19:57:25
ce4ccaa278,P1_gray,elektrina_nn,Q3,5,14,0,0,99.405,0.9286,1.0,1.0,0.006,1.0,0.0,80.21,1490,0.59,0.01,10.76,2026-07-05T19:57:36
ce4ccaa278,P2_gray_otsu,elektrina_nn,Q3,5,14,0,0,99.405,0.9286,1.0,1.0,0.006,1.0,0.0,78.71,1507,0.59,0.04,9.22,2026-07-05T19:57:46
ce4ccaa278,P3_gray_adaptive,elektrina_nn,Q3,5,14,0,0,98.636,0.8571,1.0,1.0,0.0136,1.0,0.0,62.32,1896,0.59,0.24,12.77,2026-07-05T19:57:59
ce4ccaa278,P4_gray_denoise,elektrina_nn,Q3,5,14,0,0,99.405,0.9286,1.0,1.0,0.006,1.0,0.0,80.84,1482,0.59,10.95,10.34,2026-07-05T19:58:20
ce4ccaa278,P5_gray_clahe,elektrina_nn,Q3,5,14,0,0,99.405,0.9286,1.0,1.0,0.006,1.0,0.0,76.6,1248,0.59,0.06,11.57,2026-07-05T19:58:32
ce4ccaa278,P6_gray_denoise_otsu,elektrina_nn,Q3,5,14,0,0,99.405,0.9286,1.0,1.0,0.006,1.0,0.0,78.84,1499,0.59,10.9,9.38,2026-07-05T19:58:52
ce4ccaa278,P7_gray_clahe_denoise,elektrina_nn,Q3,5,14,0,0,99.405,0.9286,1.0,1.0,0.006,1.0,0.0,76.55,1323,0.59,10.89,12.4,2026-07-05T19:59:15
ce4ccaa278,P8_clahe_den_desk_otsu,elektrina_nn,Q3,5,14,0,0,99.405,0.9286,1.0,1.0,0.006,1.0,0.0,77.5,1356,0.59,11.03,10.67,2026-07-05T19:59:37
6cdebd4dff,P0_baseline,elektrina_vn,Q1,4,12,0,0,96.875,0.9167,0.9167,0.9167,0.0417,1.0,0.0,85.54,1292,0.47,0.0,10.24,2026-07-05T19:59:48
6cdebd4dff,P1_gray,elektrina_vn,Q1,4,12,0,0,96.875,0.9167,0.9167,0.9167,0.0417,1.0,0.0,85.53,1292,0.47,0.01,8.22,2026-07-05T19:59:56
6cdebd4dff,P2_gray_otsu,elektrina_vn,Q1,4,12,0,0,96.875,0.9167,0.9167,0.9167,0.0417,1.0,0.0,84.78,1288,0.47,0.04,7.67,2026-07-05T20:00:04
6cdebd4dff,P3_gray_adaptive,elektrina_vn,Q1,4,12,0,0,96.875,0.9167,0.9167,0.9167,0.0417,1.0,0.0,84.24,1280,0.47,0.2,7.76,2026-07-05T20:00:12
6cdebd4dff,P4_gray_denoise,elektrina_vn,Q1,4,12,0,0,96.875,0.9167,0.9167,0.9167,0.0417,1.0,0.0,86.54,1313,0.47,8.76,8.18,2026-07-05T20:00:29
6cdebd4dff,P5_gray_clahe,elektrina_vn,Q1,4,12,0,0,96.875,0.9167,0.9167,0.9167,0.0521,1.0,0.0,85.69,1285,0.47,0.05,9.16,2026-07-05T20:00:38
6cdebd4dff,P6_gray_denoise_otsu,elektrina_vn,Q1,4,12,0,0,96.875,0.9167,0.9167,0.9167,0.0417,1.0,0.0,84.34,1310,0.47,8.84,7.71,2026-07-05T20:00:55
6cdebd4dff,P7_gray_clahe_denoise,elektrina_vn,Q1,4,12,0,0,96.875,0.9167,0.9167,0.9167,0.0417,1.0,0.0,87.96,1210,0.47,9.01,8.86,2026-07-05T20:01:13
6cdebd4dff,P8_clahe_den_desk_otsu,elektrina_vn,Q1,4,12,0,0,96.875,0.9167,0.9167,0.9167,0.0521,1.0,0.0,84.2,1217,0.47,9.17,8.63,2026-07-05T20:01:30
951ffff584,P0_baseline,elektrina_vn,Q2,4,12,0,0,96.875,0.9167,0.9167,0.9167,0.0312,1.0,0.0,84.95,1338,0.47,0.0,10.93,2026-07-05T20:01:42
951ffff584,P1_gray,elektrina_vn,Q2,4,12,0,0,95.208,0.8333,0.8333,0.9167,0.0479,1.0,0.0,86.51,1309,0.47,0.01,8.41,2026-07-05T20:01:50
951ffff584,P2_gray_otsu,elektrina_vn,Q2,4,12,0,0,95.208,0.8333,0.8333,0.9167,0.0479,1.0,0.0,81.91,1308,0.47,0.04,7.83,2026-07-05T20:01:58
951ffff584,P3_gray_adaptive,elektrina_vn,Q2,4,12,0,0,92.619,0.6667,0.6667,0.9167,0.0812,1.0,0.0,84.48,1244,0.47,0.2,7.65,2026-07-05T20:02:06
951ffff584,P4_gray_denoise,elektrina_vn,Q2,4,12,0,0,91.875,0.75,0.75,0.8333,0.0979,1.0,0.0,87.76,1285,0.47,9.01,8.09,2026-07-05T20:02:23
951ffff584,P5_gray_clahe,elektrina_vn,Q2,4,12,0,0,95.208,0.8333,0.8333,0.9167,0.0479,1.0,0.0,85.34,1153,0.47,0.05,9.32,2026-07-05T20:02:33
951ffff584,P6_gray_denoise_otsu,elektrina_vn,Q2,4,12,0,0,91.875,0.75,0.75,0.8333,0.1146,1.0,0.0,83.57,1282,0.47,8.78,7.88,2026-07-05T20:02:49
951ffff584,P7_gray_clahe_denoise,elektrina_vn,Q2,4,12,0,0,95.208,0.8333,0.8333,0.9167,0.0479,1.0,0.0,87.17,1185,0.47,8.83,8.96,2026-07-05T20:03:07
951ffff584,P8_clahe_den_desk_otsu,elektrina_vn,Q2,4,12,0,0,91.935,0.6667,0.6667,0.9167,0.0807,1.0,0.0,81.78,1029,0.47,9.19,8.21,2026-07-05T20:03:25
5b1b00f964,P0_baseline,elektrina_vn,Q3,4,12,0,0,97.917,0.9167,0.9167,1.0,0.0417,1.0,0.0,86.44,1133,0.47,0.0,9.97,2026-07-05T20:03:35
5b1b00f964,P1_gray,elektrina_vn,Q3,4,12,0,0,97.917,0.9167,0.9167,1.0,0.0417,1.0,0.0,86.44,1133,0.47,0.01,8.13,2026-07-05T20:03:43
5b1b00f964,P2_gray_otsu,elektrina_vn,Q3,4,12,0,0,97.5,0.9167,0.9167,0.9167,0.0333,1.0,0.0,83.97,1133,0.47,0.04,7.58,2026-07-05T20:03:51
5b1b00f964,P3_gray_adaptive,elektrina_vn,Q3,4,12,0,0,91.528,0.5833,0.5833,1.0,0.0951,1.0,0.0,81.47,1037,0.47,0.19,7.07,2026-07-05T20:03:58
5b1b00f964,P4_gray_denoise,elektrina_vn,Q3,4,12,0,0,97.5,0.9167,0.9167,0.9167,0.0417,1.0,0.0,86.44,1192,0.47,8.93,8.42,2026-07-05T20:04:16
5b1b00f964,P5_gray_clahe,elektrina_vn,Q3,4,12,0,0,94.886,0.8333,0.8333,0.9167,0.1098,1.0,0.0,80.41,904,0.47,0.05,7.29,2026-07-05T20:04:23
5b1b00f964,P6_gray_denoise_otsu,elektrina_vn,Q3,4,12,0,0,97.5,0.9167,0.9167,0.9167,0.0333,1.0,0.0,83.34,1196,0.47,8.71,8.0,2026-07-05T20:04:40
5b1b00f964,P7_gray_clahe_denoise,elektrina_vn,Q3,4,12,0,0,88.194,0.75,0.75,0.9167,0.1389,1.0,0.0,81.07,971,0.47,8.61,8.58,2026-07-05T20:04:57
5b1b00f964,P8_clahe_den_desk_otsu,elektrina_vn,Q3,4,12,0,0,87.778,0.75,0.75,0.8333,0.1306,1.0,0.0,79.53,979,0.47,9.16,7.78,2026-07-05T20:05:14
ad2ebbfc10,P0_baseline,plyn_mo,Q1,4,12,2,0,100.0,1.0,1.0,1.0,0.0,1.0,0.0,83.84,1679,0.56,0.0,13.71,2026-07-05T20:05:29
ad2ebbfc10,P1_gray,plyn_mo,Q1,4,12,2,0,100.0,1.0,1.0,1.0,0.0,1.0,0.0,85.46,1625,0.56,0.01,10.91,2026-07-05T20:05:39
ad2ebbfc10,P2_gray_otsu,plyn_mo,Q1,4,12,2,0,100.0,1.0,1.0,1.0,0.0,1.0,0.0,86.4,1609,0.56,0.04,10.05,2026-07-05T20:05:50
ad2ebbfc10,P3_gray_adaptive,plyn_mo,Q1,4,12,2,0,91.667,0.9167,0.9167,0.9167,0.0833,1.0,0.0,81.41,1582,0.56,0.21,9.79,2026-07-05T20:06:00
ad2ebbfc10,P4_gray_denoise,plyn_mo,Q1,4,12,2,0,100.0,1.0,1.0,1.0,0.0,1.0,0.0,87.81,1576,0.56,8.61,10.59,2026-07-05T20:06:19
ad2ebbfc10,P5_gray_clahe,plyn_mo,Q1,4,12,2,0,100.0,1.0,1.0,1.0,0.0,1.0,0.0,83.84,1680,0.56,0.05,11.53,2026-07-05T20:06:31
ad2ebbfc10,P6_gray_denoise_otsu,plyn_mo,Q1,4,12,2,0,100.0,1.0,1.0,1.0,0.0,1.0,0.0,87.05,1586,0.56,8.81,9.72,2026-07-05T20:06:49
ad2ebbfc10,P7_gray_clahe_denoise,plyn_mo,Q1,4,12,2,0,100.0,1.0,1.0,1.0,0.0,1.0,0.0,85.09,1656,0.56,9.05,11.32,2026-07-05T20:07:10
ad2ebbfc10,P8_clahe_den_desk_otsu,plyn_mo,Q1,4,12,2,0,100.0,1.0,1.0,1.0,0.0,1.0,0.0,85.65,1637,0.56,9.28,9.81,2026-07-05T20:07:29
ef9d8fe65e,P0_baseline,plyn_mo,Q2,5,14,0,0,99.702,0.9286,1.0,1.0,0.003,1.0,0.0,87.91,1847,0.66,0.0,17.97,2026-07-05T20:07:47
ef9d8fe65e,P1_gray,plyn_mo,Q2,5,14,0,0,99.702,0.9286,1.0,1.0,0.003,1.0,0.0,87.6,1890,0.66,0.01,13.5,2026-07-05T20:08:01
ef9d8fe65e,P2_gray_otsu,plyn_mo,Q2,5,14,0,0,99.702,0.9286,1.0,1.0,0.003,1.0,0.0,86.61,1887,0.66,0.04,11.58,2026-07-05T20:08:13
ef9d8fe65e,P3_gray_adaptive,plyn_mo,Q2,5,14,0,0,98.363,0.8571,0.9286,1.0,0.0164,1.0,0.0,79.99,1891,0.66,0.25,12.2,2026-07-05T20:08:25
ef9d8fe65e,P4_gray_denoise,plyn_mo,Q2,5,14,0,0,99.702,0.9286,1.0,1.0,0.003,1.0,0.0,88.46,1875,0.66,11.22,12.6,2026-07-05T20:08:49
ef9d8fe65e,P5_gray_clahe,plyn_mo,Q2,5,14,0,0,99.702,0.9286,1.0,1.0,0.003,1.0,0.0,84.21,1888,0.66,0.05,13.61,2026-07-05T20:09:03
ef9d8fe65e,P6_gray_denoise_otsu,plyn_mo,Q2,5,14,0,0,99.702,0.9286,1.0,1.0,0.003,1.0,0.0,86.69,1885,0.66,11.21,11.56,2026-07-05T20:09:26
ef9d8fe65e,P7_gray_clahe_denoise,plyn_mo,Q2,5,14,0,0,99.702,0.9286,1.0,1.0,0.003,1.0,0.0,86.26,1870,0.66,11.32,12.95,2026-07-05T20:09:50
ef9d8fe65e,P8_clahe_den_desk_otsu,plyn_mo,Q2,5,14,0,0,99.702,0.9286,1.0,1.0,0.003,1.0,0.0,84.33,1920,0.66,11.88,11.74,2026-07-05T20:10:14
7e4bcc4b3d,P0_baseline,plyn_mo,Q3,5,14,0,0,80.714,0.2857,0.3571,0.8571,0.1929,1.0,0.0,56.28,577,0.23,0.0,13.61,2026-07-05T20:10:27
7e4bcc4b3d,P1_gray,plyn_mo,Q3,5,14,0,0,82.103,0.2857,0.4286,0.8571,0.2167,1.0,0.0,57.81,825,0.23,0.01,11.34,2026-07-05T20:10:39
7e4bcc4b3d,P2_gray_otsu,plyn_mo,Q3,5,14,0,0,65.694,0.0714,0.1429,0.5,0.4488,1.0,0.0,35.65,873,0.23,0.04,11.44,2026-07-05T20:10:50
7e4bcc4b3d,P3_gray_adaptive,plyn_mo,Q3,5,14,0,0,78.016,0.2143,0.5,0.7143,0.2694,1.0,0.0,42.74,1096,0.23,0.24,14.94,2026-07-05T20:11:06
7e4bcc4b3d,P4_gray_denoise,plyn_mo,Q3,5,14,0,0,82.698,0.4286,0.5,0.8571,0.1929,1.0,0.0,62.31,919,0.23,11.12,12.5,2026-07-05T20:11:29
7e4bcc4b3d,P5_gray_clahe,plyn_mo,Q3,5,14,0,0,72.976,0.2143,0.2143,0.7143,0.3464,1.0,0.0,52.41,670,0.23,0.06,13.99,2026-07-05T20:11:43
7e4bcc4b3d,P6_gray_denoise_otsu,plyn_mo,Q3,5,14,0,0,73.598,0.2143,0.2857,0.6429,0.3117,1.0,0.0,41.84,928,0.23,15.41,16.25,2026-07-05T20:12:15
7e4bcc4b3d,P6_gray_denoise_otsu,plyn_mo,Q3,5,14,0,0,73.598,0.2143,0.2857,0.6429,0.3117,1.0,0.0,41.84,928,0.22,16.46,16.75,2026-07-05T20:12:21
7e4bcc4b3d,P7_gray_clahe_denoise,plyn_mo,Q3,5,14,0,0,77.44,0.2857,0.2857,0.7143,0.2591,1.0,0.0,56.15,746,0.23,17.44,16.15,2026-07-05T20:12:49
7e4bcc4b3d,P7_gray_clahe_denoise,plyn_mo,Q3,5,14,0,0,77.44,0.2857,0.2857,0.7143,0.2591,1.0,0.0,56.15,746,0.22,17.74,15.67,2026-07-05T20:12:55
7e4bcc4b3d,P8_clahe_den_desk_otsu,plyn_mo,Q3,5,14,0,0,64.94,0.0714,0.2143,0.5,0.4304,1.0,0.0,37.42,556,0.23,19.89,9.97,2026-07-05T20:13:19
7e4bcc4b3d,P8_clahe_den_desk_otsu,plyn_mo,Q3,5,14,0,0,64.94,0.0714,0.2143,0.5,0.4304,1.0,0.0,37.42,556,0.22,17.89,10.11,2026-07-05T20:13:23
33659d1375,P0_baseline,plyn_vo,Q1,4,13,0,0,94.295,0.7692,0.7692,0.9231,0.0795,1.0,0.0,82.34,1805,0.98,0.0,15.33,2026-07-05T20:13:35
33659d1375,P0_baseline,plyn_vo,Q1,4,13,0,0,94.295,0.7692,0.7692,0.9231,0.0795,1.0,0.0,82.34,1805,0.53,0.0,14.34,2026-07-05T20:13:38
33659d1375,P1_gray,plyn_vo,Q1,4,13,0,0,94.295,0.7692,0.7692,0.9231,0.0795,1.0,0.0,86.03,1680,0.98,0.01,11.79,2026-07-05T20:13:47
33659d1375,P1_gray,plyn_vo,Q1,4,13,0,0,94.295,0.7692,0.7692,0.9231,0.0795,1.0,0.0,86.03,1680,0.53,0.01,11.35,2026-07-05T20:13:49
33659d1375,P2_gray_otsu,plyn_vo,Q1,4,13,0,0,94.295,0.7692,0.7692,0.9231,0.0795,1.0,0.0,84.93,1681,0.98,0.04,10.43,2026-07-05T20:13:58
33659d1375,P2_gray_otsu,plyn_vo,Q1,4,13,0,0,94.295,0.7692,0.7692,0.9231,0.0795,1.0,0.0,84.93,1681,0.53,0.04,10.66,2026-07-05T20:14:00
33659d1375,P3_gray_adaptive,plyn_vo,Q1,4,13,0,0,94.295,0.7692,0.7692,0.9231,0.0987,1.0,0.0,82.44,1677,0.98,0.22,10.05,2026-07-05T20:14:08
33659d1375,P3_gray_adaptive,plyn_vo,Q1,4,13,0,0,94.295,0.7692,0.7692,0.9231,0.0987,1.0,0.0,82.44,1677,0.53,0.51,11.24,2026-07-05T20:14:12
33659d1375,P4_gray_denoise,plyn_vo,Q1,4,13,0,0,94.295,0.7692,0.7692,0.9231,0.0795,1.0,0.0,86.3,1659,0.98,10.15,15.91,2026-07-05T20:14:34
33659d1375,P4_gray_denoise,plyn_vo,Q1,4,13,0,0,94.295,0.7692,0.7692,0.9231,0.0795,1.0,0.0,86.3,1659,0.53,9.55,14.8,2026-07-05T20:14:36
33659d1375,P5_gray_clahe,plyn_vo,Q1,4,13,0,0,94.295,0.7692,0.7692,0.9231,0.0795,1.0,0.0,82.96,1764,0.98,0.04,11.63,2026-07-05T20:14:46
33659d1375,P5_gray_clahe,plyn_vo,Q1,4,13,0,0,94.295,0.7692,0.7692,0.9231,0.0795,1.0,0.0,82.96,1764,0.53,0.05,13.27,2026-07-05T20:14:50
33659d1375,P6_gray_denoise_otsu,plyn_vo,Q1,4,13,0,0,94.295,0.7692,0.7692,0.9231,0.0795,1.0,0.0,85.56,1658,0.98,9.36,15.67,2026-07-05T20:15:11
33659d1375,P6_gray_denoise_otsu,plyn_vo,Q1,4,13,0,0,94.295,0.7692,0.7692,0.9231,0.0795,1.0,0.0,85.56,1658,0.53,10.15,15.93,2026-07-05T20:15:16
33659d1375,P7_gray_clahe_denoise,plyn_vo,Q1,4,13,0,0,94.295,0.7692,0.7692,0.9231,0.0891,1.0,0.0,82.9,1780,0.98,9.88,17.98,2026-07-05T20:15:39
33659d1375,P7_gray_clahe_denoise,plyn_vo,Q1,4,13,0,0,94.295,0.7692,0.7692,0.9231,0.0891,1.0,0.0,82.9,1780,0.53,9.23,17.79,2026-07-05T20:15:43
33659d1375,P8_clahe_den_desk_otsu,plyn_vo,Q1,4,13,0,0,94.295,0.7692,0.7692,0.9231,0.0795,1.0,0.0,81.31,1636,0.98,11.47,14.87,2026-07-05T20:16:05
33659d1375,P8_clahe_den_desk_otsu,plyn_vo,Q1,4,13,0,0,94.295,0.7692,0.7692,0.9231,0.0795,1.0,0.0,81.31,1636,0.53,10.53,14.11,2026-07-05T20:16:08
493b9d3bea,P0_baseline,plyn_vo,Q2,4,13,0,0,94.444,0.6923,0.6923,1.0,0.094,1.0,0.0,84.22,1640,0.9,0.0,13.66,2026-07-05T20:16:20
493b9d3bea,P0_baseline,plyn_vo,Q2,4,13,0,0,94.444,0.6923,0.6923,1.0,0.094,1.0,0.0,84.22,1640,0.52,0.0,13.7,2026-07-05T20:16:22
493b9d3bea,P1_gray,plyn_vo,Q2,4,13,0,0,94.444,0.6923,0.6923,1.0,0.094,1.0,0.0,84.22,1640,0.9,0.01,11.18,2026-07-05T20:16:31
493b9d3bea,P1_gray,plyn_vo,Q2,4,13,0,0,94.444,0.6923,0.6923,1.0,0.094,1.0,0.0,84.22,1640,0.52,0.01,11.33,2026-07-05T20:16:33
493b9d3bea,P2_gray_otsu,plyn_vo,Q2,4,13,0,0,94.444,0.6923,0.6923,1.0,0.094,1.0,0.0,83.52,1648,0.9,0.04,10.66,2026-07-05T20:16:42
493b9d3bea,P2_gray_otsu,plyn_vo,Q2,4,13,0,0,94.444,0.6923,0.6923,1.0,0.094,1.0,0.0,83.52,1648,0.52,0.04,10.5,2026-07-05T20:16:44
493b9d3bea,P3_gray_adaptive,plyn_vo,Q2,4,13,0,0,93.803,0.6923,0.6923,0.9231,0.094,1.0,0.0,79.01,1675,0.9,0.22,9.77,2026-07-05T20:16:52
493b9d3bea,P3_gray_adaptive,plyn_vo,Q2,4,13,0,0,93.803,0.6923,0.6923,0.9231,0.094,1.0,0.0,79.01,1675,0.52,0.55,11.49,2026-07-05T20:16:56
493b9d3bea,P4_gray_denoise,plyn_vo,Q2,4,13,0,0,94.444,0.6923,0.6923,1.0,0.094,1.0,0.0,85.63,1613,0.9,10.07,15.5,2026-07-05T20:17:18
493b9d3bea,P4_gray_denoise,plyn_vo,Q2,4,13,0,0,94.444,0.6923,0.6923,1.0,0.094,1.0,0.0,85.63,1613,0.52,9.55,14.63,2026-07-05T20:17:20
493b9d3bea,P5_gray_clahe,plyn_vo,Q2,4,13,0,0,94.444,0.6923,0.6923,1.0,0.094,1.0,0.0,81.29,1674,0.9,0.08,11.72,2026-07-05T20:17:29
493b9d3bea,P5_gray_clahe,plyn_vo,Q2,4,13,0,0,94.444,0.6923,0.6923,1.0,0.094,1.0,0.0,81.29,1674,0.52,0.15,13.08,2026-07-05T20:17:34
493b9d3bea,P6_gray_denoise_otsu,plyn_vo,Q2,4,13,0,0,94.444,0.6923,0.6923,1.0,0.094,1.0,0.0,84.65,1626,0.9,9.2,16.13,2026-07-05T20:17:55
493b9d3bea,P6_gray_denoise_otsu,plyn_vo,Q2,4,13,0,0,94.444,0.6923,0.6923,1.0,0.094,1.0,0.0,84.65,1626,0.52,10.52,15.27,2026-07-05T20:18:00
493b9d3bea,P7_gray_clahe_denoise,plyn_vo,Q2,4,13,0,0,94.444,0.6923,0.6923,1.0,0.094,1.0,0.0,82.97,1690,0.9,9.89,17.43,2026-07-05T20:18:22
493b9d3bea,P7_gray_clahe_denoise,plyn_vo,Q2,4,13,0,0,94.444,0.6923,0.6923,1.0,0.094,1.0,0.0,82.97,1690,0.52,9.31,17.62,2026-07-05T20:18:27
493b9d3bea,P8_clahe_den_desk_otsu,plyn_vo,Q2,4,13,0,0,94.444,0.6923,0.6923,1.0,0.094,1.0,0.0,82.66,1696,0.9,9.51,14.62,2026-07-05T20:18:46
493b9d3bea,P8_clahe_den_desk_otsu,plyn_vo,Q2,4,13,0,0,94.444,0.6923,0.6923,1.0,0.094,1.0,0.0,82.66,1696,0.52,9.88,14.88,2026-07-05T20:18:51
d335e41bd3,P0_baseline,plyn_vo,Q3,4,13,0,0,93.666,0.6923,0.6923,0.9231,0.1171,1.0,0.0,60.0,1201,1.49,0.0,12.61,2026-07-05T20:19:01
d335e41bd3,P0_baseline,plyn_vo,Q3,4,13,0,0,93.666,0.6923,0.6923,0.9231,0.1171,1.0,0.0,60.0,1201,0.5,0.0,11.96,2026-07-05T20:19:04
d335e41bd3,P1_gray,plyn_vo,Q3,4,13,0,0,93.666,0.6923,0.6923,0.9231,0.1171,1.0,0.0,60.01,1201,1.49,0.01,9.72,2026-07-05T20:19:10
d335e41bd3,P1_gray,plyn_vo,Q3,4,13,0,0,93.666,0.6923,0.6923,0.9231,0.1171,1.0,0.0,60.01,1201,0.5,0.01,9.67,2026-07-05T20:19:14
d335e41bd3,P2_gray_otsu,plyn_vo,Q3,4,13,0,0,88.969,0.4615,0.5385,0.8462,0.1274,1.0,0.0,46.66,1249,1.49,0.04,9.19,2026-07-05T20:19:20
d335e41bd3,P2_gray_otsu,plyn_vo,Q3,4,13,0,0,88.969,0.4615,0.5385,0.8462,0.1274,1.0,0.0,46.66,1249,0.5,0.04,9.28,2026-07-05T20:19:23
d335e41bd3,P3_gray_adaptive,plyn_vo,Q3,4,13,0,0,92.024,0.4615,0.7692,0.8462,0.0798,1.0,0.0,52.32,1043,1.49,0.22,8.54,2026-07-05T20:19:29
d335e41bd3,P3_gray_adaptive,plyn_vo,Q3,4,13,0,0,92.024,0.4615,0.7692,0.8462,0.0798,1.0,0.0,52.32,1043,0.5,0.22,9.59,2026-07-05T20:19:33
d335e41bd3,P4_gray_denoise,plyn_vo,Q3,4,13,0,0,93.91,0.6923,0.6923,0.9231,0.0908,1.0,0.0,60.88,1249,1.49,11.48,13.67,2026-07-05T20:19:54
d335e41bd3,P4_gray_denoise,plyn_vo,Q3,4,13,0,0,93.91,0.6923,0.6923,0.9231,0.0908,1.0,0.0,60.88,1249,0.5,10.66,13.1,2026-07-05T20:19:57
d335e41bd3,P5_gray_clahe,plyn_vo,Q3,4,13,0,0,82.556,0.3846,0.6154,0.7692,0.2225,1.0,0.0,59.73,719,1.49,0.06,9.49,2026-07-05T20:20:03
d335e41bd3,P5_gray_clahe,plyn_vo,Q3,4,13,0,0,82.556,0.3846,0.6154,0.7692,0.2225,1.0,0.0,59.73,719,0.5,0.04,10.99,2026-07-05T20:20:08
d335e41bd3,P6_gray_denoise_otsu,plyn_vo,Q3,4,13,0,0,89.778,0.5385,0.6154,0.8462,0.1321,1.0,0.0,47.73,1285,1.49,11.66,13.56,2026-07-05T20:20:29
d335e41bd3,P6_gray_denoise_otsu,plyn_vo,Q3,4,13,0,0,89.778,0.5385,0.6154,0.8462,0.1321,1.0,0.0,47.73,1285,0.5,11.34,13.93,2026-07-05T20:20:33
d335e41bd3,P7_gray_clahe_denoise,plyn_vo,Q3,4,13,0,0,77.183,0.3846,0.6154,0.7692,0.2488,1.0,0.0,62.05,686,1.49,9.91,14.94,2026-07-05T20:20:54
d335e41bd3,P7_gray_clahe_denoise,plyn_vo,Q3,4,13,0,0,77.183,0.3846,0.6154,0.7692,0.2488,1.0,0.0,62.05,686,0.5,10.31,14.76,2026-07-05T20:20:58
d335e41bd3,P8_clahe_den_desk_otsu,plyn_vo,Q3,4,13,0,0,78.735,0.4615,0.6154,0.7692,0.2255,1.0,0.0,51.68,552,1.49,12.24,13.55,2026-07-05T20:21:20
5a2a735b54,P0_baseline,teplo,Q1,1,12,0,0,93.981,0.6667,0.6667,0.9167,0.088,1.0,0.0,83.76,144,0.14,0.0,2.06,2026-07-05T20:21:22
d335e41bd3,P8_clahe_den_desk_otsu,plyn_vo,Q3,4,13,0,0,78.735,0.4615,0.6154,0.7692,0.2255,1.0,0.0,51.68,552,0.5,9.95,13.59,2026-07-05T20:21:22
5a2a735b54,P1_gray,teplo,Q1,1,12,0,0,93.981,0.6667,0.6667,0.9167,0.0741,1.0,0.0,82.33,155,0.14,0.0,1.61,2026-07-05T20:21:23
5a2a735b54,P0_baseline,teplo,Q1,1,12,0,0,93.981,0.6667,0.6667,0.9167,0.088,1.0,0.0,83.76,144,0.13,0.0,2.04,2026-07-05T20:21:24
5a2a735b54,P2_gray_otsu,teplo,Q1,1,12,0,0,93.981,0.6667,0.6667,0.9167,0.088,1.0,0.0,82.45,153,0.14,0.01,1.48,2026-07-05T20:21:25
5a2a735b54,P1_gray,teplo,Q1,1,12,0,0,93.981,0.6667,0.6667,0.9167,0.0741,1.0,0.0,82.33,155,0.13,0.0,1.69,2026-07-05T20:21:26
5a2a735b54,P3_gray_adaptive,teplo,Q1,1,12,0,0,91.574,0.6667,0.6667,0.8333,0.1065,1.0,0.0,81.26,153,0.14,0.05,1.55,2026-07-05T20:21:26
5a2a735b54,P2_gray_otsu,teplo,Q1,1,12,0,0,93.981,0.6667,0.6667,0.9167,0.088,1.0,0.0,82.45,153,0.13,0.01,2.73,2026-07-05T20:21:29
5a2a735b54,P3_gray_adaptive,teplo,Q1,1,12,0,0,91.574,0.6667,0.6667,0.8333,0.1065,1.0,0.0,81.26,153,0.13,0.07,1.5,2026-07-05T20:21:30
5a2a735b54,P4_gray_denoise,teplo,Q1,1,12,0,0,93.981,0.6667,0.6667,0.9167,0.0741,1.0,0.0,81.65,164,0.14,2.32,1.77,2026-07-05T20:21:31
5a2a735b54,P5_gray_clahe,teplo,Q1,1,12,0,0,93.981,0.6667,0.6667,0.9167,0.088,1.0,0.0,79.18,176,0.14,0.11,3.01,2026-07-05T20:21:34
5a2a735b54,P4_gray_denoise,teplo,Q1,1,12,0,0,93.981,0.6667,0.6667,0.9167,0.0741,1.0,0.0,81.65,164,0.13,2.34,2.57,2026-07-05T20:21:35
5a2a735b54,P5_gray_clahe,teplo,Q1,1,12,0,0,93.981,0.6667,0.6667,0.9167,0.088,1.0,0.0,79.18,176,0.13,0.08,2.15,2026-07-05T20:21:37
5a2a735b54,P6_gray_denoise_otsu,teplo,Q1,1,12,0,0,93.981,0.6667,0.6667,0.9167,0.088,1.0,0.0,83.17,154,0.14,2.31,1.63,2026-07-05T20:21:38
5a2a735b54,P6_gray_denoise_otsu,teplo,Q1,1,12,0,0,93.981,0.6667,0.6667,0.9167,0.088,1.0,0.0,83.17,154,0.13,4.26,1.46,2026-07-05T20:21:43
5a2a735b54,P7_gray_clahe_denoise,teplo,Q1,1,12,0,0,93.981,0.6667,0.6667,0.9167,0.0741,1.0,0.0,84.49,151,0.14,4.0,1.98,2026-07-05T20:21:44
5a2a735b54,P7_gray_clahe_denoise,teplo,Q1,1,12,0,0,93.981,0.6667,0.6667,0.9167,0.0741,1.0,0.0,84.49,151,0.13,3.89,1.78,2026-07-05T20:21:49
5a2a735b54,P8_clahe_den_desk_otsu,teplo,Q1,1,12,0,0,93.981,0.6667,0.6667,0.9167,0.088,1.0,0.0,79.87,160,0.14,3.8,1.65,2026-07-05T20:21:49
5a2a735b54,P8_clahe_den_desk_otsu,teplo,Q1,1,12,0,0,93.981,0.6667,0.6667,0.9167,0.088,1.0,0.0,79.87,160,0.13,2.38,1.35,2026-07-05T20:21:53
6042a328ea,P0_baseline,teplo,Q2,1,12,0,0,93.171,0.75,0.75,0.8333,0.0926,1.0,0.0,88.17,147,0.58,0.0,2.79,2026-07-05T20:21:53
6042a328ea,P1_gray,teplo,Q2,1,12,0,0,93.171,0.75,0.75,0.8333,0.0926,1.0,0.0,86.34,151,0.58,0.0,1.54,2026-07-05T20:21:54
6042a328ea,P0_baseline,teplo,Q2,1,12,0,0,93.171,0.75,0.75,0.8333,0.0926,1.0,0.0,88.17,147,0.13,0.0,1.89,2026-07-05T20:21:55
6042a328ea,P2_gray_otsu,teplo,Q2,1,12,0,0,93.171,0.75,0.75,0.8333,0.0926,1.0,0.0,83.55,153,0.58,0.01,1.46,2026-07-05T20:21:56
6042a328ea,P1_gray,teplo,Q2,1,12,0,0,93.171,0.75,0.75,0.8333,0.0926,1.0,0.0,86.34,151,0.13,0.0,1.56,2026-07-05T20:21:56
6042a328ea,P3_gray_adaptive,teplo,Q2,1,12,0,0,93.171,0.75,0.75,0.8333,0.1065,1.0,0.0,78.82,166,0.58,0.05,1.4,2026-07-05T20:21:57
6042a328ea,P2_gray_otsu,teplo,Q2,1,12,0,0,93.171,0.75,0.75,0.8333,0.0926,1.0,0.0,83.55,153,0.13,0.01,2.32,2026-07-05T20:21:59
6042a328ea,P3_gray_adaptive,teplo,Q2,1,12,0,0,93.171,0.75,0.75,0.8333,0.1065,1.0,0.0,78.82,166,0.13,0.24,1.75,2026-07-05T20:22:01
6042a328ea,P4_gray_denoise,teplo,Q2,1,12,0,0,93.171,0.75,0.75,0.8333,0.0926,1.0,0.0,86.74,153,0.58,2.24,2.28,2026-07-05T20:22:02
6042a328ea,P5_gray_clahe,teplo,Q2,1,12,0,0,93.171,0.75,0.75,0.8333,0.0926,1.0,0.0,86.93,148,0.58,0.17,2.34,2026-07-05T20:22:04
6042a328ea,P4_gray_denoise,teplo,Q2,1,12,0,0,93.171,0.75,0.75,0.8333,0.0926,1.0,0.0,86.74,153,0.13,2.32,2.16,2026-07-05T20:22:05
6042a328ea,P5_gray_clahe,teplo,Q2,1,12,0,0,93.171,0.75,0.75,0.8333,0.0926,1.0,0.0,86.93,148,0.13,0.14,2.5,2026-07-05T20:22:08
6042a328ea,P6_gray_denoise_otsu,teplo,Q2,1,12,0,0,93.171,0.75,0.75,0.8333,0.0926,1.0,0.0,82.4,157,0.58,2.39,1.93,2026-07-05T20:22:09
6042a328ea,P6_gray_denoise_otsu,teplo,Q2,1,12,0,0,93.171,0.75,0.75,0.8333,0.0926,1.0,0.0,82.4,157,0.13,3.87,1.59,2026-07-05T20:22:13
6042a328ea,P7_gray_clahe_denoise,teplo,Q2,1,12,0,0,93.171,0.75,0.75,0.8333,0.0926,1.0,0.0,88.19,144,0.58,3.42,2.25,2026-07-05T20:22:14
6042a328ea,P7_gray_clahe_denoise,teplo,Q2,1,12,0,0,93.171,0.75,0.75,0.8333,0.0926,1.0,0.0,88.19,144,0.13,3.62,1.99,2026-07-05T20:22:19
6042a328ea,P8_clahe_den_desk_otsu,teplo,Q2,1,12,0,0,93.171,0.75,0.75,0.8333,0.0926,1.0,0.0,83.74,146,0.58,3.3,2.06,2026-07-05T20:22:20
6042a328ea,P8_clahe_den_desk_otsu,teplo,Q2,1,12,0,0,93.171,0.75,0.75,0.8333,0.0926,1.0,0.0,83.74,146,0.13,2.39,1.44,2026-07-05T20:22:23
44c8e71bd3,P0_baseline,teplo,Q3,4,12,0,0,60.648,0.0833,0.1667,0.4167,0.4588,1.0,0.0,44.2,1259,1.46,0.0,13.73,2026-07-05T20:22:35
44c8e71bd3,P0_baseline,teplo,Q3,4,12,0,0,60.648,0.0833,0.1667,0.4167,0.4588,1.0,0.0,44.2,1259,0.6,0.0,13.64,2026-07-05T20:22:37
44c8e71bd3,P1_gray,teplo,Q3,4,12,0,0,39.122,0.0,0.0,0.1667,0.6434,,,49.94,788,1.46,0.01,9.65,2026-07-05T20:22:45
44c8e71bd3,P1_gray,teplo,Q3,4,12,0,0,39.122,0.0,0.0,0.1667,0.6434,,,49.94,788,0.6,0.01,9.67,2026-07-05T20:22:47
44c8e71bd3,P2_gray_otsu,teplo,Q3,4,12,0,0,38.617,0.0,0.0,0.0833,0.7189,,,47.24,813,1.46,0.03,8.23,2026-07-05T20:22:53
44c8e71bd3,P2_gray_otsu,teplo,Q3,4,12,0,0,38.617,0.0,0.0,0.0833,0.7189,,,47.24,813,0.6,0.03,8.22,2026-07-05T20:22:55
44c8e71bd3,P3_gray_adaptive,teplo,Q3,4,12,0,0,81.553,0.0833,0.0833,0.9167,0.2649,1.0,0.0,51.19,3363,1.46,0.21,17.9,2026-07-05T20:23:11
44c8e71bd3,P3_gray_adaptive,teplo,Q3,4,12,0,0,81.553,0.0833,0.0833,0.9167,0.2649,1.0,0.0,51.19,3363,0.6,0.22,18.55,2026-07-05T20:23:14
44c8e71bd3,P4_gray_denoise,teplo,Q3,4,12,0,0,54.12,0.0833,0.0833,0.25,0.5333,1.0,0.0,47.36,1652,1.46,10.88,15.94,2026-07-05T20:23:38
44c8e71bd3,P4_gray_denoise,teplo,Q3,4,12,0,0,54.12,0.0833,0.0833,0.25,0.5333,1.0,0.0,47.36,1652,0.6,9.45,14.99,2026-07-05T20:23:38
44c8e71bd3,P5_gray_clahe,teplo,Q3,4,12,0,0,24.32,0.0,0.0,0.0,0.8321,,,50.47,2916,1.46,0.04,15.07,2026-07-05T20:23:53
44c8e71bd3,P5_gray_clahe,teplo,Q3,4,12,0,0,24.32,0.0,0.0,0.0,0.8321,,,50.47,2916,0.6,0.05,14.93,2026-07-05T20:23:54
44c8e71bd3,P6_gray_denoise_otsu,teplo,Q3,4,12,0,0,37.134,0.0,0.0,0.0,0.7055,,,46.76,1640,0.6,16.05,10.79,2026-07-05T20:24:21
44c8e71bd3,P6_gray_denoise_otsu,teplo,Q3,4,12,0,0,37.134,0.0,0.0,0.0,0.7055,,,46.76,1640,1.46,15.02,12.44,2026-07-05T20:24:21
44c8e71bd3,P7_gray_clahe_denoise,teplo,Q3,4,12,0,0,10.833,0.0,0.0,0.0,0.9083,,,58.43,3368,0.6,16.68,17.01,2026-07-05T20:24:54
44c8e71bd3,P7_gray_clahe_denoise,teplo,Q3,4,12,0,0,10.833,0.0,0.0,0.0,0.9083,,,58.43,3368,1.46,15.76,17.54,2026-07-05T20:24:55
44c8e71bd3,P8_clahe_den_desk_otsu,teplo,Q3,4,12,0,0,14.722,0.0,0.0,0.0,0.8667,,,58.42,2806,1.46,16.01,13.08,2026-07-05T20:25:24
44c8e71bd3,P8_clahe_den_desk_otsu,teplo,Q3,4,12,0,0,14.722,0.0,0.0,0.0,0.8667,,,58.42,2806,0.6,17.4,12.42,2026-07-05T20:25:24
050964531c,P0_baseline,voda,Q1,6,15,0,0,95.772,0.7333,0.8667,0.9333,0.0733,1.0,0.0,88.93,1455,0.97,0.0,14.73,2026-07-05T20:25:40
050964531c,P0_baseline,voda,Q1,6,15,0,0,95.772,0.7333,0.8667,0.9333,0.0733,1.0,0.0,88.93,1455,1.0,0.0,14.78,2026-07-05T20:25:40
050964531c,P1_gray,voda,Q1,6,15,0,0,95.772,0.7333,0.8667,0.9333,0.0666,1.0,0.0,87.49,1490,0.97,0.02,11.54,2026-07-05T20:25:52
050964531c,P1_gray,voda,Q1,6,15,0,0,95.772,0.7333,0.8667,0.9333,0.0666,1.0,0.0,87.49,1490,1.0,0.02,11.55,2026-07-05T20:25:52
050964531c,P2_gray_otsu,voda,Q1,6,15,0,0,96.438,0.8,0.8667,0.9333,0.06,1.0,0.0,87.9,1471,0.97,0.06,10.21,2026-07-05T20:26:02
050964531c,P2_gray_otsu,voda,Q1,6,15,0,0,96.438,0.8,0.8667,0.9333,0.06,1.0,0.0,87.9,1471,1.0,0.06,10.19,2026-07-05T20:26:02
050964531c,P3_gray_adaptive,voda,Q1,6,15,0,0,96.438,0.8,0.8667,0.9333,0.06,1.0,0.0,82.9,1525,1.0,0.35,10.38,2026-07-05T20:26:13
050964531c,P3_gray_adaptive,voda,Q1,6,15,0,0,96.438,0.8,0.8667,0.9333,0.06,1.0,0.0,82.9,1525,0.97,0.34,10.91,2026-07-05T20:26:13
050964531c,P4_gray_denoise,voda,Q1,6,15,0,0,95.772,0.7333,0.8667,0.9333,0.0733,1.0,0.0,87.81,1480,1.0,25.64,10.99,2026-07-05T20:26:49
050964531c,P4_gray_denoise,voda,Q1,6,15,0,0,95.772,0.7333,0.8667,0.9333,0.0733,1.0,0.0,87.81,1480,0.97,24.49,11.44,2026-07-05T20:26:50
050964531c,P5_gray_clahe,voda,Q1,6,15,0,0,95.772,0.7333,0.8667,0.9333,0.0571,1.0,0.0,85.61,1510,1.0,0.07,11.74,2026-07-05T20:27:01
050964531c,P5_gray_clahe,voda,Q1,6,15,0,0,95.772,0.7333,0.8667,0.9333,0.0571,1.0,0.0,85.61,1510,0.97,0.07,12.06,2026-07-05T20:27:02
050964531c,P6_gray_denoise_otsu,voda,Q1,6,15,0,0,96.438,0.8,0.8667,0.9333,0.0504,1.0,0.0,87.67,1478,0.97,24.43,10.69,2026-07-05T20:27:37
050964531c,P6_gray_denoise_otsu,voda,Q1,6,15,0,0,96.438,0.8,0.8667,0.9333,0.0504,1.0,0.0,87.67,1478,1.0,25.39,10.32,2026-07-05T20:27:37
050964531c,P7_gray_clahe_denoise,voda,Q1,6,15,0,0,95.772,0.7333,0.8667,0.9333,0.0638,1.0,0.0,86.35,1503,0.97,24.86,11.47,2026-07-05T20:28:14
050964531c,P7_gray_clahe_denoise,voda,Q1,6,15,0,0,95.772,0.7333,0.8667,0.9333,0.0638,1.0,0.0,86.35,1503,1.0,24.02,13.17,2026-07-05T20:28:15
050964531c,P8_clahe_den_desk_otsu,voda,Q1,6,15,0,0,96.438,0.8,0.8667,0.9333,0.0504,1.0,0.0,86.91,1495,0.97,25.15,10.65,2026-07-05T20:28:49
050964531c,P8_clahe_den_desk_otsu,voda,Q1,6,15,0,0,96.438,0.8,0.8667,0.9333,0.0504,1.0,0.0,86.91,1495,1.0,22.36,12.35,2026-07-05T20:28:50
9d2fda8780,P0_baseline,voda,Q2,8,13,2,0,99.798,0.9231,1.0,1.0,0.002,1.0,0.0,83.85,1408,0.54,0.0,16.06,2026-07-05T20:29:06
9d2fda8780,P0_baseline,voda,Q2,8,13,2,0,99.798,0.9231,1.0,1.0,0.002,1.0,0.0,83.85,1408,0.48,0.0,16.03,2026-07-05T20:29:06
9d2fda8780,P1_gray,voda,Q2,8,13,2,0,99.798,0.9231,1.0,1.0,0.002,1.0,0.0,84.7,1453,0.48,0.02,12.63,2026-07-05T20:29:19
9d2fda8780,P1_gray,voda,Q2,8,13,2,0,99.798,0.9231,1.0,1.0,0.002,1.0,0.0,84.7,1453,0.54,0.02,12.97,2026-07-05T20:29:19
9d2fda8780,P2_gray_otsu,voda,Q2,8,13,2,0,95.951,0.6923,0.7692,1.0,0.0405,1.0,0.0,73.22,1448,0.48,0.06,11.28,2026-07-05T20:29:30
9d2fda8780,P2_gray_otsu,voda,Q2,8,13,2,0,95.951,0.6923,0.7692,1.0,0.0405,1.0,0.0,73.22,1448,0.54,0.06,11.09,2026-07-05T20:29:30
9d2fda8780,P3_gray_adaptive,voda,Q2,8,13,2,0,95.951,0.6923,0.7692,1.0,0.0553,1.0,0.0,59.0,1597,0.48,0.46,17.38,2026-07-05T20:29:48
9d2fda8780,P3_gray_adaptive,voda,Q2,8,13,2,0,95.951,0.6923,0.7692,1.0,0.0553,1.0,0.0,59.0,1597,0.54,0.46,17.39,2026-07-05T20:29:48
9d2fda8780,P4_gray_denoise,voda,Q2,8,13,2,0,99.798,0.9231,1.0,1.0,0.002,1.0,0.0,85.36,1432,0.48,34.72,12.69,2026-07-05T20:30:36
9d2fda8780,P4_gray_denoise,voda,Q2,8,13,2,0,99.798,0.9231,1.0,1.0,0.002,1.0,0.0,85.36,1432,0.54,34.55,12.73,2026-07-05T20:30:36
9d2fda8780,P5_gray_clahe,voda,Q2,8,13,2,0,99.798,0.9231,1.0,1.0,0.002,1.0,0.0,70.02,1241,0.54,0.11,19.17,2026-07-05T20:30:55
9d2fda8780,P5_gray_clahe,voda,Q2,8,13,2,0,99.798,0.9231,1.0,1.0,0.002,1.0,0.0,70.02,1241,0.48,0.11,19.3,2026-07-05T20:30:55
9d2fda8780,P6_gray_denoise_otsu,voda,Q2,8,13,2,0,98.516,0.8462,0.9231,1.0,0.0148,1.0,0.0,74.53,1426,0.54,33.24,11.89,2026-07-05T20:31:40
9d2fda8780,P6_gray_denoise_otsu,voda,Q2,8,13,2,0,98.516,0.8462,0.9231,1.0,0.0148,1.0,0.0,74.53,1426,0.48,31.85,13.98,2026-07-05T20:31:41
9d2fda8780,P7_gray_clahe_denoise,voda,Q2,8,13,2,0,99.798,0.9231,1.0,1.0,0.004,1.0,0.0,79.36,1200,0.54,31.69,14.7,2026-07-05T20:32:27
9d2fda8780,P7_gray_clahe_denoise,voda,Q2,8,13,2,0,99.798,0.9231,1.0,1.0,0.004,1.0,0.0,79.36,1200,0.48,28.39,17.66,2026-07-05T20:32:28
9d2fda8780,P8_clahe_den_desk_otsu,voda,Q2,8,13,2,0,99.798,0.9231,1.0,1.0,0.002,1.0,0.0,66.98,1229,0.54,33.98,11.27,2026-07-05T20:33:12
9d2fda8780,P8_clahe_den_desk_otsu,voda,Q2,8,13,2,0,99.798,0.9231,1.0,1.0,0.002,1.0,0.0,66.98,1229,0.48,31.1,13.06,2026-07-05T20:33:12
2b4b27d52a,P0_baseline,voda,Q3,4,15,0,0,76.37,0.4667,0.5333,0.6667,0.2585,1.0,0.0,57.41,298,0.22,0.0,7.09,2026-07-05T20:33:19
2b4b27d52a,P0_baseline,voda,Q3,4,15,0,0,76.37,0.4667,0.5333,0.6667,0.2585,1.0,0.0,57.41,298,0.23,0.0,7.18,2026-07-05T20:33:19
2b4b27d52a,P1_gray,voda,Q3,4,15,0,0,77.667,0.4667,0.5333,0.8,0.2456,1.0,0.0,55.71,325,0.22,0.01,6.66,2026-07-05T20:33:26
2b4b27d52a,P1_gray,voda,Q3,4,15,0,0,77.667,0.4667,0.5333,0.8,0.2456,1.0,0.0,55.71,325,0.23,0.01,6.76,2026-07-05T20:33:26
2b4b27d52a,P2_gray_otsu,voda,Q3,4,15,0,0,55.897,0.1333,0.1333,0.4,0.5158,1.0,0.0,34.99,342,0.22,0.03,6.48,2026-07-05T20:33:33
2b4b27d52a,P2_gray_otsu,voda,Q3,4,15,0,0,55.897,0.1333,0.1333,0.4,0.5158,1.0,0.0,34.99,342,0.23,0.03,6.46,2026-07-05T20:33:33
2b4b27d52a,P3_gray_adaptive,voda,Q3,4,15,0,0,34.926,0.0,0.0,0.0667,0.7139,,,37.65,699,0.23,0.22,21.15,2026-07-05T20:33:54
2b4b27d52a,P3_gray_adaptive,voda,Q3,4,15,0,0,34.926,0.0,0.0,0.0667,0.7139,,,37.65,699,0.22,0.22,21.46,2026-07-05T20:33:54
2b4b27d52a,P4_gray_denoise,voda,Q3,4,15,0,0,85.222,0.5333,0.7333,0.8667,0.1767,1.0,0.0,60.75,402,0.22,15.59,7.78,2026-07-05T20:34:18
2b4b27d52a,P4_gray_denoise,voda,Q3,4,15,0,0,85.222,0.5333,0.7333,0.8667,0.1767,1.0,0.0,60.75,402,0.23,15.1,8.76,2026-07-05T20:34:18
2b4b27d52a,P5_gray_clahe,voda,Q3,4,15,0,0,24.259,0.0667,0.0667,0.1333,0.7796,1.0,0.0,52.02,128,0.22,0.05,4.67,2026-07-05T20:34:23
2b4b27d52a,P5_gray_clahe,voda,Q3,4,15,0,0,24.259,0.0667,0.0667,0.1333,0.7796,1.0,0.0,52.02,128,0.23,0.04,5.86,2026-07-05T20:34:24
2b4b27d52a,P6_gray_denoise_otsu,voda,Q3,4,15,0,0,73.163,0.2667,0.3333,0.7333,0.3262,1.0,0.0,45.03,424,0.22,15.52,7.51,2026-07-05T20:34:46
2b4b27d52a,P6_gray_denoise_otsu,voda,Q3,4,15,0,0,73.163,0.2667,0.3333,0.7333,0.3262,1.0,0.0,45.03,424,0.23,13.62,8.18,2026-07-05T20:34:46
2b4b27d52a,P7_gray_clahe_denoise,voda,Q3,4,15,0,0,34.185,0.0667,0.0667,0.2,0.7087,1.0,0.0,56.96,321,0.22,14.73,7.83,2026-07-05T20:35:08
2b4b27d52a,P7_gray_clahe_denoise,voda,Q3,4,15,0,0,34.185,0.0667,0.0667,0.2,0.7087,1.0,0.0,56.96,321,0.23,13.08,10.86,2026-07-05T20:35:10
2b4b27d52a,P8_clahe_den_desk_otsu,voda,Q3,4,15,0,0,16.759,0.0,0.0,0.0,0.8639,,,32.64,320,0.22,15.38,6.5,2026-07-05T20:35:30
2b4b27d52a,P8_clahe_den_desk_otsu,voda,Q3,4,15,0,0,16.759,0.0,0.0,0.0,0.8639,,,32.64,320,0.23,12.7,7.27,2026-07-05T20:35:30
8aaaaddaed,P0_baseline,elektrina_nn,Q1,5,14,0,0,99.107,0.9286,0.9286,1.0,0.0179,1.0,0.0,83.82,1478,0.64,0.0,13.84,2026-07-05T20:35:45
8aaaaddaed,P0_baseline,elektrina_nn,Q1,5,14,0,0,99.107,0.9286,0.9286,1.0,0.0179,1.0,0.0,83.82,1478,0.64,0.0,13.75,2026-07-05T20:35:45
8aaaaddaed,P1_gray,elektrina_nn,Q1,5,14,0,0,99.107,0.9286,0.9286,1.0,0.0179,1.0,0.0,83.71,1494,0.64,0.01,11.02,2026-07-05T20:35:56
8aaaaddaed,P1_gray,elektrina_nn,Q1,5,14,0,0,99.107,0.9286,0.9286,1.0,0.0179,1.0,0.0,83.71,1494,0.64,0.01,11.13,2026-07-05T20:35:56
8aaaaddaed,P2_gray_otsu,elektrina_nn,Q1,5,14,0,0,99.107,0.9286,0.9286,1.0,0.0179,1.0,0.0,80.63,1510,0.64,0.05,10.15,2026-07-05T20:36:06
8aaaaddaed,P2_gray_otsu,elektrina_nn,Q1,5,14,0,0,99.107,0.9286,0.9286,1.0,0.0179,1.0,0.0,80.63,1510,0.64,0.05,10.16,2026-07-05T20:36:06
8aaaaddaed,P3_gray_adaptive,elektrina_nn,Q1,5,14,0,0,100.0,1.0,1.0,1.0,0.0,1.0,0.0,79.81,1533,0.64,0.29,9.64,2026-07-05T20:36:16
8aaaaddaed,P3_gray_adaptive,elektrina_nn,Q1,5,14,0,0,100.0,1.0,1.0,1.0,0.0,1.0,0.0,79.81,1533,0.64,0.29,9.67,2026-07-05T20:36:16
8aaaaddaed,P4_gray_denoise,elektrina_nn,Q1,5,14,0,0,100.0,1.0,1.0,1.0,0.0,1.0,0.0,84.75,1481,0.64,22.58,10.79,2026-07-05T20:36:50
8aaaaddaed,P4_gray_denoise,elektrina_nn,Q1,5,14,0,0,100.0,1.0,1.0,1.0,0.0,1.0,0.0,84.75,1481,0.64,22.56,10.86,2026-07-05T20:36:50
8aaaaddaed,P5_gray_clahe,elektrina_nn,Q1,5,14,0,0,100.0,1.0,1.0,1.0,0.0,1.0,0.0,81.38,1495,0.64,0.06,10.92,2026-07-05T20:37:01
8aaaaddaed,P5_gray_clahe,elektrina_nn,Q1,5,14,0,0,100.0,1.0,1.0,1.0,0.0,1.0,0.0,81.38,1495,0.64,0.06,11.22,2026-07-05T20:37:01
8aaaaddaed,P6_gray_denoise_otsu,elektrina_nn,Q1,5,14,0,0,100.0,1.0,1.0,1.0,0.0,1.0,0.0,81.21,1498,0.64,19.96,10.71,2026-07-05T20:37:31
8aaaaddaed,P6_gray_denoise_otsu,elektrina_nn,Q1,5,14,0,0,100.0,1.0,1.0,1.0,0.0,1.0,0.0,81.21,1498,0.64,18.15,12.65,2026-07-05T20:37:32
8aaaaddaed,P7_gray_clahe_denoise,elektrina_nn,Q1,5,14,0,0,100.0,1.0,1.0,1.0,0.0,1.0,0.0,83.07,1504,0.64,12.97,10.54,2026-07-05T20:37:55
8aaaaddaed,P8_clahe_den_desk_otsu,elektrina_nn,Q1,5,14,0,0,100.0,1.0,1.0,1.0,0.0,1.0,0.0,81.66,1530,0.64,11.36,8.77,2026-07-05T20:38:15
411936845a,P0_baseline,elektrina_nn,Q2,5,14,1,3,99.66,0.9286,1.0,1.0,0.0068,1.0,0.0,85.32,1644,0.59,0.0,13.55,2026-07-05T20:38:29
411936845a,P1_gray,elektrina_nn,Q2,5,14,1,3,99.66,0.9286,1.0,1.0,0.0068,1.0,0.0,85.32,1644,0.59,0.01,11.17,2026-07-05T20:38:40
411936845a,P2_gray_otsu,elektrina_nn,Q2,5,14,1,3,100.0,1.0,1.0,1.0,0.0,1.0,0.0,77.5,1648,0.59,0.04,10.54,2026-07-05T20:38:51
411936845a,P3_gray_adaptive,elektrina_nn,Q2,5,14,1,3,100.0,1.0,1.0,1.0,0.0,1.0,0.0,75.77,1826,0.59,0.25,11.88,2026-07-05T20:39:03
411936845a,P4_gray_denoise,elektrina_nn,Q2,5,14,1,3,99.66,0.9286,1.0,1.0,0.0068,1.0,0.0,85.33,1666,0.59,10.99,11.3,2026-07-05T20:39:26
411936845a,P5_gray_clahe,elektrina_nn,Q2,5,14,1,3,99.66,0.9286,1.0,1.0,0.0068,1.0,0.0,80.98,1505,0.59,0.06,10.63,2026-07-05T20:39:36
411936845a,P6_gray_denoise_otsu,elektrina_nn,Q2,5,14,1,3,100.0,1.0,1.0,1.0,0.0,1.0,0.0,77.23,1669,0.59,10.89,10.68,2026-07-05T20:39:58
411936845a,P7_gray_clahe_denoise,elektrina_nn,Q2,5,14,1,3,99.66,0.9286,1.0,1.0,0.0068,1.0,0.0,84.28,1547,0.59,10.86,10.85,2026-07-05T20:40:20
411936845a,P8_clahe_den_desk_otsu,elektrina_nn,Q2,5,14,1,3,100.0,1.0,1.0,1.0,0.0,1.0,0.0,81.24,1557,0.59,11.45,10.05,2026-07-05T20:40:41
d684d6c5ac,P0_baseline,elektrina_nn,Q3,5,15,0,1,82.667,0.6667,0.6667,0.8667,0.1733,1.0,0.0,77.68,1348,0.62,0.0,16.07,2026-07-05T20:40:58
d684d6c5ac,P1_gray,elektrina_nn,Q3,5,15,0,1,82.667,0.6667,0.6667,0.8667,0.1733,1.0,0.0,78.66,1269,0.62,0.01,13.1,2026-07-05T20:41:11
d684d6c5ac,P2_gray_otsu,elektrina_nn,Q3,5,15,0,1,81.833,0.6,0.6,0.8667,0.19,1.0,0.0,72.43,1271,0.62,0.04,11.78,2026-07-05T20:41:23
d684d6c5ac,P3_gray_adaptive,elektrina_nn,Q3,5,15,0,1,98.063,0.8667,0.9333,1.0,0.0257,1.0,0.0,64.6,1943,0.62,0.24,16.52,2026-07-05T20:41:40
d684d6c5ac,P4_gray_denoise,elektrina_nn,Q3,5,15,0,1,81.397,0.6,0.6,0.8667,0.1892,1.0,0.0,79.26,1449,0.62,11.18,13.18,2026-07-05T20:42:04
d684d6c5ac,P5_gray_clahe,elektrina_nn,Q3,5,15,0,1,71.698,0.4,0.4667,0.8,0.3112,1.0,0.0,71.13,741,0.62,0.06,10.14,2026-07-05T20:42:15
d684d6c5ac,P6_gray_denoise_otsu,elektrina_nn,Q3,5,15,0,1,81.397,0.6,0.6,0.8667,0.1892,1.0,0.0,72.44,1452,0.62,11.26,11.92,2026-07-05T20:42:38
d684d6c5ac,P7_gray_clahe_denoise,elektrina_nn,Q3,5,15,0,1,75.365,0.5333,0.6,0.8,0.2527,1.0,0.0,74.78,1096,0.62,10.99,12.73,2026-07-05T20:43:02
d684d6c5ac,P8_clahe_den_desk_otsu,elektrina_nn,Q3,5,15,0,1,74.032,0.4,0.6,0.8,0.2629,1.0,0.0,70.13,1092,0.62,11.44,11.36,2026-07-05T20:43:25
a22ea9556c,P0_baseline,elektrina_vn,Q1,4,11,0,0,97.727,0.9091,0.9091,1.0,0.0341,1.0,0.0,87.49,1267,0.47,0.0,10.46,2026-07-05T20:43:36
a22ea9556c,P1_gray,elektrina_vn,Q1,4,11,0,0,97.727,0.9091,0.9091,1.0,0.0227,1.0,0.0,87.73,1270,0.47,0.01,8.63,2026-07-05T20:43:44
a22ea9556c,P2_gray_otsu,elektrina_vn,Q1,4,11,0,0,97.727,0.9091,0.9091,1.0,0.0227,1.0,0.0,86.63,1276,0.47,0.04,7.66,2026-07-05T20:43:52
a22ea9556c,P3_gray_adaptive,elektrina_vn,Q1,4,11,0,0,96.818,0.8182,0.9091,1.0,0.0409,1.0,0.0,84.78,1330,0.47,0.19,8.1,2026-07-05T20:44:00
a22ea9556c,P4_gray_denoise,elektrina_vn,Q1,4,11,0,0,97.727,0.9091,0.9091,1.0,0.0341,1.0,0.0,88.17,1267,0.47,8.61,8.17,2026-07-05T20:44:17
a22ea9556c,P5_gray_clahe,elektrina_vn,Q1,4,11,0,0,97.727,0.9091,0.9091,1.0,0.0227,1.0,0.0,82.55,1365,0.47,0.05,8.74,2026-07-05T20:44:26
a22ea9556c,P6_gray_denoise_otsu,elektrina_vn,Q1,4,11,0,0,97.727,0.9091,0.9091,1.0,0.0341,1.0,0.0,87.15,1272,0.47,9.0,8.0,2026-07-05T20:44:43
a22ea9556c,P7_gray_clahe_denoise,elektrina_vn,Q1,4,11,0,0,95.248,0.8182,0.8182,0.9091,0.064,1.0,0.0,86.51,1322,0.47,8.91,8.87,2026-07-05T20:45:01
a22ea9556c,P8_clahe_den_desk_otsu,elektrina_vn,Q1,4,11,0,0,97.727,0.9091,0.9091,1.0,0.0227,1.0,0.0,84.05,1340,0.47,8.97,7.66,2026-07-05T20:45:17
4dc2d92ac3,P0_baseline,elektrina_vn,Q2,4,11,0,0,87.879,0.8182,0.8182,0.8182,0.1212,1.0,0.0,86.65,1238,0.47,0.0,10.18,2026-07-05T20:45:28
4dc2d92ac3,P1_gray,elektrina_vn,Q2,4,11,0,0,87.879,0.8182,0.8182,0.8182,0.1212,1.0,0.0,86.65,1238,0.47,0.01,8.21,2026-07-05T20:45:36
4dc2d92ac3,P2_gray_otsu,elektrina_vn,Q2,4,11,0,0,87.879,0.8182,0.8182,0.8182,0.1364,1.0,0.0,84.87,1246,0.47,0.04,7.88,2026-07-05T20:45:44
4dc2d92ac3,P3_gray_adaptive,elektrina_vn,Q2,4,11,0,0,90.505,0.6364,0.6364,0.9091,0.1197,1.0,0.0,82.51,1170,0.47,0.2,7.73,2026-07-05T20:45:52
4dc2d92ac3,P4_gray_denoise,elektrina_vn,Q2,4,11,0,0,87.879,0.8182,0.8182,0.8182,0.1212,1.0,0.0,87.75,1250,0.47,8.5,8.34,2026-07-05T20:46:09
4dc2d92ac3,P5_gray_clahe,elektrina_vn,Q2,4,11,0,0,87.879,0.8182,0.8182,0.8182,0.1212,1.0,0.0,80.64,1140,0.47,0.04,9.14,2026-07-05T20:46:18
4dc2d92ac3,P6_gray_denoise_otsu,elektrina_vn,Q2,4,11,0,0,87.879,0.8182,0.8182,0.8182,0.1364,1.0,0.0,85.35,1252,0.47,8.78,7.73,2026-07-05T20:46:35
4dc2d92ac3,P7_gray_clahe_denoise,elektrina_vn,Q2,4,11,0,0,87.879,0.8182,0.8182,0.8182,0.1364,1.0,0.0,83.47,1194,0.47,8.81,9.16,2026-07-05T20:46:53
4dc2d92ac3,P8_clahe_den_desk_otsu,elektrina_vn,Q2,4,11,0,0,87.879,0.8182,0.8182,0.8182,0.1212,1.0,0.0,80.49,1212,0.47,8.91,8.55,2026-07-05T20:47:11
d4fe69a295,P0_baseline,elektrina_vn,Q3,4,12,0,0,83.125,0.5833,0.5833,0.8333,0.2062,1.0,0.0,81.82,965,0.48,0.0,11.99,2026-07-05T20:47:23
d4fe69a295,P1_gray,elektrina_vn,Q3,4,12,0,0,83.125,0.5833,0.5833,0.8333,0.1896,1.0,0.0,80.95,1064,0.48,0.01,9.86,2026-07-05T20:47:33
d4fe69a295,P2_gray_otsu,elektrina_vn,Q3,4,12,0,0,83.125,0.5833,0.5833,0.8333,0.1896,1.0,0.0,77.98,1062,0.48,0.03,8.57,2026-07-05T20:47:42
d4fe69a295,P3_gray_adaptive,elektrina_vn,Q3,4,12,0,0,88.333,0.5833,0.5833,0.8333,0.1583,1.0,0.0,76.61,1119,0.48,0.2,7.9,2026-07-05T20:47:50
d4fe69a295,P4_gray_denoise,elektrina_vn,Q3,4,12,0,0,83.125,0.5833,0.5833,0.8333,0.2062,1.0,0.0,82.02,1131,0.48,8.61,9.21,2026-07-05T20:48:08
d4fe69a295,P5_gray_clahe,elektrina_vn,Q3,4,12,0,0,88.333,0.5833,0.5833,0.8333,0.175,1.0,0.0,82.82,701,0.48,0.05,8.48,2026-07-05T20:48:16
d4fe69a295,P6_gray_denoise_otsu,elektrina_vn,Q3,4,12,0,0,82.746,0.5,0.5833,0.8333,0.1934,1.0,0.0,78.87,1125,0.48,8.72,8.26,2026-07-05T20:48:33
d4fe69a295,P7_gray_clahe_denoise,elektrina_vn,Q3,4,12,0,0,88.333,0.5833,0.5833,0.8333,0.1583,1.0,0.0,81.74,794,0.48,8.76,10.39,2026-07-05T20:48:52
d4fe69a295,P8_clahe_den_desk_otsu,elektrina_vn,Q3,4,12,0,0,88.333,0.5833,0.5833,0.8333,0.1854,1.0,0.0,78.71,802,0.48,9.1,8.79,2026-07-05T20:49:10
a1251486d9,P0_baseline,plyn_mo,Q1,5,14,0,0,99.702,0.9286,1.0,1.0,0.003,1.0,0.0,85.63,2035,0.7,0.0,17.17,2026-07-05T20:49:28
a1251486d9,P1_gray,plyn_mo,Q1,5,14,0,0,97.47,0.8571,0.9286,0.9286,0.0342,1.0,0.0,87.02,2088,0.7,0.01,14.17,2026-07-05T20:49:43
a1251486d9,P2_gray_otsu,plyn_mo,Q1,5,14,0,0,97.47,0.8571,0.9286,0.9286,0.0342,1.0,0.0,87.0,2076,0.7,0.05,12.63,2026-07-05T20:49:55
a1251486d9,P3_gray_adaptive,plyn_mo,Q1,5,14,0,0,98.81,0.8571,0.9286,1.0,0.0164,1.0,0.0,84.74,1983,0.7,0.24,11.93,2026-07-05T20:50:08
a1251486d9,P4_gray_denoise,plyn_mo,Q1,5,14,0,0,97.47,0.8571,0.9286,0.9286,0.0342,1.0,0.0,87.67,2067,0.7,11.02,13.1,2026-07-05T20:50:32
a1251486d9,P5_gray_clahe,plyn_mo,Q1,5,14,0,0,97.024,0.8571,0.9286,0.9286,0.0342,1.0,0.0,86.63,2060,0.7,0.06,13.58,2026-07-05T20:50:45
a1251486d9,P6_gray_denoise_otsu,plyn_mo,Q1,5,14,0,0,97.47,0.8571,0.9286,0.9286,0.0342,1.0,0.0,87.05,2076,0.7,10.93,12.52,2026-07-05T20:51:09
a1251486d9,P7_gray_clahe_denoise,plyn_mo,Q1,5,14,0,0,97.917,0.8571,0.9286,1.0,0.0298,1.0,0.0,86.24,2084,0.7,10.97,13.81,2026-07-05T20:51:34
a1251486d9,P8_clahe_den_desk_otsu,plyn_mo,Q1,5,14,0,0,97.917,0.8571,0.9286,1.0,0.0253,1.0,0.0,85.01,2097,0.7,11.48,12.82,2026-07-05T20:51:58
974b0daa31,P0_baseline,plyn_mo,Q2,5,14,0,0,87.401,0.5714,0.6429,0.8571,0.1438,1.0,0.0,76.29,1074,0.62,0.0,13.85,2026-07-05T20:52:13
974b0daa31,P1_gray,plyn_mo,Q2,5,14,0,0,90.079,0.6429,0.7143,0.9286,0.1081,1.0,0.0,72.68,1544,0.62,0.01,14.23,2026-07-05T20:52:27
974b0daa31,P2_gray_otsu,plyn_mo,Q2,5,14,0,0,89.663,0.5714,0.7857,0.9286,0.1034,1.0,0.0,68.25,1547,0.62,0.04,12.33,2026-07-05T20:52:39
974b0daa31,P3_gray_adaptive,plyn_mo,Q2,5,14,0,0,92.56,0.8571,0.9286,0.9286,0.0744,1.0,0.0,68.18,1714,0.62,0.24,12.94,2026-07-05T20:52:53
974b0daa31,P4_gray_denoise,plyn_mo,Q2,5,14,0,0,89.365,0.5714,0.7143,0.9286,0.1153,1.0,0.0,74.76,1696,0.62,10.81,12.38,2026-07-05T20:53:16
974b0daa31,P5_gray_clahe,plyn_mo,Q2,5,14,0,0,90.972,0.7143,0.7857,0.9286,0.0903,1.0,0.0,70.82,1685,0.62,0.06,13.23,2026-07-05T20:53:29
974b0daa31,P6_gray_denoise_otsu,plyn_mo,Q2,5,14,0,0,89.286,0.5714,0.6429,0.9286,0.1161,1.0,0.0,66.14,1681,0.62,11.01,11.9,2026-07-05T20:53:52
974b0daa31,P7_gray_clahe_denoise,plyn_mo,Q2,5,14,0,0,90.972,0.7143,0.7857,0.9286,0.0933,1.0,0.0,71.63,1629,0.62,10.99,13.13,2026-07-05T20:54:16
974b0daa31,P8_clahe_den_desk_otsu,plyn_mo,Q2,5,14,0,0,89.048,0.5714,0.7857,0.9286,0.1214,1.0,0.0,60.72,1505,0.62,11.27,12.79,2026-07-05T20:54:40
95c1a11968,P0_baseline,plyn_mo,Q3,4,14,0,0,83.529,0.5714,0.6429,0.7143,0.1963,1.0,0.0,51.74,721,0.2,0.0,10.39,2026-07-05T20:54:51
95c1a11968,P1_gray,plyn_mo,Q3,4,14,0,0,82.134,0.5714,0.5714,0.7143,0.2245,1.0,0.0,53.53,655,0.2,0.01,7.46,2026-07-05T20:54:59
95c1a11968,P2_gray_otsu,plyn_mo,Q3,4,14,0,0,67.474,0.2143,0.2143,0.5714,0.4159,1.0,0.0,32.04,736,0.2,0.03,7.57,2026-07-05T20:55:06
95c1a11968,P3_gray_adaptive,plyn_mo,Q3,4,14,0,0,76.003,0.1429,0.2857,0.7143,0.3202,1.0,0.0,38.03,1078,0.2,0.2,22.08,2026-07-05T20:55:29
95c1a11968,P4_gray_denoise,plyn_mo,Q3,4,14,0,0,86.361,0.5,0.7143,0.8571,0.1507,1.0,0.0,59.98,929,0.2,8.68,9.16,2026-07-05T20:55:46
95c1a11968,P5_gray_clahe,plyn_mo,Q3,4,14,0,0,85.111,0.4286,0.5,0.8571,0.181,1.0,0.0,53.31,892,0.2,0.04,9.17,2026-07-05T20:55:56
95c1a11968,P6_gray_denoise_otsu,plyn_mo,Q3,4,14,0,0,68.551,0.0714,0.1429,0.6429,0.3754,1.0,0.0,41.67,941,0.2,8.95,8.57,2026-07-05T20:56:13
95c1a11968,P7_gray_clahe_denoise,plyn_mo,Q3,4,14,0,0,85.51,0.5714,0.7143,0.7857,0.1765,1.0,0.0,55.06,836,0.2,8.87,11.6,2026-07-05T20:56:34
95c1a11968,P8_clahe_den_desk_otsu,plyn_mo,Q3,4,14,0,0,71.947,0.2857,0.3571,0.6429,0.3361,1.0,0.0,34.51,851,0.2,9.33,10.76,2026-07-05T20:56:54
09f7f0e2e7,P0_baseline,plyn_vo,Q1,4,13,0,0,95.696,0.7692,0.7692,1.0,0.0623,1.0,0.0,84.41,1654,0.47,0.0,12.77,2026-07-05T20:57:07
09f7f0e2e7,P1_gray,plyn_vo,Q1,4,13,0,0,95.696,0.7692,0.7692,1.0,0.0623,1.0,0.0,84.41,1654,0.47,0.01,11.11,2026-07-05T20:57:18
09f7f0e2e7,P2_gray_otsu,plyn_vo,Q1,4,13,0,0,95.696,0.7692,0.7692,1.0,0.0623,1.0,0.0,85.42,1655,0.47,0.04,9.61,2026-07-05T20:57:28
09f7f0e2e7,P3_gray_adaptive,plyn_vo,Q1,4,13,0,0,95.696,0.7692,0.7692,1.0,0.0623,1.0,0.0,79.65,1603,0.47,0.19,9.02,2026-07-05T20:57:37
09f7f0e2e7,P4_gray_denoise,plyn_vo,Q1,4,13,0,0,95.696,0.7692,0.7692,1.0,0.0623,1.0,0.0,84.69,1662,0.47,8.66,10.27,2026-07-05T20:57:56
09f7f0e2e7,P5_gray_clahe,plyn_vo,Q1,4,13,0,0,95.696,0.7692,0.7692,1.0,0.0623,1.0,0.0,81.29,1726,0.47,0.05,11.02,2026-07-05T20:58:07
09f7f0e2e7,P6_gray_denoise_otsu,plyn_vo,Q1,4,13,0,0,95.696,0.7692,0.7692,1.0,0.0623,1.0,0.0,86.12,1647,0.47,8.62,9.62,2026-07-05T20:58:26
09f7f0e2e7,P7_gray_clahe_denoise,plyn_vo,Q1,4,13,0,0,95.696,0.7692,0.7692,1.0,0.0623,1.0,0.0,81.08,1735,0.47,8.66,10.44,2026-07-05T20:58:45
09f7f0e2e7,P8_clahe_den_desk_otsu,plyn_vo,Q1,4,13,0,0,95.696,0.7692,0.7692,1.0,0.0623,1.0,0.0,82.37,1737,0.47,9.19,10.28,2026-07-05T20:59:04
ff57454ebf,P0_baseline,plyn_vo,Q2,4,13,0,0,94.444,0.6923,0.6923,0.9231,0.0641,1.0,0.0,80.1,1682,0.48,0.0,13.37,2026-07-05T20:59:18
ff57454ebf,P1_gray,plyn_vo,Q2,4,13,0,0,94.444,0.6923,0.6923,0.9231,0.0795,1.0,0.0,81.36,1663,0.48,0.01,10.37,2026-07-05T20:59:29
ff57454ebf,P2_gray_otsu,plyn_vo,Q2,4,13,0,0,94.444,0.6923,0.6923,0.9231,0.0556,1.0,0.0,83.96,1663,0.48,0.03,9.43,2026-07-05T20:59:38
ff57454ebf,P3_gray_adaptive,plyn_vo,Q2,4,13,0,0,94.444,0.6923,0.6923,0.9231,0.0556,1.0,0.0,79.32,1555,0.48,0.2,8.69,2026-07-05T20:59:47
ff57454ebf,P4_gray_denoise,plyn_vo,Q2,4,13,0,0,94.444,0.6923,0.6923,0.9231,0.0795,1.0,0.0,81.65,1667,0.48,8.89,10.46,2026-07-05T21:00:07
ff57454ebf,P5_gray_clahe,plyn_vo,Q2,4,13,0,0,94.444,0.6923,0.6923,0.9231,0.0641,1.0,0.0,78.83,1731,0.48,0.05,10.77,2026-07-05T21:00:17
ff57454ebf,P6_gray_denoise_otsu,plyn_vo,Q2,4,13,0,0,94.444,0.6923,0.6923,0.9231,0.0556,1.0,0.0,85.14,1675,0.48,8.68,9.46,2026-07-05T21:00:36
ff57454ebf,P7_gray_clahe_denoise,plyn_vo,Q2,4,13,0,0,94.444,0.6923,0.6923,0.9231,0.0556,1.0,0.0,80.24,1729,0.48,8.72,10.54,2026-07-05T21:00:55
ff57454ebf,P8_clahe_den_desk_otsu,plyn_vo,Q2,4,13,0,0,94.444,0.6923,0.6923,0.9231,0.0641,1.0,0.0,82.03,1650,0.48,9.22,9.95,2026-07-05T21:01:14
84dcfbb551,P0_baseline,plyn_vo,Q3,4,13,0,0,93.269,0.7692,0.7692,0.8462,0.0769,1.0,0.0,83.67,1605,0.48,0.0,12.07,2026-07-05T21:01:27
84dcfbb551,P1_gray,plyn_vo,Q3,4,13,0,0,93.269,0.7692,0.7692,0.8462,0.0673,1.0,0.0,84.22,1610,0.48,0.01,10.09,2026-07-05T21:01:37
84dcfbb551,P2_gray_otsu,plyn_vo,Q3,4,13,0,0,93.269,0.7692,0.7692,0.8462,0.0769,1.0,0.0,81.46,1598,0.48,0.04,9.1,2026-07-05T21:01:46
84dcfbb551,P3_gray_adaptive,plyn_vo,Q3,4,13,0,0,93.269,0.7692,0.7692,0.8462,0.0769,1.0,0.0,77.66,1754,0.48,0.2,10.0,2026-07-05T21:01:56
84dcfbb551,P4_gray_denoise,plyn_vo,Q3,4,13,0,0,93.269,0.7692,0.7692,0.8462,0.0769,1.0,0.0,85.85,1500,0.48,8.84,9.71,2026-07-05T21:02:15
84dcfbb551,P5_gray_clahe,plyn_vo,Q3,4,13,0,0,91.071,0.6923,0.6923,0.7692,0.1099,1.0,0.0,79.76,1588,0.48,0.04,10.07,2026-07-05T21:02:25
84dcfbb551,P6_gray_denoise_otsu,plyn_vo,Q3,4,13,0,0,93.269,0.7692,0.7692,0.8462,0.0769,1.0,0.0,83.98,1491,0.48,8.72,8.98,2026-07-05T21:02:43
84dcfbb551,P7_gray_clahe_denoise,plyn_vo,Q3,4,13,0,0,93.269,0.7692,0.7692,0.8462,0.0673,1.0,0.0,81.26,1573,0.48,8.78,10.19,2026-07-05T21:03:02
84dcfbb551,P8_clahe_den_desk_otsu,plyn_vo,Q3,4,13,0,0,91.071,0.6923,0.6923,0.7692,0.1209,1.0,0.0,77.4,1385,0.48,9.42,9.47,2026-07-05T21:03:21
096b5e6353,P0_baseline,teplo,Q1,1,12,0,0,84.392,0.75,0.75,0.75,0.1981,1.0,0.0,87.14,155,0.13,0.0,1.73,2026-07-05T21:03:23
096b5e6353,P1_gray,teplo,Q1,1,12,0,0,84.259,0.75,0.75,0.75,0.2037,1.0,0.0,85.92,161,0.13,0.0,1.37,2026-07-05T21:03:24
096b5e6353,P2_gray_otsu,teplo,Q1,1,12,0,0,84.259,0.75,0.75,0.75,0.2037,1.0,0.0,82.47,160,0.13,0.01,1.3,2026-07-05T21:03:26
096b5e6353,P3_gray_adaptive,teplo,Q1,1,12,0,0,79.63,0.75,0.75,0.75,0.2222,1.0,0.0,81.34,151,0.13,0.05,1.36,2026-07-05T21:03:27
096b5e6353,P4_gray_denoise,teplo,Q1,1,12,0,0,84.259,0.75,0.75,0.75,0.2037,1.0,0.0,87.73,155,0.13,2.18,1.34,2026-07-05T21:03:30
096b5e6353,P5_gray_clahe,teplo,Q1,1,12,0,0,78.241,0.6667,0.6667,0.75,0.2361,1.0,0.0,79.83,179,0.13,0.01,1.49,2026-07-05T21:03:32
096b5e6353,P6_gray_denoise_otsu,teplo,Q1,1,12,0,0,84.259,0.75,0.75,0.75,0.2037,1.0,0.0,84.16,158,0.13,2.16,1.27,2026-07-05T21:03:35
096b5e6353,P7_gray_clahe_denoise,teplo,Q1,1,12,0,0,81.481,0.6667,0.6667,0.6667,0.2546,1.0,0.0,82.52,161,0.13,2.17,1.46,2026-07-05T21:03:39
096b5e6353,P8_clahe_den_desk_otsu,teplo,Q1,1,12,0,0,83.003,0.6667,0.6667,0.75,0.2259,1.0,0.0,79.33,162,0.13,2.24,1.33,2026-07-05T21:03:43
6cd3804329,P0_baseline,teplo,Q2,1,12,0,0,90.556,0.75,0.75,0.75,0.15,1.0,0.0,83.39,153,0.12,0.0,1.69,2026-07-05T21:03:44
6cd3804329,P1_gray,teplo,Q2,1,12,0,0,90.556,0.75,0.75,0.75,0.15,1.0,0.0,83.39,153,0.12,0.0,1.39,2026-07-05T21:03:46
6cd3804329,P2_gray_otsu,teplo,Q2,1,12,0,0,90.556,0.75,0.75,0.75,0.15,1.0,0.0,79.54,153,0.12,0.01,1.27,2026-07-05T21:03:47
6cd3804329,P3_gray_adaptive,teplo,Q2,1,12,0,0,90.556,0.75,0.75,0.75,0.1583,1.0,0.0,76.56,182,0.12,0.05,1.49,2026-07-05T21:03:49
6cd3804329,P4_gray_denoise,teplo,Q2,1,12,0,0,90.556,0.75,0.75,0.75,0.1417,1.0,0.0,83.92,157,0.12,2.16,1.35,2026-07-05T21:03:52
6cd3804329,P5_gray_clahe,teplo,Q2,1,12,0,0,90.556,0.75,0.75,0.75,0.15,1.0,0.0,83.88,154,0.12,0.01,1.27,2026-07-05T21:03:54
6cd3804329,P6_gray_denoise_otsu,teplo,Q2,1,12,0,0,90.556,0.75,0.75,0.75,0.15,1.0,0.0,78.69,154,0.12,2.25,1.28,2026-07-05T21:03:57
6cd3804329,P7_gray_clahe_denoise,teplo,Q2,1,12,0,0,90.556,0.75,0.75,0.75,0.15,1.0,0.0,84.32,155,0.12,2.23,1.39,2026-07-05T21:04:01
6cd3804329,P8_clahe_den_desk_otsu,teplo,Q2,1,12,0,0,90.556,0.75,0.75,0.75,0.1583,1.0,0.0,82.87,157,0.12,2.25,1.24,2026-07-05T21:04:04
82e392bb6c,P0_baseline,teplo,Q3,1,12,0,0,83.139,0.5833,0.75,0.75,0.1779,1.0,0.0,83.69,172,0.13,0.0,2.22,2026-07-05T21:04:07
82e392bb6c,P1_gray,teplo,Q3,1,12,0,0,83.796,0.6667,0.75,0.75,0.1954,1.0,0.0,84.4,162,0.13,0.0,1.67,2026-07-05T21:04:08
82e392bb6c,P2_gray_otsu,teplo,Q3,1,12,0,0,83.796,0.6667,0.75,0.75,0.2046,1.0,0.0,82.31,165,0.13,0.01,1.32,2026-07-05T21:04:10
82e392bb6c,P3_gray_adaptive,teplo,Q3,1,12,0,0,83.426,0.6667,0.75,0.75,0.1843,1.0,0.0,56.8,240,0.13,0.05,2.37,2026-07-05T21:04:12
82e392bb6c,P4_gray_denoise,teplo,Q3,1,12,0,0,83.426,0.6667,0.75,0.75,0.175,1.0,0.0,85.65,162,0.13,2.25,1.51,2026-07-05T21:04:16
82e392bb6c,P5_gray_clahe,teplo,Q3,1,12,0,0,82.593,0.6667,0.6667,0.75,0.1833,1.0,0.0,74.2,176,0.13,0.01,1.64,2026-07-05T21:04:17
82e392bb6c,P6_gray_denoise_otsu,teplo,Q3,1,12,0,0,83.426,0.6667,0.75,0.75,0.1926,1.0,0.0,82.91,167,0.13,2.14,1.28,2026-07-05T21:04:21
82e392bb6c,P7_gray_clahe_denoise,teplo,Q3,1,12,0,0,82.593,0.5833,0.75,0.75,0.1926,1.0,0.0,75.87,189,0.13,2.12,1.66,2026-07-05T21:04:25
82e392bb6c,P8_clahe_den_desk_otsu,teplo,Q3,1,12,0,0,83.426,0.6667,0.75,0.75,0.2019,1.0,0.0,75.76,190,0.13,2.23,1.31,2026-07-05T21:04:28
850f7c07da,P0_baseline,voda,Q1,8,15,0,0,97.602,0.8667,0.9333,0.9333,0.0351,1.0,0.0,87.6,1437,1.13,0.0,15.09,2026-07-05T21:04:45
850f7c07da,P1_gray,voda,Q1,8,15,0,0,97.602,0.8667,0.9333,0.9333,0.0351,1.0,0.0,86.02,1455,1.13,0.02,11.58,2026-07-05T21:04:56
850f7c07da,P2_gray_otsu,voda,Q1,8,15,0,0,97.602,0.8667,0.9333,0.9333,0.0351,1.0,0.0,86.58,1444,1.13,0.07,10.24,2026-07-05T21:05:07
850f7c07da,P3_gray_adaptive,voda,Q1,8,15,0,0,97.602,0.8667,0.9333,0.9333,0.0351,1.0,0.0,83.82,1483,1.13,0.4,10.43,2026-07-05T21:05:17
850f7c07da,P4_gray_denoise,voda,Q1,8,15,0,0,97.602,0.8667,0.9333,0.9333,0.0351,1.0,0.0,86.95,1441,1.13,17.14,10.66,2026-07-05T21:05:45
850f7c07da,P5_gray_clahe,voda,Q1,8,15,0,0,90.936,0.8,0.8667,0.8667,0.1018,1.0,0.0,86.43,1443,1.13,0.09,11.57,2026-07-05T21:05:57
850f7c07da,P6_gray_denoise_otsu,voda,Q1,8,15,0,0,97.602,0.8667,0.9333,0.9333,0.0351,1.0,0.0,86.48,1446,1.13,17.58,10.3,2026-07-05T21:06:25
850f7c07da,P7_gray_clahe_denoise,voda,Q1,8,15,0,0,94.936,0.8,0.8667,0.8667,0.0751,1.0,0.0,86.77,1441,1.13,17.62,11.36,2026-07-05T21:06:54
850f7c07da,P8_clahe_den_desk_otsu,voda,Q1,8,15,0,0,96.269,0.8,0.8667,0.9333,0.0484,1.0,0.0,86.74,1441,1.13,18.12,10.13,2026-07-05T21:07:22
547f9cf557,P0_baseline,voda,Q2,4,15,0,0,97.92,0.8667,0.9333,0.9333,0.0303,1.0,0.0,85.47,625,0.23,0.0,7.52,2026-07-05T21:07:30
547f9cf557,P1_gray,voda,Q2,4,15,0,0,97.92,0.8667,0.9333,0.9333,0.0303,1.0,0.0,80.84,700,0.23,0.01,6.22,2026-07-05T21:07:36
547f9cf557,P2_gray_otsu,voda,Q2,4,15,0,0,97.179,0.8,0.8667,0.9333,0.0451,1.0,0.0,73.15,695,0.23,0.03,5.77,2026-07-05T21:07:42
547f9cf557,P3_gray_adaptive,voda,Q2,4,15,0,0,96.253,0.7333,0.8,0.9333,0.047,1.0,0.0,63.9,863,0.23,0.2,8.27,2026-07-05T21:07:51
547f9cf557,P4_gray_denoise,voda,Q2,4,15,0,0,98.872,0.8667,0.9333,1.0,0.0113,1.0,0.0,83.0,736,0.23,8.65,5.89,2026-07-05T21:08:05
547f9cf557,P5_gray_clahe,voda,Q2,4,15,0,0,97.92,0.8667,0.9333,0.9333,0.0303,1.0,0.0,86.95,571,0.23,0.05,10.04,2026-07-05T21:08:15
547f9cf557,P6_gray_denoise_otsu,voda,Q2,4,15,0,0,98.872,0.8667,0.9333,1.0,0.0113,1.0,0.0,72.87,743,0.23,8.56,5.41,2026-07-05T21:08:29
547f9cf557,P7_gray_clahe_denoise,voda,Q2,4,15,0,0,97.92,0.8667,0.9333,0.9333,0.0303,1.0,0.0,85.73,626,0.23,8.77,5.87,2026-07-05T21:08:44
547f9cf557,P8_clahe_den_desk_otsu,voda,Q2,4,15,0,0,97.086,0.8,0.8667,0.9333,0.047,1.0,0.0,81.35,605,0.23,8.99,4.79,2026-07-05T21:08:58
b7b0eb9312,P0_baseline,voda,Q3,4,15,0,0,97.325,0.8667,0.9333,0.9333,0.0452,1.0,0.0,61.02,332,0.2,0.0,7.26,2026-07-05T21:09:05
b7b0eb9312,P1_gray,voda,Q3,4,15,0,0,95.825,0.7333,0.8667,0.9333,0.0501,1.0,0.0,53.61,452,0.2,0.01,7.38,2026-07-05T21:09:13
b7b0eb9312,P2_gray_otsu,voda,Q3,4,15,0,0,84.4,0.4667,0.5333,0.8667,0.156,1.0,0.0,39.52,419,0.2,0.03,7.21,2026-07-05T21:09:20
b7b0eb9312,P3_gray_adaptive,voda,Q3,4,15,0,0,87.733,0.3333,0.4,0.8667,0.161,1.0,0.0,45.65,584,0.2,0.2,13.43,2026-07-05T21:09:34
b7b0eb9312,P4_gray_denoise,voda,Q3,4,15,0,0,96.658,0.8,0.9333,0.9333,0.0352,1.0,0.0,62.56,401,0.2,8.64,6.45,2026-07-05T21:09:49
b7b0eb9312,P5_gray_clahe,voda,Q3,4,15,0,0,95.658,0.7333,0.8,0.9333,0.0601,1.0,0.0,72.81,247,0.2,0.04,8.84,2026-07-05T21:09:58
b7b0eb9312,P6_gray_denoise_otsu,voda,Q3,4,15,0,0,83.168,0.2667,0.4,0.8667,0.2283,1.0,0.0,46.5,395,0.2,8.78,5.81,2026-07-05T21:10:12
b7b0eb9312,P7_gray_clahe_denoise,voda,Q3,4,15,0,0,96.658,0.8,0.9333,0.9333,0.0501,1.0,0.0,74.82,246,0.2,8.54,5.33,2026-07-05T21:10:26
b7b0eb9312,P8_clahe_den_desk_otsu,voda,Q3,4,15,0,0,83.948,0.3333,0.4667,0.8,0.1675,1.0,0.0,45.84,244,0.2,8.88,4.04,2026-07-05T21:10:39
529ec111cd,P0_baseline,elektrina_nn,Q1,5,15,0,3,91.714,0.8,0.8667,0.9333,0.0829,1.0,0.0,88.11,1766,0.59,0.0,14.44,2026-07-05T21:10:54
529ec111cd,P1_gray,elektrina_nn,Q1,5,15,0,3,91.714,0.8,0.8667,0.9333,0.0829,1.0,0.0,88.11,1766,0.59,0.01,12.3,2026-07-05T21:11:07
529ec111cd,P2_gray_otsu,elektrina_nn,Q1,5,15,0,3,91.714,0.8,0.8667,0.9333,0.0829,1.0,0.0,85.0,1767,0.59,0.05,11.35,2026-07-05T21:11:18
529ec111cd,P3_gray_adaptive,elektrina_nn,Q1,5,15,0,3,92.5,0.8667,0.8667,0.9333,0.0833,1.0,0.0,84.2,1808,0.59,0.25,11.23,2026-07-05T21:11:30
529ec111cd,P4_gray_denoise,elektrina_nn,Q1,5,15,0,3,92.381,0.8667,0.8667,0.9333,0.0762,1.0,0.0,88.05,1769,0.59,10.68,11.46,2026-07-05T21:11:52
529ec111cd,P5_gray_clahe,elektrina_nn,Q1,5,15,0,3,92.381,0.8667,0.8667,0.9333,0.0762,1.0,0.0,86.99,1636,0.59,0.06,11.24,2026-07-05T21:12:03
529ec111cd,P6_gray_denoise_otsu,elektrina_nn,Q1,5,15,0,3,93.333,0.9333,0.9333,0.9333,0.0667,1.0,0.0,85.03,1769,0.59,11.42,11.07,2026-07-05T21:12:26
529ec111cd,P7_gray_clahe_denoise,elektrina_nn,Q1,5,15,0,3,93.333,0.9333,0.9333,0.9333,0.0667,1.0,0.0,87.38,1679,0.59,11.24,11.06,2026-07-05T21:12:48
529ec111cd,P8_clahe_den_desk_otsu,elektrina_nn,Q1,5,15,0,3,91.714,0.8,0.8667,0.9333,0.0829,1.0,0.0,84.29,1681,0.59,11.27,10.38,2026-07-05T21:13:10
c96bad0517,P0_baseline,elektrina_nn,Q2,5,14,1,2,100.0,1.0,1.0,1.0,0.0,1.0,0.0,85.35,1593,0.58,0.0,13.61,2026-07-05T21:13:24
c96bad0517,P1_gray,elektrina_nn,Q2,5,14,1,2,100.0,1.0,1.0,1.0,0.0,1.0,0.0,85.43,1541,0.58,0.01,10.66,2026-07-05T21:13:35
c96bad0517,P2_gray_otsu,elektrina_nn,Q2,5,14,1,2,100.0,1.0,1.0,1.0,0.0,1.0,0.0,82.07,1538,0.58,0.05,10.01,2026-07-05T21:13:45
c96bad0517,P3_gray_adaptive,elektrina_nn,Q2,5,14,1,2,100.0,1.0,1.0,1.0,0.0,1.0,0.0,79.54,1819,0.58,0.24,11.64,2026-07-05T21:13:57
c96bad0517,P4_gray_denoise,elektrina_nn,Q2,5,14,1,2,100.0,1.0,1.0,1.0,0.0,1.0,0.0,86.3,1603,0.58,11.05,10.94,2026-07-05T21:14:19
c96bad0517,P5_gray_clahe,elektrina_nn,Q2,5,14,1,2,99.66,0.9286,1.0,1.0,0.0068,1.0,0.0,84.18,1449,0.58,0.06,11.14,2026-07-05T21:14:30
c96bad0517,P6_gray_denoise_otsu,elektrina_nn,Q2,5,14,1,2,99.66,0.9286,1.0,1.0,0.0034,1.0,0.0,82.32,1610,0.58,10.9,10.22,2026-07-05T21:14:51
c96bad0517,P7_gray_clahe_denoise,elektrina_nn,Q2,5,14,1,2,100.0,1.0,1.0,1.0,0.0,1.0,0.0,84.89,1462,0.58,11.21,11.14,2026-07-05T21:15:14
c96bad0517,P8_clahe_den_desk_otsu,elektrina_nn,Q2,5,14,1,2,99.66,0.9286,1.0,1.0,0.0068,1.0,0.0,81.7,1456,0.58,11.79,9.95,2026-07-05T21:15:35
3287084176,P0_baseline,elektrina_nn,Q3,6,14,0,0,82.446,0.4286,0.5714,0.8571,0.1971,1.0,0.0,57.77,1100,0.7,0.0,18.15,2026-07-05T21:15:54
3287084176,P1_gray,elektrina_nn,Q3,6,14,0,0,82.446,0.4286,0.5714,0.8571,0.1971,1.0,0.0,57.77,1100,0.7,0.02,24.29,2026-07-05T21:16:19
3287084176,P2_gray_otsu,elektrina_nn,Q3,6,14,0,0,79.772,0.3571,0.5,0.7857,0.2191,1.0,0.0,54.21,1108,0.7,0.12,35.81,2026-07-05T21:16:55
3287084176,P3_gray_adaptive,elektrina_nn,Q3,6,14,0,0,84.871,0.5,0.6429,0.8571,0.1592,0.8889,0.0,49.98,1684,0.7,0.62,34.51,2026-07-05T21:17:30
3287084176,P4_gray_denoise,elektrina_nn,Q3,6,14,0,0,83.24,0.3571,0.6429,0.8571,0.182,1.0,0.0,57.09,1091,0.7,18.24,34.91,2026-07-05T21:18:24
3287084176,P5_gray_clahe,elektrina_nn,Q3,6,14,0,0,75.68,0.1429,0.4286,0.7143,0.3148,1.0,0.0,55.63,589,0.7,0.21,26.89,2026-07-05T21:18:51
3287084176,P6_gray_denoise_otsu,elektrina_nn,Q3,6,14,0,0,85.704,0.2143,0.5714,0.8571,0.1668,0.875,0.0,54.84,1100,0.7,18.07,32.88,2026-07-05T21:19:42
3287084176,P7_gray_clahe_denoise,elektrina_nn,Q3,6,14,0,0,79.37,0.2143,0.4286,0.7857,0.2609,1.0,0.0,54.57,584,0.7,18.05,28.63,2026-07-05T21:20:29
3287084176,P8_clahe_den_desk_otsu,elektrina_nn,Q3,6,14,0,0,58.517,0.0714,0.1429,0.4286,0.5637,1.0,0.0,52.34,395,0.7,19.84,22.14,2026-07-05T21:21:11
3f2d3d41b1,P0_baseline,elektrina_vn,Q1,4,11,0,0,94.318,0.8182,0.8182,0.9091,0.0682,1.0,0.0,85.06,1297,1.21,0.0,26.56,2026-07-05T21:21:39
3f2d3d41b1,P1_gray,elektrina_vn,Q1,4,11,0,0,94.318,0.8182,0.8182,0.9091,0.0682,1.0,0.0,85.06,1297,1.21,0.02,21.41,2026-07-05T21:22:00
3f2d3d41b1,P2_gray_otsu,elektrina_vn,Q1,4,11,0,0,87.879,0.8182,0.8182,0.8182,0.1364,1.0,0.0,82.34,1307,1.21,0.07,19.45,2026-07-05T21:22:20
3f2d3d41b1,P3_gray_adaptive,elektrina_vn,Q1,4,11,0,0,97.727,0.9091,0.9091,1.0,0.0227,1.0,0.0,83.73,1276,1.21,0.43,19.0,2026-07-05T21:22:39
3f2d3d41b1,P4_gray_denoise,elektrina_vn,Q1,4,11,0,0,97.727,0.9091,0.9091,1.0,0.0227,1.0,0.0,87.12,1269,1.21,12.03,20.27,2026-07-05T21:23:12
3f2d3d41b1,P5_gray_clahe,elektrina_vn,Q1,4,11,0,0,97.727,0.9091,0.9091,1.0,0.0227,1.0,0.0,86.97,1209,1.21,0.13,21.69,2026-07-05T21:23:34
3f2d3d41b1,P6_gray_denoise_otsu,elektrina_vn,Q1,4,11,0,0,87.879,0.8182,0.8182,0.8182,0.1364,1.0,0.0,84.57,1271,1.21,12.33,18.87,2026-07-05T21:24:05
3f2d3d41b1,P7_gray_clahe_denoise,elektrina_vn,Q1,4,11,0,0,97.727,0.9091,0.9091,1.0,0.0227,1.0,0.0,87.87,1224,1.21,12.21,22.11,2026-07-05T21:24:39
3f2d3d41b1,P8_clahe_den_desk_otsu,elektrina_vn,Q1,4,11,0,0,97.727,0.9091,0.9091,1.0,0.0227,1.0,0.0,82.43,1185,1.21,13.27,21.6,2026-07-05T21:25:14
9d018f1f91,P0_baseline,elektrina_vn,Q2,4,12,0,0,91.875,0.6667,0.6667,0.9167,0.1021,1.0,0.0,85.37,1307,1.13,0.0,28.37,2026-07-05T21:25:44
9d018f1f91,P1_gray,elektrina_vn,Q2,4,12,0,0,91.875,0.6667,0.6667,0.9167,0.1125,1.0,0.0,85.3,1323,1.13,0.02,21.64,2026-07-05T21:26:06
9d018f1f91,P2_gray_otsu,elektrina_vn,Q2,4,12,0,0,91.875,0.6667,0.6667,0.9167,0.1125,1.0,0.0,81.92,1324,1.13,0.07,19.4,2026-07-05T21:26:25
9d018f1f91,P3_gray_adaptive,elektrina_vn,Q2,4,12,0,0,88.171,0.5833,0.5833,0.8333,0.1588,1.0,0.0,83.17,1049,1.13,0.41,17.47,2026-07-05T21:26:43
9d018f1f91,P4_gray_denoise,elektrina_vn,Q2,4,12,0,0,91.875,0.6667,0.6667,0.9167,0.1021,1.0,0.0,85.87,1332,1.13,12.97,21.3,2026-07-05T21:27:18
9d018f1f91,P5_gray_clahe,elektrina_vn,Q2,4,12,0,0,93.542,0.75,0.75,0.9167,0.0854,1.0,0.0,78.51,1271,1.13,0.13,22.56,2026-07-05T21:27:41
9d018f1f91,P6_gray_denoise_otsu,elektrina_vn,Q2,4,12,0,0,91.875,0.6667,0.6667,0.9167,0.1021,1.0,0.0,81.47,1333,1.13,11.91,19.35,2026-07-05T21:28:12
9d018f1f91,P7_gray_clahe_denoise,elektrina_vn,Q2,4,12,0,0,93.542,0.75,0.75,0.9167,0.0854,1.0,0.0,82.67,1267,1.13,12.15,22.06,2026-07-05T21:28:46
9d018f1f91,P8_clahe_den_desk_otsu,elektrina_vn,Q2,4,12,0,0,93.542,0.75,0.75,0.9167,0.0854,1.0,0.0,82.22,1260,1.13,13.12,20.02,2026-07-05T21:29:20
91ae2420cd,P0_baseline,elektrina_vn,Q3,4,12,0,0,92.573,0.6667,0.6667,0.9167,0.1083,1.0,0.0,66.44,568,1.09,0.0,21.57,2026-07-05T21:29:42
91ae2420cd,P1_gray,elektrina_vn,Q3,4,12,0,0,92.222,0.6667,0.6667,0.9167,0.1167,1.0,0.0,65.39,713,1.09,0.02,19.95,2026-07-05T21:30:02
91ae2420cd,P2_gray_otsu,elektrina_vn,Q3,4,12,0,0,91.389,0.5833,0.6667,0.9167,0.125,1.0,0.0,56.83,709,1.09,0.07,19.09,2026-07-05T21:30:22
91ae2420cd,P3_gray_adaptive,elektrina_vn,Q3,4,12,0,0,93.718,0.6667,0.75,0.9167,0.0871,1.0,0.0,52.13,1184,1.09,0.43,25.27,2026-07-05T21:30:48
91ae2420cd,P4_gray_denoise,elektrina_vn,Q3,4,12,0,0,92.222,0.6667,0.6667,0.9167,0.0917,1.0,0.0,66.72,700,1.09,12.18,16.99,2026-07-05T21:31:17
91ae2420cd,P5_gray_clahe,elektrina_vn,Q3,4,12,0,0,72.363,0.25,0.25,0.5833,0.3673,1.0,0.0,56.15,592,1.09,0.15,16.73,2026-07-05T21:31:34
91ae2420cd,P6_gray_denoise_otsu,elektrina_vn,Q3,4,12,0,0,87.992,0.4167,0.6667,0.75,0.1472,1.0,0.0,56.12,686,1.09,12.51,16.47,2026-07-05T21:32:03
91ae2420cd,P7_gray_clahe_denoise,elektrina_vn,Q3,4,12,0,0,92.222,0.6667,0.6667,0.9167,0.1167,1.0,0.0,60.89,655,1.09,12.35,15.48,2026-07-05T21:32:31
91ae2420cd,P8_clahe_den_desk_otsu,elektrina_vn,Q3,4,12,0,0,85.261,0.3333,0.5,0.8333,0.2048,1.0,0.0,52.61,280,1.09,12.9,10.02,2026-07-05T21:32:54
296194653d,P0_baseline,plyn_mo,Q1,5,14,0,0,99.256,0.8571,1.0,1.0,0.0074,1.0,0.0,88.32,2085,1.87,0.0,42.84,2026-07-05T21:33:39
296194653d,P1_gray,plyn_mo,Q1,5,14,0,0,99.256,0.8571,1.0,1.0,0.0074,1.0,0.0,87.53,2116,1.87,0.02,33.52,2026-07-05T21:34:12
296194653d,P2_gray_otsu,plyn_mo,Q1,5,14,0,0,99.256,0.8571,1.0,1.0,0.0074,1.0,0.0,88.09,2094,1.87,0.09,30.14,2026-07-05T21:34:43
296194653d,P3_gray_adaptive,plyn_mo,Q1,5,14,0,0,96.399,0.7857,0.9286,0.9286,0.0574,1.0,0.0,85.71,2003,1.87,0.53,28.88,2026-07-05T21:35:12
296194653d,P4_gray_denoise,plyn_mo,Q1,5,14,0,0,99.256,0.8571,1.0,1.0,0.0074,1.0,0.0,88.43,2084,1.87,15.65,31.92,2026-07-05T21:36:00
296194653d,P5_gray_clahe,plyn_mo,Q1,5,14,0,0,99.256,0.8571,1.0,1.0,0.0074,1.0,0.0,88.02,2120,1.87,0.17,33.75,2026-07-05T21:36:34
296194653d,P6_gray_denoise_otsu,plyn_mo,Q1,5,14,0,0,99.256,0.8571,1.0,1.0,0.0074,1.0,0.0,88.11,2093,1.87,15.17,30.44,2026-07-05T21:37:20
296194653d,P7_gray_clahe_denoise,plyn_mo,Q1,5,14,0,0,99.256,0.8571,1.0,1.0,0.0074,1.0,0.0,88.55,2105,1.87,15.13,32.77,2026-07-05T21:38:08
296194653d,P8_clahe_den_desk_otsu,plyn_mo,Q1,5,14,0,0,99.256,0.8571,1.0,1.0,0.0074,1.0,0.0,86.78,2097,1.87,16.41,29.38,2026-07-05T21:38:54
ed40d502d1,P0_baseline,plyn_mo,Q2,5,14,0,1,92.857,0.9286,0.9286,0.9286,0.0714,1.0,0.0,82.99,1127,1.56,0.0,33.79,2026-07-05T21:39:29
ed40d502d1,P1_gray,plyn_mo,Q2,5,14,0,1,92.857,0.9286,0.9286,0.9286,0.0714,1.0,0.0,78.61,1491,1.56,0.02,29.82,2026-07-05T21:39:59
ed40d502d1,P2_gray_otsu,plyn_mo,Q2,5,14,0,1,92.857,0.9286,0.9286,0.9286,0.0714,1.0,0.0,71.95,1481,1.56,0.08,25.17,2026-07-05T21:40:24
ed40d502d1,P3_gray_adaptive,plyn_mo,Q2,5,14,0,1,91.429,0.8571,0.8571,0.9286,0.0857,1.0,0.0,70.92,1621,1.56,0.52,25.93,2026-07-05T21:40:51
ed40d502d1,P4_gray_denoise,plyn_mo,Q2,5,14,0,1,92.857,0.9286,0.9286,0.9286,0.0714,1.0,0.0,75.95,1590,1.56,15.18,27.38,2026-07-05T21:41:34
ed40d502d1,P5_gray_clahe,plyn_mo,Q2,5,14,0,1,92.857,0.9286,0.9286,0.9286,0.0714,1.0,0.0,78.99,1428,1.56,0.15,27.64,2026-07-05T21:42:02
ed40d502d1,P6_gray_denoise_otsu,plyn_mo,Q2,5,14,0,1,92.857,0.9286,0.9286,0.9286,0.0714,1.0,0.0,70.51,1525,1.56,15.77,26.72,2026-07-05T21:42:44
ed40d502d1,P7_gray_clahe_denoise,plyn_mo,Q2,5,14,0,1,92.857,0.9286,0.9286,0.9286,0.0714,1.0,0.0,79.29,1435,1.56,15.03,26.11,2026-07-05T21:43:25
ed40d502d1,P8_clahe_den_desk_otsu,plyn_mo,Q2,5,14,0,1,92.857,0.9286,0.9286,0.9286,0.0714,1.0,0.0,77.16,946,1.56,16.81,17.76,2026-07-05T21:44:00
f6973364d8,P0_baseline,plyn_mo,Q3,4,14,0,0,75.913,0.2857,0.3571,0.6429,0.3185,1.0,0.0,55.75,457,0.45,0.0,25.73,2026-07-05T21:44:26
f6973364d8,P1_gray,plyn_mo,Q3,4,14,0,0,81.944,0.2857,0.5714,0.8571,0.1865,1.0,0.0,53.13,551,0.45,0.02,21.11,2026-07-05T21:44:48
f6973364d8,P2_gray_otsu,plyn_mo,Q3,4,14,0,0,71.171,0.1429,0.2143,0.5,0.3397,1.0,0.0,32.44,580,0.45,0.06,20.93,2026-07-05T21:45:09
f6973364d8,P3_gray_adaptive,plyn_mo,Q3,4,14,0,0,73.671,0.3571,0.4286,0.7143,0.3069,1.0,0.0,39.82,1033,0.45,0.46,46.61,2026-07-05T21:45:56
f6973364d8,P4_gray_denoise,plyn_mo,Q3,4,14,0,0,81.111,0.5,0.6429,0.8571,0.2008,1.0,0.0,51.43,791,0.45,12.13,23.65,2026-07-05T21:46:32
f6973364d8,P5_gray_clahe,plyn_mo,Q3,4,14,0,0,79.841,0.2857,0.4286,0.7857,0.2532,1.0,0.0,57.12,617,0.45,0.14,22.78,2026-07-05T21:46:55
f6973364d8,P6_gray_denoise_otsu,plyn_mo,Q3,4,14,0,0,73.79,0.2143,0.2857,0.7857,0.271,1.0,0.0,38.08,801,0.45,11.64,22.53,2026-07-05T21:47:29
f6973364d8,P7_gray_clahe_denoise,plyn_mo,Q3,4,14,0,0,81.329,0.4286,0.5,0.7857,0.2323,1.0,0.0,53.21,673,0.45,12.11,27.77,2026-07-05T21:48:09
f6973364d8,P8_clahe_den_desk_otsu,plyn_mo,Q3,4,14,0,0,61.389,0.1429,0.2857,0.5,0.4288,1.0,0.0,40.88,601,0.45,13.55,23.25,2026-07-05T21:48:46
6bbad94b4b,P0_baseline,plyn_vo,Q1,4,13,0,0,94.212,0.7692,0.7692,0.8462,0.0656,1.0,0.0,81.32,1724,1.14,0.0,31.85,2026-07-05T21:49:19
6bbad94b4b,P1_gray,plyn_vo,Q1,4,13,0,0,94.212,0.7692,0.7692,0.8462,0.0656,1.0,0.0,82.67,1700,1.14,0.02,24.7,2026-07-05T21:49:44
6bbad94b4b,P2_gray_otsu,plyn_vo,Q1,4,13,0,0,94.212,0.7692,0.7692,0.8462,0.0656,1.0,0.0,84.13,1698,1.14,0.08,23.64,2026-07-05T21:50:08
6bbad94b4b,P3_gray_adaptive,plyn_vo,Q1,4,13,0,0,94.212,0.7692,0.7692,0.8462,0.0656,1.0,0.0,79.33,1612,1.14,0.42,21.64,2026-07-05T21:50:30
6bbad94b4b,P4_gray_denoise,plyn_vo,Q1,4,13,0,0,94.212,0.7692,0.7692,0.8462,0.0656,1.0,0.0,82.94,1699,1.14,12.15,24.67,2026-07-05T21:51:07
6bbad94b4b,P5_gray_clahe,plyn_vo,Q1,4,13,0,0,94.212,0.7692,0.7692,0.8462,0.0656,1.0,0.0,81.39,1741,1.14,0.15,25.28,2026-07-05T21:51:32
6bbad94b4b,P6_gray_denoise_otsu,plyn_vo,Q1,4,13,0,0,94.212,0.7692,0.7692,0.8462,0.0656,1.0,0.0,84.54,1692,1.14,13.1,22.99,2026-07-05T21:52:09
6bbad94b4b,P7_gray_clahe_denoise,plyn_vo,Q1,4,13,0,0,94.212,0.7692,0.7692,0.8462,0.0656,1.0,0.0,82.03,1754,1.14,12.14,25.56,2026-07-05T21:52:46
6bbad94b4b,P8_clahe_den_desk_otsu,plyn_vo,Q1,4,13,0,0,94.212,0.7692,0.7692,0.8462,0.0766,1.0,0.0,81.95,1770,1.14,13.36,23.55,2026-07-05T21:53:24
8f0b1cc36c,P0_baseline,plyn_vo,Q2,4,13,0,0,94.872,0.7692,0.7692,0.9231,0.0641,1.0,0.0,83.45,1469,1.25,0.0,32.32,2026-07-05T21:53:57
8f0b1cc36c,P1_gray,plyn_vo,Q2,4,13,0,0,94.872,0.7692,0.7692,0.9231,0.0641,1.0,0.0,85.8,1529,1.25,0.02,24.22,2026-07-05T21:54:22
8f0b1cc36c,P2_gray_otsu,plyn_vo,Q2,4,13,0,0,94.872,0.7692,0.7692,0.9231,0.0726,1.0,0.0,83.51,1526,1.25,0.07,21.46,2026-07-05T21:54:43
8f0b1cc36c,P3_gray_adaptive,plyn_vo,Q2,4,13,0,0,94.872,0.7692,0.7692,0.9231,0.0726,1.0,0.0,78.28,1743,1.25,0.42,24.83,2026-07-05T21:55:09
8f0b1cc36c,P4_gray_denoise,plyn_vo,Q2,4,13,0,0,94.872,0.7692,0.7692,0.9231,0.0641,1.0,0.0,86.49,1597,1.25,12.16,23.98,2026-07-05T21:55:45
8f0b1cc36c,P5_gray_clahe,plyn_vo,Q2,4,13,0,0,94.872,0.7692,0.7692,0.9231,0.0812,1.0,0.0,80.17,1389,1.25,0.13,30.45,2026-07-05T21:56:16
8f0b1cc36c,P6_gray_denoise_otsu,plyn_vo,Q2,4,13,0,0,94.872,0.7692,0.7692,0.9231,0.0726,1.0,0.0,84.12,1604,1.25,12.3,22.32,2026-07-05T21:56:50
8f0b1cc36c,P7_gray_clahe_denoise,plyn_vo,Q2,4,13,0,0,94.872,0.7692,0.7692,0.9231,0.0812,1.0,0.0,81.83,1395,1.25,12.63,28.84,2026-07-05T21:57:32
8f0b1cc36c,P8_clahe_den_desk_otsu,plyn_vo,Q2,4,13,0,0,94.017,0.7692,0.7692,0.8462,0.0983,1.0,0.0,78.35,1076,1.25,13.48,20.42,2026-07-05T21:58:06
7731aa345f,P0_baseline,plyn_vo,Q3,3,11,2,0,72.892,0.0909,0.0909,0.7273,0.3385,1.0,0.0,47.54,417,0.83,0.0,17.53,2026-07-05T21:58:24
7731aa345f,P1_gray,plyn_vo,Q3,3,11,2,0,90.278,0.4545,0.5455,0.9091,0.1578,1.0,0.0,52.97,678,0.83,0.02,23.28,2026-07-05T21:58:48
7731aa345f,P2_gray_otsu,plyn_vo,Q3,3,11,2,0,85.152,0.2727,0.2727,0.9091,0.1841,1.0,0.0,44.86,685,0.83,0.05,23.44,2026-07-05T21:59:11
7731aa345f,P3_gray_adaptive,plyn_vo,Q3,3,11,2,0,87.818,0.2727,0.3636,1.0,0.1423,1.0,0.0,46.28,1211,0.83,0.33,21.69,2026-07-05T21:59:34
7731aa345f,P4_gray_denoise,plyn_vo,Q3,3,11,2,0,89.384,0.2727,0.4545,0.9091,0.1721,1.0,0.0,52.24,667,0.83,9.0,17.3,2026-07-05T22:00:00
7731aa345f,P5_gray_clahe,plyn_vo,Q3,3,11,2,0,81.704,0.0909,0.2727,0.8182,0.2191,1.0,0.0,55.47,421,0.83,0.1,14.88,2026-07-05T22:00:15
7731aa345f,P6_gray_denoise_otsu,plyn_vo,Q3,3,11,2,0,80.738,0.1818,0.2727,0.7273,0.2217,1.0,0.0,43.82,666,0.83,9.23,16.85,2026-07-05T22:00:41
7731aa345f,P7_gray_clahe_denoise,plyn_vo,Q3,3,11,2,0,87.207,0.3636,0.5455,0.8182,0.1534,1.0,0.0,52.41,510,0.83,9.05,16.05,2026-07-05T22:01:06
7731aa345f,P8_clahe_den_desk_otsu,plyn_vo,Q3,3,11,2,0,80.379,0.2727,0.2727,0.6364,0.236,1.0,0.0,44.9,295,0.83,9.96,10.91,2026-07-05T22:01:27
92270bb734,P0_baseline,teplo,Q1,1,12,0,0,91.667,0.9167,0.9167,0.9167,0.0833,1.0,0.0,83.45,155,0.31,0.0,4.14,2026-07-05T22:01:32
92270bb734,P1_gray,teplo,Q1,1,12,0,0,91.667,0.9167,0.9167,0.9167,0.0833,1.0,0.0,83.45,155,0.31,0.0,3.38,2026-07-05T22:01:35
92270bb734,P2_gray_otsu,teplo,Q1,1,12,0,0,91.667,0.9167,0.9167,0.9167,0.0833,1.0,0.0,79.6,153,0.31,0.02,3.08,2026-07-05T22:01:38
92270bb734,P3_gray_adaptive,teplo,Q1,1,12,0,0,91.667,0.9167,0.9167,0.9167,0.0833,1.0,0.0,79.46,152,0.31,0.1,3.56,2026-07-05T22:01:42
92270bb734,P4_gray_denoise,teplo,Q1,1,12,0,0,91.667,0.9167,0.9167,0.9167,0.0833,1.0,0.0,82.72,147,0.31,2.98,3.22,2026-07-05T22:01:48
92270bb734,P5_gray_clahe,teplo,Q1,1,12,0,0,91.667,0.9167,0.9167,0.9167,0.0833,1.0,0.0,84.1,140,0.31,0.04,3.6,2026-07-05T22:01:52
92270bb734,P6_gray_denoise_otsu,teplo,Q1,1,12,0,0,91.667,0.9167,0.9167,0.9167,0.0833,1.0,0.0,81.17,149,0.31,3.08,3.26,2026-07-05T22:01:58
92270bb734,P7_gray_clahe_denoise,teplo,Q1,1,12,0,0,91.667,0.9167,0.9167,0.9167,0.0833,1.0,0.0,79.65,151,0.31,2.96,3.39,2026-07-05T22:02:05
92270bb734,P8_clahe_den_desk_otsu,teplo,Q1,1,12,0,0,91.667,0.9167,0.9167,0.9167,0.0833,1.0,0.0,81.74,151,0.31,3.08,2.96,2026-07-05T22:02:11
e025096af5,P0_baseline,teplo,Q2,3,12,0,0,95.556,0.8333,0.8333,0.9167,0.0806,1.0,0.0,85.47,1189,0.84,0.0,24.78,2026-07-05T22:02:36
e025096af5,P1_gray,teplo,Q2,3,12,0,0,95.556,0.8333,0.8333,0.9167,0.0806,1.0,0.0,86.72,1107,0.84,0.01,17.96,2026-07-05T22:02:55
e025096af5,P2_gray_otsu,teplo,Q2,3,12,0,0,95.556,0.8333,0.8333,0.9167,0.0806,1.0,0.0,85.86,1112,0.84,0.05,16.1,2026-07-05T22:03:11
e025096af5,P3_gray_adaptive,teplo,Q2,3,12,0,0,95.556,0.8333,0.8333,0.9167,0.0806,1.0,0.0,77.59,1156,0.84,0.31,19.15,2026-07-05T22:03:30
e025096af5,P4_gray_denoise,teplo,Q2,3,12,0,0,95.556,0.8333,0.8333,0.9167,0.0806,1.0,0.0,86.54,1105,0.84,9.33,17.29,2026-07-05T22:03:57
e025096af5,P5_gray_clahe,teplo,Q2,3,12,0,0,95.556,0.8333,0.8333,0.9167,0.0806,1.0,0.0,82.78,1184,0.84,0.11,18.85,2026-07-05T22:04:16
e025096af5,P6_gray_denoise_otsu,teplo,Q2,3,12,0,0,95.556,0.8333,0.8333,0.9167,0.0806,1.0,0.0,85.82,1110,0.84,9.27,15.73,2026-07-05T22:04:41
e025096af5,P7_gray_clahe_denoise,teplo,Q2,3,12,0,0,95.556,0.8333,0.8333,0.9167,0.0806,1.0,0.0,85.75,1173,0.84,8.75,19.15,2026-07-05T22:05:09
e025096af5,P8_clahe_den_desk_otsu,teplo,Q2,3,12,0,0,95.556,0.8333,0.8333,0.9167,0.0806,1.0,0.0,83.49,1218,0.84,9.76,17.55,2026-07-05T22:05:37
ae32e931fc,P0_baseline,teplo,Q3,2,12,0,0,96.065,0.75,0.75,1.0,0.0498,1.0,0.0,87.01,786,0.58,0.0,15.32,2026-07-05T22:05:53
ae32e931fc,P1_gray,teplo,Q3,2,12,0,0,96.065,0.75,0.75,1.0,0.0498,1.0,0.0,87.0,786,0.58,0.01,12.68,2026-07-05T22:06:05
ae32e931fc,P2_gray_otsu,teplo,Q3,2,12,0,0,96.065,0.75,0.75,1.0,0.0498,1.0,0.0,85.64,789,0.58,0.04,11.87,2026-07-05T22:06:17
ae32e931fc,P3_gray_adaptive,teplo,Q3,2,12,0,0,96.065,0.75,0.75,1.0,0.0498,1.0,0.0,75.81,716,0.58,0.2,13.0,2026-07-05T22:06:31
ae32e931fc,P4_gray_denoise,teplo,Q3,2,12,0,0,96.065,0.75,0.75,1.0,0.0498,1.0,0.0,86.36,798,0.58,6.19,12.74,2026-07-05T22:06:50
ae32e931fc,P5_gray_clahe,teplo,Q3,2,12,0,0,96.065,0.75,0.75,1.0,0.0498,1.0,0.0,83.89,675,0.58,0.07,11.7,2026-07-05T22:07:01
ae32e931fc,P6_gray_denoise_otsu,teplo,Q3,2,12,0,0,96.065,0.75,0.75,1.0,0.0498,1.0,0.0,85.24,799,0.58,6.07,12.02,2026-07-05T22:07:20
ae32e931fc,P7_gray_clahe_denoise,teplo,Q3,2,12,0,0,96.065,0.75,0.75,1.0,0.0498,1.0,0.0,85.16,692,0.58,6.27,11.86,2026-07-05T22:07:38
ae32e931fc,P8_clahe_den_desk_otsu,teplo,Q3,2,12,0,0,96.065,0.75,0.75,1.0,0.0498,1.0,0.0,84.54,700,0.58,6.38,10.74,2026-07-05T22:07:55
567104c9b7,P0_baseline,voda,Q1,4,14,1,0,99.812,0.9286,1.0,1.0,0.0019,1.0,0.0,86.47,749,1.36,0.0,18.31,2026-07-05T22:08:15
567104c9b7,P1_gray,voda,Q1,4,14,1,0,99.812,0.9286,1.0,1.0,0.0019,1.0,0.0,88.57,729,1.36,0.02,14.3,2026-07-05T22:08:29
567104c9b7,P2_gray_otsu,voda,Q1,4,14,1,0,99.812,0.9286,1.0,1.0,0.0019,1.0,0.0,88.1,735,1.36,0.08,12.67,2026-07-05T22:08:42
567104c9b7,P3_gray_adaptive,voda,Q1,4,14,1,0,99.812,0.9286,1.0,1.0,0.0019,1.0,0.0,83.97,782,1.36,0.4,13.13,2026-07-05T22:08:56
567104c9b7,P4_gray_denoise,voda,Q1,4,14,1,0,99.812,0.9286,1.0,1.0,0.0019,1.0,0.0,88.58,728,1.36,11.94,13.36,2026-07-05T22:09:21
567104c9b7,P5_gray_clahe,voda,Q1,4,14,1,0,99.812,0.9286,1.0,1.0,0.0019,1.0,0.0,85.63,737,1.36,0.13,13.82,2026-07-05T22:09:35
567104c9b7,P6_gray_denoise_otsu,voda,Q1,4,14,1,0,99.812,0.9286,1.0,1.0,0.0019,1.0,0.0,87.92,736,1.36,11.93,12.67,2026-07-05T22:10:00
567104c9b7,P7_gray_clahe_denoise,voda,Q1,4,14,1,0,99.812,0.9286,1.0,1.0,0.0019,1.0,0.0,87.37,748,1.36,12.2,13.61,2026-07-05T22:10:26
567104c9b7,P8_clahe_den_desk_otsu,voda,Q1,4,14,1,0,99.812,0.9286,1.0,1.0,0.0019,1.0,0.0,86.64,754,1.36,12.63,12.31,2026-07-05T22:10:51
9f8929a2ae,P0_baseline,voda,Q2,4,14,1,0,99.098,0.8571,1.0,1.0,0.009,1.0,0.0,79.82,1189,0.56,0.0,23.97,2026-07-05T22:11:15
9f8929a2ae,P1_gray,voda,Q2,4,14,1,0,99.098,0.8571,1.0,1.0,0.009,1.0,0.0,81.05,1294,0.56,0.02,22.21,2026-07-05T22:11:38
9f8929a2ae,P2_gray_otsu,voda,Q2,4,14,1,0,99.098,0.8571,1.0,1.0,0.009,1.0,0.0,67.7,1302,0.56,0.06,20.95,2026-07-05T22:11:59
9f8929a2ae,P3_gray_adaptive,voda,Q2,4,14,1,0,96.717,0.7143,0.8571,1.0,0.04,1.0,0.0,62.2,1394,0.56,0.41,28.12,2026-07-05T22:12:27
9f8929a2ae,P4_gray_denoise,voda,Q2,4,14,1,0,99.812,0.9286,1.0,1.0,0.0019,1.0,0.0,80.8,1348,0.56,12.0,22.92,2026-07-05T22:13:02
9f8929a2ae,P5_gray_clahe,voda,Q2,4,14,1,0,99.098,0.8571,1.0,1.0,0.009,1.0,0.0,82.48,1121,0.56,0.13,20.67,2026-07-05T22:13:23
9f8929a2ae,P6_gray_denoise_otsu,voda,Q2,4,14,1,0,99.098,0.8571,1.0,1.0,0.009,1.0,0.0,68.67,1326,0.56,12.57,20.23,2026-07-05T22:13:56
9f8929a2ae,P7_gray_clahe_denoise,voda,Q2,4,14,1,0,99.098,0.8571,1.0,1.0,0.009,1.0,0.0,78.65,1247,0.56,12.26,22.57,2026-07-05T22:14:31
9f8929a2ae,P8_clahe_den_desk_otsu,voda,Q2,4,14,1,0,97.669,0.7857,0.9286,1.0,0.0233,1.0,0.0,71.74,1203,0.56,12.92,19.47,2026-07-05T22:15:04
3fa0aaafe7,P0_baseline,voda,Q3,4,14,1,0,67.54,0.2857,0.2857,0.4286,0.4468,1.0,0.0,58.66,425,0.43,0.0,15.91,2026-07-05T22:15:20
3fa0aaafe7,P1_gray,voda,Q3,4,14,1,0,74.495,0.2857,0.3571,0.5,0.3799,1.0,0.0,52.43,482,0.43,0.02,12.25,2026-07-05T22:15:32
3fa0aaafe7,P2_gray_otsu,voda,Q3,4,14,1,0,66.758,0.1429,0.2143,0.5,0.4093,1.0,0.0,34.17,475,0.43,0.06,11.91,2026-07-05T22:15:45
3fa0aaafe7,P3_gray_adaptive,voda,Q3,4,14,1,0,57.97,0.2143,0.2857,0.2857,0.4786,1.0,0.0,44.64,623,0.43,0.41,25.26,2026-07-05T22:16:10
3fa0aaafe7,P4_gray_denoise,voda,Q3,4,14,1,0,79.954,0.2857,0.5,0.5714,0.2342,1.0,0.0,65.51,377,0.43,12.33,11.06,2026-07-05T22:16:34
3fa0aaafe7,P5_gray_clahe,voda,Q3,4,14,1,0,12.534,0.0,0.0,0.0,0.9141,,,62.18,92,0.43,0.12,8.05,2026-07-05T22:16:42
3fa0aaafe7,P6_gray_denoise_otsu,voda,Q3,4,14,1,0,75.601,0.1429,0.1429,0.5,0.3096,1.0,0.0,46.29,388,0.43,12.34,9.06,2026-07-05T22:17:03
3fa0aaafe7,P7_gray_clahe_denoise,voda,Q3,4,14,1,0,69.852,0.3571,0.4286,0.5,0.3574,1.0,0.0,72.51,236,0.43,12.27,10.9,2026-07-05T22:17:27
3fa0aaafe7,P8_clahe_den_desk_otsu,voda,Q3,4,14,1,0,63.173,0.0,0.2143,0.3571,0.4438,1.0,0.0,42.07,237,0.43,13.2,8.08,2026-07-05T22:17:48
c033ecacf4,P0_baseline,elektrina_nn,Q1,5,14,0,0,100.0,1.0,1.0,1.0,0.0,1.0,0.0,84.16,1494,1.49,0.0,27.6,2026-07-05T22:18:17
c033ecacf4,P1_gray,elektrina_nn,Q1,5,14,0,0,100.0,1.0,1.0,1.0,0.0,1.0,0.0,84.16,1494,1.49,0.02,22.3,2026-07-05T22:18:40
c033ecacf4,P2_gray_otsu,elektrina_nn,Q1,5,14,0,0,100.0,1.0,1.0,1.0,0.0,1.0,0.0,82.58,1513,1.49,0.1,21.02,2026-07-05T22:19:01
c033ecacf4,P3_gray_adaptive,elektrina_nn,Q1,5,14,0,0,100.0,1.0,1.0,1.0,0.0,1.0,0.0,81.07,1522,1.49,0.51,20.83,2026-07-05T22:19:22
c033ecacf4,P4_gray_denoise,elektrina_nn,Q1,5,14,0,0,100.0,1.0,1.0,1.0,0.0,1.0,0.0,85.02,1490,1.49,13.05,14.49,2026-07-05T22:19:50
c033ecacf4,P5_gray_clahe,elektrina_nn,Q1,5,14,0,0,100.0,1.0,1.0,1.0,0.0,1.0,0.0,82.96,1514,1.49,0.06,9.46,2026-07-05T22:20:00
c033ecacf4,P6_gray_denoise_otsu,elektrina_nn,Q1,5,14,0,0,100.0,1.0,1.0,1.0,0.0,1.0,0.0,82.83,1502,1.49,10.28,9.0,2026-07-05T22:20:19
c033ecacf4,P7_gray_clahe_denoise,elektrina_nn,Q1,5,14,0,0,100.0,1.0,1.0,1.0,0.0,1.0,0.0,83.59,1528,1.49,10.23,9.73,2026-07-05T22:20:39
c033ecacf4,P8_clahe_den_desk_otsu,elektrina_nn,Q1,5,14,0,0,100.0,1.0,1.0,1.0,0.0,1.0,0.0,83.05,1446,1.49,10.78,8.48,2026-07-05T22:20:58
eb0fca5727,P0_baseline,elektrina_nn,Q2,5,14,0,0,100.0,1.0,1.0,1.0,0.0,1.0,0.0,82.32,1551,0.58,0.0,11.68,2026-07-05T22:21:10
eb0fca5727,P1_gray,elektrina_nn,Q2,5,14,0,0,100.0,1.0,1.0,1.0,0.0,1.0,0.0,82.32,1551,0.58,0.01,9.56,2026-07-05T22:21:20
eb0fca5727,P2_gray_otsu,elektrina_nn,Q2,5,14,0,0,100.0,1.0,1.0,1.0,0.0,1.0,0.0,80.5,1567,0.58,0.04,9.08,2026-07-05T22:21:29
eb0fca5727,P3_gray_adaptive,elektrina_nn,Q2,5,14,0,0,100.0,1.0,1.0,1.0,0.0,1.0,0.0,78.22,1581,0.58,0.24,9.13,2026-07-05T22:21:39
eb0fca5727,P4_gray_denoise,elektrina_nn,Q2,5,14,0,0,100.0,1.0,1.0,1.0,0.0,1.0,0.0,82.96,1555,0.58,11.12,9.47,2026-07-05T22:21:59
eb0fca5727,P5_gray_clahe,elektrina_nn,Q2,5,14,0,0,100.0,1.0,1.0,1.0,0.0,1.0,0.0,80.83,1458,0.58,0.05,9.15,2026-07-05T22:22:09
eb0fca5727,P6_gray_denoise_otsu,elektrina_nn,Q2,5,14,0,0,100.0,1.0,1.0,1.0,0.0,1.0,0.0,80.51,1569,0.58,11.05,9.0,2026-07-05T22:22:29
eb0fca5727,P7_gray_clahe_denoise,elektrina_nn,Q2,5,14,0,0,100.0,1.0,1.0,1.0,0.0,1.0,0.0,81.97,1464,0.58,10.86,9.48,2026-07-05T22:22:49
eb0fca5727,P8_clahe_den_desk_otsu,elektrina_nn,Q2,5,14,0,0,100.0,1.0,1.0,1.0,0.0,1.0,0.0,81.66,1474,0.58,11.36,8.86,2026-07-05T22:23:09
4b28fb5a25,P0_baseline,elektrina_nn,Q3,5,14,1,0,99.286,0.9286,1.0,1.0,0.0071,1.0,0.0,83.98,1484,0.59,0.0,13.64,2026-07-05T22:23:24
4b28fb5a25,P1_gray,elektrina_nn,Q3,5,14,1,0,99.286,0.9286,1.0,1.0,0.0071,1.0,0.0,83.93,1508,0.59,0.01,11.76,2026-07-05T22:23:35
4b28fb5a25,P2_gray_otsu,elektrina_nn,Q3,5,14,1,0,98.571,0.8571,1.0,1.0,0.0143,1.0,0.0,79.34,1504,0.59,0.04,10.4,2026-07-05T22:23:46
4b28fb5a25,P3_gray_adaptive,elektrina_nn,Q3,5,14,1,0,97.321,0.9286,0.9286,0.9286,0.0357,1.0,0.0,72.76,2001,0.59,0.24,13.29,2026-07-05T22:24:00
4b28fb5a25,P4_gray_denoise,elektrina_nn,Q3,5,14,1,0,99.286,0.9286,1.0,1.0,0.0071,1.0,0.0,85.11,1551,0.59,10.9,11.07,2026-07-05T22:24:22
4b28fb5a25,P5_gray_clahe,elektrina_nn,Q3,5,14,1,0,93.036,0.7143,0.7143,0.9286,0.0696,1.0,0.0,75.66,1222,0.59,0.06,10.45,2026-07-05T22:24:32
4b28fb5a25,P6_gray_denoise_otsu,elektrina_nn,Q3,5,14,1,0,98.571,0.8571,1.0,1.0,0.0143,1.0,0.0,80.46,1550,0.59,11.22,10.36,2026-07-05T22:24:54
4b28fb5a25,P7_gray_clahe_denoise,elektrina_nn,Q3,5,14,1,0,89.464,0.7857,0.8571,0.8571,0.1054,1.0,0.0,81.41,1290,0.59,10.97,11.04,2026-07-05T22:25:16
4b28fb5a25,P8_clahe_den_desk_otsu,elektrina_nn,Q3,5,14,1,0,89.464,0.7857,0.8571,0.8571,0.1054,1.0,0.0,77.37,1419,0.59,11.3,10.48,2026-07-05T22:25:38
4686c6a623,P0_baseline,elektrina_vn,Q1,4,12,0,0,95.208,0.8333,0.8333,0.9167,0.0687,1.0,0.0,84.13,1323,0.48,0.0,11.06,2026-07-05T22:25:49
4686c6a623,P1_gray,elektrina_vn,Q1,4,12,0,0,95.833,0.8333,0.8333,0.9167,0.0729,1.0,0.0,84.89,1317,0.48,0.01,8.47,2026-07-05T22:25:58
4686c6a623,P2_gray_otsu,elektrina_vn,Q1,4,12,0,0,95.833,0.8333,0.8333,0.9167,0.0729,1.0,0.0,83.66,1319,0.48,0.04,7.67,2026-07-05T22:26:06
4686c6a623,P3_gray_adaptive,elektrina_vn,Q1,4,12,0,0,95.833,0.8333,0.8333,0.9167,0.0729,1.0,0.0,84.7,1310,0.48,0.2,7.85,2026-07-05T22:26:14
4686c6a623,P4_gray_denoise,elektrina_vn,Q1,4,12,0,0,93.75,0.75,0.75,0.9167,0.0938,1.0,0.0,86.75,1274,0.48,8.78,7.9,2026-07-05T22:26:30
4686c6a623,P5_gray_clahe,elektrina_vn,Q1,4,12,0,0,95.833,0.8333,0.8333,0.9167,0.0729,1.0,0.0,84.77,1254,0.48,0.05,9.54,2026-07-05T22:26:40
4686c6a623,P6_gray_denoise_otsu,elektrina_vn,Q1,4,12,0,0,95.833,0.8333,0.8333,0.9167,0.0729,1.0,0.0,86.05,1274,0.48,8.79,7.44,2026-07-05T22:26:56
4686c6a623,P7_gray_clahe_denoise,elektrina_vn,Q1,4,12,0,0,95.833,0.8333,0.8333,0.9167,0.0729,1.0,0.0,87.63,1249,0.48,8.7,9.41,2026-07-05T22:27:14
4686c6a623,P8_clahe_den_desk_otsu,elektrina_vn,Q1,4,12,0,0,91.875,0.6667,0.6667,0.9167,0.1104,1.0,0.0,84.86,1116,0.48,9.15,7.63,2026-07-05T22:27:31
0425f6a59d,P0_baseline,elektrina_vn,Q2,4,12,0,0,96.875,0.8333,0.8333,1.0,0.0521,1.0,0.0,84.73,1357,0.48,0.0,11.88,2026-07-05T22:27:44
0425f6a59d,P1_gray,elektrina_vn,Q2,4,12,0,0,97.917,0.9167,0.9167,1.0,0.0417,1.0,0.0,79.93,1431,0.48,0.01,9.51,2026-07-05T22:27:53
0425f6a59d,P2_gray_otsu,elektrina_vn,Q2,4,12,0,0,96.875,0.8333,0.8333,1.0,0.0521,1.0,0.0,76.48,1405,0.48,0.04,8.68,2026-07-05T22:28:02
0425f6a59d,P3_gray_adaptive,elektrina_vn,Q2,4,12,0,0,94.792,0.8333,0.8333,0.9167,0.0729,1.0,0.0,80.76,1271,0.48,0.2,8.15,2026-07-05T22:28:10
0425f6a59d,P4_gray_denoise,elektrina_vn,Q2,4,12,0,0,96.25,0.8333,0.8333,1.0,0.0583,1.0,0.0,83.18,1401,0.48,8.62,8.71,2026-07-05T22:28:28
0425f6a59d,P5_gray_clahe,elektrina_vn,Q2,4,12,0,0,97.917,0.9167,0.9167,1.0,0.0417,1.0,0.0,87.85,1134,0.48,0.04,9.03,2026-07-05T22:28:37
0425f6a59d,P6_gray_denoise_otsu,elektrina_vn,Q2,4,12,0,0,96.25,0.8333,0.8333,1.0,0.0583,1.0,0.0,78.45,1392,0.48,8.82,8.31,2026-07-05T22:28:54
0425f6a59d,P7_gray_clahe_denoise,elektrina_vn,Q2,4,12,0,0,92.917,0.75,0.75,0.9167,0.1083,1.0,0.0,88.03,1142,0.48,8.84,9.02,2026-07-05T22:29:12
0425f6a59d,P8_clahe_den_desk_otsu,elektrina_vn,Q2,4,12,0,0,93.519,0.8333,0.8333,0.8333,0.088,1.0,0.0,86.95,1035,0.48,9.02,8.29,2026-07-05T22:29:29
e0024b01eb,P0_baseline,elektrina_vn,Q3,3,11,0,0,96.97,0.9091,0.9091,0.9091,0.0455,1.0,0.0,85.44,1288,0.36,0.0,10.74,2026-07-05T22:29:40
e0024b01eb,P1_gray,elektrina_vn,Q3,3,11,0,0,96.97,0.9091,0.9091,0.9091,0.0455,1.0,0.0,85.44,1288,0.36,0.01,8.67,2026-07-05T22:29:49
e0024b01eb,P2_gray_otsu,elektrina_vn,Q3,3,11,0,0,96.97,0.9091,0.9091,0.9091,0.0455,1.0,0.0,83.29,1286,0.36,0.02,8.17,2026-07-05T22:29:57
e0024b01eb,P3_gray_adaptive,elektrina_vn,Q3,3,11,0,0,96.136,0.8182,0.8182,0.9091,0.0568,1.0,0.0,69.39,1280,0.36,0.15,9.61,2026-07-05T22:30:07
e0024b01eb,P4_gray_denoise,elektrina_vn,Q3,3,11,0,0,96.97,0.9091,0.9091,0.9091,0.0455,1.0,0.0,86.82,1283,0.36,6.54,8.35,2026-07-05T22:30:22
e0024b01eb,P5_gray_clahe,elektrina_vn,Q3,3,11,0,0,94.242,0.8182,0.8182,0.8182,0.096,1.0,0.0,81.82,963,0.36,0.04,9.35,2026-07-05T22:30:32
e0024b01eb,P6_gray_denoise_otsu,elektrina_vn,Q3,3,11,0,0,96.97,0.9091,0.9091,0.9091,0.0303,1.0,0.0,83.87,1289,0.36,6.77,7.77,2026-07-05T22:30:46
e0024b01eb,P7_gray_clahe_denoise,elektrina_vn,Q3,3,11,0,0,94.242,0.8182,0.8182,0.8182,0.096,1.0,0.0,81.8,993,0.36,6.64,9.39,2026-07-05T22:31:02
e0024b01eb,P8_clahe_den_desk_otsu,elektrina_vn,Q3,3,11,0,0,93.232,0.7273,0.7273,0.8182,0.1061,1.0,0.0,83.59,991,0.36,6.87,8.21,2026-07-05T22:31:17
a3233bb6bd,P0_baseline,plyn_mo,Q1,5,14,0,0,99.702,0.9286,1.0,1.0,0.003,1.0,0.0,88.46,1982,0.7,0.0,17.37,2026-07-05T22:31:35
a3233bb6bd,P1_gray,plyn_mo,Q1,5,14,0,0,99.702,0.9286,1.0,1.0,0.003,1.0,0.0,88.3,1995,0.7,0.01,13.38,2026-07-05T22:31:49
a3233bb6bd,P2_gray_otsu,plyn_mo,Q1,5,14,0,0,99.702,0.9286,1.0,1.0,0.003,1.0,0.0,88.66,1981,0.7,0.04,12.25,2026-07-05T22:32:01
a3233bb6bd,P3_gray_adaptive,plyn_mo,Q1,5,14,0,0,99.256,0.8571,1.0,1.0,0.0119,1.0,0.0,86.13,1916,0.7,0.25,12.19,2026-07-05T22:32:14
a3233bb6bd,P4_gray_denoise,plyn_mo,Q1,5,14,0,0,99.702,0.9286,1.0,1.0,0.003,1.0,0.0,89.11,1971,0.7,10.94,12.97,2026-07-05T22:32:38
a3233bb6bd,P5_gray_clahe,plyn_mo,Q1,5,14,0,0,99.702,0.9286,1.0,1.0,0.003,1.0,0.0,88.13,2001,0.7,0.06,13.32,2026-07-05T22:32:51
a3233bb6bd,P6_gray_denoise_otsu,plyn_mo,Q1,5,14,0,0,99.702,0.9286,1.0,1.0,0.003,1.0,0.0,88.64,1985,0.7,11.1,12.15,2026-07-05T22:33:14
a3233bb6bd,P7_gray_clahe_denoise,plyn_mo,Q1,5,14,0,0,99.702,0.9286,1.0,1.0,0.003,1.0,0.0,88.66,1997,0.7,11.0,13.09,2026-07-05T22:33:39
a3233bb6bd,P8_clahe_den_desk_otsu,plyn_mo,Q1,5,14,0,0,99.702,0.9286,1.0,1.0,0.003,1.0,0.0,87.26,2026,0.7,11.54,12.27,2026-07-05T22:34:03
1d3ed74376,P0_baseline,plyn_mo,Q2,5,14,0,0,91.865,0.6429,0.7143,0.8571,0.1161,1.0,0.0,69.56,945,0.65,0.0,13.2,2026-07-05T22:34:16
1d3ed74376,P1_gray,plyn_mo,Q2,5,14,0,0,97.075,0.7143,0.8571,1.0,0.0382,1.0,0.0,72.87,1455,0.65,0.01,13.05,2026-07-05T22:34:30
1d3ed74376,P2_gray_otsu,plyn_mo,Q2,5,14,0,0,98.363,0.7857,0.9286,1.0,0.0298,1.0,0.0,63.92,1411,0.65,0.04,11.37,2026-07-05T22:34:41
1d3ed74376,P3_gray_adaptive,plyn_mo,Q2,5,14,0,0,90.079,0.7143,0.7857,0.9286,0.0992,1.0,0.0,64.72,1775,0.65,0.25,12.99,2026-07-05T22:34:54
1d3ed74376,P4_gray_denoise,plyn_mo,Q2,5,14,0,0,97.381,0.7857,0.8571,1.0,0.0262,1.0,0.0,77.56,1438,0.65,11.11,11.22,2026-07-05T22:35:17
1d3ed74376,P5_gray_clahe,plyn_mo,Q2,5,14,0,0,95.417,0.7143,0.8571,0.9286,0.0548,1.0,0.0,73.75,1448,0.65,0.06,13.5,2026-07-05T22:35:30
1d3ed74376,P6_gray_denoise_otsu,plyn_mo,Q2,5,14,0,0,97.649,0.7143,0.9286,1.0,0.028,1.0,0.0,62.96,1468,0.65,11.16,10.69,2026-07-05T22:35:52
1d3ed74376,P7_gray_clahe_denoise,plyn_mo,Q2,5,14,0,0,98.81,0.8571,0.9286,1.0,0.0208,1.0,0.0,75.66,1528,0.65,11.09,12.32,2026-07-05T22:36:16
1d3ed74376,P8_clahe_den_desk_otsu,plyn_mo,Q2,5,14,0,0,96.756,0.6429,0.8571,1.0,0.0458,1.0,0.0,56.27,1404,0.65,11.46,11.42,2026-07-05T22:36:39
d2b779aa87,P0_baseline,plyn_mo,Q3,5,14,0,0,66.389,0.1429,0.3571,0.7143,0.3887,1.0,0.0,41.88,560,0.23,0.0,13.79,2026-07-05T22:36:53
d2b779aa87,P1_gray,plyn_mo,Q3,5,14,0,0,74.405,0.2143,0.4286,0.8571,0.2887,1.0,0.0,35.2,1028,0.23,0.01,15.77,2026-07-05T22:37:08
d2b779aa87,P2_gray_otsu,plyn_mo,Q3,5,14,0,0,61.845,0.0714,0.2143,0.5714,0.4375,1.0,0.0,25.49,1013,0.23,0.03,15.59,2026-07-05T22:37:24
d2b779aa87,P3_gray_adaptive,plyn_mo,Q3,5,14,0,0,70.218,0.2143,0.2857,0.7143,0.3923,1.0,0.0,39.28,1414,0.23,0.25,28.58,2026-07-05T22:37:53
d2b779aa87,P4_gray_denoise,plyn_mo,Q3,5,14,0,0,69.286,0.3571,0.4286,0.7143,0.3399,1.0,0.0,47.43,1052,0.23,11.14,13.45,2026-07-05T22:38:18
d2b779aa87,P5_gray_clahe,plyn_mo,Q3,5,14,0,0,37.44,0.0714,0.0714,0.2857,0.6702,1.0,0.0,46.95,301,0.23,0.06,9.62,2026-07-05T22:38:27
d2b779aa87,P6_gray_denoise_otsu,plyn_mo,Q3,5,14,0,0,64.385,0.1429,0.3571,0.6429,0.4111,1.0,0.0,36.21,1022,0.23,10.92,12.81,2026-07-05T22:38:51
d2b779aa87,P7_gray_clahe_denoise,plyn_mo,Q3,5,14,0,0,55.646,0.0714,0.0714,0.4286,0.5334,1.0,0.0,41.05,501,0.23,10.9,13.77,2026-07-05T22:39:16
d2b779aa87,P8_clahe_den_desk_otsu,plyn_mo,Q3,5,14,0,0,15.684,0.0714,0.0714,0.0714,0.8702,1.0,0.0,42.34,191,0.23,11.56,6.85,2026-07-05T22:39:34
66dc220d94,P0_baseline,plyn_vo,Q1,3,13,0,0,91.941,0.6923,0.6923,0.8462,0.116,1.0,0.0,84.76,1534,0.36,0.0,11.6,2026-07-05T22:39:46
66dc220d94,P1_gray,plyn_vo,Q1,3,13,0,0,91.941,0.6923,0.6923,0.8462,0.116,1.0,0.0,84.76,1534,0.36,0.01,9.78,2026-07-05T22:39:56
66dc220d94,P2_gray_otsu,plyn_vo,Q1,3,13,0,0,91.941,0.6923,0.6923,0.8462,0.116,1.0,0.0,83.67,1551,0.36,0.03,9.03,2026-07-05T22:40:05
66dc220d94,P3_gray_adaptive,plyn_vo,Q1,3,13,0,0,91.819,0.6923,0.6923,0.8462,0.1117,1.0,0.0,81.41,1519,0.36,0.15,7.94,2026-07-05T22:40:13
66dc220d94,P4_gray_denoise,plyn_vo,Q1,3,13,0,0,91.819,0.6923,0.6923,0.8462,0.1245,1.0,0.0,84.27,1542,0.36,6.55,9.48,2026-07-05T22:40:29
66dc220d94,P5_gray_clahe,plyn_vo,Q1,3,13,0,0,91.819,0.6923,0.6923,0.8462,0.1074,1.0,0.0,84.04,1564,0.36,0.04,9.51,2026-07-05T22:40:39
66dc220d94,P6_gray_denoise_otsu,plyn_vo,Q1,3,13,0,0,91.941,0.6923,0.6923,0.8462,0.116,1.0,0.0,84.41,1538,0.36,6.59,8.99,2026-07-05T22:40:55
66dc220d94,P7_gray_clahe_denoise,plyn_vo,Q1,3,13,0,0,91.819,0.6923,0.6923,0.8462,0.1245,1.0,0.0,84.59,1565,0.36,6.89,9.5,2026-07-05T22:41:11
66dc220d94,P8_clahe_den_desk_otsu,plyn_vo,Q1,3,13,0,0,91.941,0.6923,0.6923,0.8462,0.116,1.0,0.0,80.14,1704,0.36,7.0,9.8,2026-07-05T22:41:28
cbbabcc7c4,P0_baseline,plyn_vo,Q2,4,13,0,0,94.701,0.7692,0.7692,0.9231,0.053,1.0,0.0,78.71,1424,0.48,0.0,13.32,2026-07-05T22:41:42
cbbabcc7c4,P1_gray,plyn_vo,Q2,4,13,0,0,94.701,0.7692,0.7692,0.9231,0.0701,1.0,0.0,82.73,1554,0.48,0.01,10.27,2026-07-05T22:41:52
cbbabcc7c4,P2_gray_otsu,plyn_vo,Q2,4,13,0,0,94.701,0.7692,0.7692,0.9231,0.053,1.0,0.0,82.13,1565,0.48,0.03,9.28,2026-07-05T22:42:02
cbbabcc7c4,P3_gray_adaptive,plyn_vo,Q2,4,13,0,0,94.701,0.7692,0.7692,0.9231,0.053,1.0,0.0,78.29,1251,0.48,0.2,7.72,2026-07-05T22:42:09
cbbabcc7c4,P4_gray_denoise,plyn_vo,Q2,4,13,0,0,94.701,0.7692,0.7692,0.9231,0.053,1.0,0.0,85.44,1570,0.48,8.84,10.03,2026-07-05T22:42:28
cbbabcc7c4,P5_gray_clahe,plyn_vo,Q2,4,13,0,0,94.701,0.7692,0.7692,0.9231,0.0701,1.0,0.0,81.71,1112,0.48,0.04,9.97,2026-07-05T22:42:38
cbbabcc7c4,P6_gray_denoise_otsu,plyn_vo,Q2,4,13,0,0,94.701,0.7692,0.7692,0.9231,0.053,1.0,0.0,83.66,1586,0.48,8.72,9.16,2026-07-05T22:42:56
cbbabcc7c4,P7_gray_clahe_denoise,plyn_vo,Q2,4,13,0,0,94.701,0.7692,0.7692,0.9231,0.0701,1.0,0.0,84.44,1162,0.48,8.89,10.27,2026-07-05T22:43:16
cbbabcc7c4,P8_clahe_den_desk_otsu,plyn_vo,Q2,4,13,0,0,92.906,0.6923,0.6923,0.9231,0.1162,1.0,0.0,81.84,640,0.48,9.19,6.1,2026-07-05T22:43:31
44cad30b8c,P0_baseline,plyn_vo,Q3,4,13,0,0,94.872,0.7692,0.7692,0.9231,0.094,1.0,0.0,75.17,1757,0.48,0.0,14.02,2026-07-05T22:43:46
44cad30b8c,P1_gray,plyn_vo,Q3,4,13,0,0,94.872,0.7692,0.7692,0.9231,0.0769,1.0,0.0,75.54,1758,0.48,0.01,11.26,2026-07-05T22:43:57
44cad30b8c,P2_gray_otsu,plyn_vo,Q3,4,13,0,0,94.872,0.7692,0.7692,0.9231,0.0769,1.0,0.0,76.76,1724,0.48,0.03,9.71,2026-07-05T22:44:07
44cad30b8c,P3_gray_adaptive,plyn_vo,Q3,4,13,0,0,89.017,0.6923,0.6923,0.7692,0.1526,1.0,0.0,65.55,1165,0.48,0.19,8.68,2026-07-05T22:44:16
44cad30b8c,P4_gray_denoise,plyn_vo,Q3,4,13,0,0,94.872,0.7692,0.7692,0.9231,0.0769,1.0,0.0,76.45,1738,0.48,8.74,10.61,2026-07-05T22:44:35
44cad30b8c,P5_gray_clahe,plyn_vo,Q3,4,13,0,0,94.872,0.7692,0.7692,0.9231,0.0769,1.0,0.0,79.99,1165,0.48,0.04,8.96,2026-07-05T22:44:44
44cad30b8c,P6_gray_denoise_otsu,plyn_vo,Q3,4,13,0,0,94.872,0.7692,0.7692,0.9231,0.0769,1.0,0.0,77.53,1707,0.48,8.7,9.51,2026-07-05T22:45:02
44cad30b8c,P7_gray_clahe_denoise,plyn_vo,Q3,4,13,0,0,94.872,0.7692,0.7692,0.9231,0.0769,1.0,0.0,81.23,1150,0.48,8.7,9.01,2026-07-05T22:45:20
44cad30b8c,P8_clahe_den_desk_otsu,plyn_vo,Q3,4,13,0,0,94.872,0.7692,0.7692,0.9231,0.0769,1.0,0.0,81.51,1158,0.48,9.05,7.62,2026-07-05T22:45:37
5b7399f8d8,P0_baseline,teplo,Q1,1,12,0,0,91.667,0.9167,0.9167,0.9167,0.0833,1.0,0.0,87.34,138,0.13,0.0,1.92,2026-07-05T22:45:39
5b7399f8d8,P1_gray,teplo,Q1,1,12,0,0,91.667,0.9167,0.9167,0.9167,0.0833,1.0,0.0,87.04,140,0.13,0.0,1.48,2026-07-05T22:45:40
5b7399f8d8,P2_gray_otsu,teplo,Q1,1,12,0,0,91.667,0.9167,0.9167,0.9167,0.0833,1.0,0.0,85.42,138,0.13,0.01,1.26,2026-07-05T22:45:42
5b7399f8d8,P3_gray_adaptive,teplo,Q1,1,12,0,0,91.667,0.9167,0.9167,0.9167,0.0833,1.0,0.0,83.34,143,0.13,0.05,1.29,2026-07-05T22:45:43
5b7399f8d8,P4_gray_denoise,teplo,Q1,1,12,0,0,91.667,0.9167,0.9167,0.9167,0.0833,1.0,0.0,85.76,141,0.13,2.23,1.31,2026-07-05T22:45:46
5b7399f8d8,P5_gray_clahe,teplo,Q1,1,12,0,0,91.667,0.9167,0.9167,0.9167,0.0833,1.0,0.0,85.35,141,0.13,0.01,1.47,2026-07-05T22:45:48
5b7399f8d8,P6_gray_denoise_otsu,teplo,Q1,1,12,0,0,91.667,0.9167,0.9167,0.9167,0.0833,1.0,0.0,84.98,142,0.13,2.16,1.25,2026-07-05T22:45:51
5b7399f8d8,P7_gray_clahe_denoise,teplo,Q1,1,12,0,0,91.667,0.9167,0.9167,0.9167,0.0833,1.0,0.0,87.38,139,0.13,2.21,1.49,2026-07-05T22:45:55
5b7399f8d8,P8_clahe_den_desk_otsu,teplo,Q1,1,12,0,0,91.667,0.9167,0.9167,0.9167,0.0833,1.0,0.0,85.92,134,0.13,2.23,1.11,2026-07-05T22:45:58
55f730b797,P0_baseline,teplo,Q2,2,12,0,0,96.044,0.8333,0.8333,0.9167,0.0623,1.0,0.0,87.57,835,0.25,0.0,7.18,2026-07-05T22:46:06
55f730b797,P1_gray,teplo,Q2,2,12,0,0,96.044,0.8333,0.8333,0.9167,0.0623,1.0,0.0,87.58,857,0.25,0.0,5.84,2026-07-05T22:46:12
55f730b797,P2_gray_otsu,teplo,Q2,2,12,0,0,96.044,0.8333,0.8333,0.9167,0.0623,1.0,0.0,86.08,867,0.25,0.01,5.44,2026-07-05T22:46:17
55f730b797,P3_gray_adaptive,teplo,Q2,2,12,0,0,96.044,0.8333,0.8333,0.9167,0.0623,1.0,0.0,79.23,850,0.25,0.1,5.86,2026-07-05T22:46:23
55f730b797,P4_gray_denoise,teplo,Q2,2,12,0,0,96.044,0.8333,0.8333,0.9167,0.0623,1.0,0.0,88.32,851,0.25,4.46,5.47,2026-07-05T22:46:33
55f730b797,P5_gray_clahe,teplo,Q2,2,12,0,0,95.949,0.8333,0.8333,0.9167,0.0613,1.0,0.0,86.08,849,0.25,0.02,5.61,2026-07-05T22:46:39
55f730b797,P6_gray_denoise_otsu,teplo,Q2,2,12,0,0,96.044,0.8333,0.8333,0.9167,0.0623,1.0,0.0,87.21,860,0.25,4.47,5.13,2026-07-05T22:46:49
55f730b797,P7_gray_clahe_denoise,teplo,Q2,2,12,0,0,96.044,0.8333,0.8333,0.9167,0.0623,1.0,0.0,87.36,852,0.25,4.5,6.07,2026-07-05T22:46:59
55f730b797,P8_clahe_den_desk_otsu,teplo,Q2,2,12,0,0,95.949,0.8333,0.8333,0.9167,0.0613,1.0,0.0,86.14,728,0.25,4.69,4.48,2026-07-05T22:47:08
8203468b11,P0_baseline,teplo,Q3,1,12,0,0,88.889,0.75,0.75,0.9167,0.1111,1.0,0.0,85.35,146,0.13,0.0,1.76,2026-07-05T22:47:10
8203468b11,P1_gray,teplo,Q3,1,12,0,0,88.889,0.75,0.75,0.9167,0.1111,1.0,0.0,86.05,143,0.13,0.0,1.35,2026-07-05T22:47:12
8203468b11,P2_gray_otsu,teplo,Q3,1,12,0,0,88.889,0.75,0.75,0.9167,0.1296,1.0,0.0,82.78,146,0.13,0.01,1.15,2026-07-05T22:47:13
8203468b11,P3_gray_adaptive,teplo,Q3,1,12,0,0,88.889,0.75,0.75,0.9167,0.1111,1.0,0.0,64.35,207,0.13,0.05,1.63,2026-07-05T22:47:14
8203468b11,P4_gray_denoise,teplo,Q3,1,12,0,0,88.889,0.75,0.75,0.9167,0.1111,1.0,0.0,85.93,152,0.13,2.31,1.28,2026-07-05T22:47:18
8203468b11,P5_gray_clahe,teplo,Q3,1,12,0,0,88.889,0.75,0.75,0.9167,0.1204,1.0,0.0,67.23,159,0.13,0.01,1.56,2026-07-05T22:47:20
8203468b11,P6_gray_denoise_otsu,teplo,Q3,1,12,0,0,88.889,0.75,0.75,0.9167,0.1111,1.0,0.0,82.87,154,0.13,2.17,1.14,2026-07-05T22:47:23
8203468b11,P7_gray_clahe_denoise,teplo,Q3,1,12,0,0,88.889,0.75,0.75,0.9167,0.1111,1.0,0.0,73.79,167,0.13,2.19,1.48,2026-07-05T22:47:27
8203468b11,P8_clahe_den_desk_otsu,teplo,Q3,1,12,0,0,88.889,0.75,0.75,0.9167,0.1296,1.0,0.0,72.83,163,0.13,2.4,1.31,2026-07-05T22:47:30
cde4f45812,P0_baseline,voda,Q1,4,14,1,0,99.812,0.9286,1.0,1.0,0.0019,1.0,0.0,86.82,747,0.56,0.0,7.35,2026-07-05T22:47:38
cde4f45812,P1_gray,voda,Q1,4,14,1,0,99.812,0.9286,1.0,1.0,0.0019,1.0,0.0,87.72,751,0.56,0.01,5.87,2026-07-05T22:47:44
cde4f45812,P2_gray_otsu,voda,Q1,4,14,1,0,99.812,0.9286,1.0,1.0,0.0038,1.0,0.0,87.59,762,0.56,0.04,5.33,2026-07-05T22:47:50
cde4f45812,P3_gray_adaptive,voda,Q1,4,14,1,0,99.812,0.9286,1.0,1.0,0.0019,1.0,0.0,85.03,769,0.56,0.2,5.29,2026-07-05T22:47:55
cde4f45812,P4_gray_denoise,voda,Q1,4,14,1,0,99.812,0.9286,1.0,1.0,0.0019,1.0,0.0,88.21,755,0.56,8.81,5.79,2026-07-05T22:48:10
cde4f45812,P5_gray_clahe,voda,Q1,4,14,1,0,99.812,0.9286,1.0,1.0,0.0019,1.0,0.0,86.25,755,0.56,0.05,5.86,2026-07-05T22:48:16
cde4f45812,P6_gray_denoise_otsu,voda,Q1,4,14,1,0,99.812,0.9286,1.0,1.0,0.0019,1.0,0.0,87.58,760,0.56,8.72,5.32,2026-07-05T22:48:30
cde4f45812,P7_gray_clahe_denoise,voda,Q1,4,14,1,0,99.812,0.9286,1.0,1.0,0.0019,1.0,0.0,86.53,758,0.56,8.79,5.8,2026-07-05T22:48:44
cde4f45812,P8_clahe_den_desk_otsu,voda,Q1,4,14,1,0,99.812,0.9286,1.0,1.0,0.0019,1.0,0.0,86.36,761,0.56,8.77,5.06,2026-07-05T22:48:58
cd716438d8,P0_baseline,voda,Q2,4,15,0,0,99.825,0.9333,1.0,1.0,0.0018,1.0,0.0,84.1,741,0.25,0.0,7.56,2026-07-05T22:49:06
cd716438d8,P1_gray,voda,Q2,4,15,0,0,99.825,0.9333,1.0,1.0,0.0018,1.0,0.0,83.16,745,0.25,0.01,5.8,2026-07-05T22:49:12
cd716438d8,P2_gray_otsu,voda,Q2,4,15,0,0,99.825,0.9333,1.0,1.0,0.0018,1.0,0.0,77.41,753,0.25,0.03,4.99,2026-07-05T22:49:17
cd716438d8,P3_gray_adaptive,voda,Q2,4,15,0,0,96.343,0.6667,0.8,1.0,0.0598,1.0,0.0,55.31,1140,0.25,0.2,10.21,2026-07-05T22:49:27
cd716438d8,P4_gray_denoise,voda,Q2,4,15,0,0,99.825,0.9333,1.0,1.0,0.0018,1.0,0.0,84.32,745,0.25,8.61,5.66,2026-07-05T22:49:42
cd716438d8,P5_gray_clahe,voda,Q2,4,15,0,0,99.825,0.9333,1.0,1.0,0.0018,1.0,0.0,76.02,782,0.25,0.05,10.07,2026-07-05T22:49:52
cd716438d8,P6_gray_denoise_otsu,voda,Q2,4,15,0,0,99.825,0.9333,1.0,1.0,0.0035,1.0,0.0,77.99,751,0.25,8.99,5.02,2026-07-05T22:50:06
cd716438d8,P7_gray_clahe_denoise,voda,Q2,4,15,0,0,99.825,0.9333,1.0,1.0,0.0018,1.0,0.0,84.26,720,0.25,8.81,6.54,2026-07-05T22:50:21
cd716438d8,P8_clahe_den_desk_otsu,voda,Q2,4,15,0,0,99.649,0.9333,1.0,1.0,0.0035,1.0,0.0,80.41,718,0.25,8.88,4.93,2026-07-05T22:50:35
3009be50f0,P0_baseline,voda,Q3,4,14,1,0,86.915,0.6429,0.7143,0.8571,0.1646,1.0,0.0,54.14,296,0.18,0.0,6.75,2026-07-05T22:50:42
3009be50f0,P1_gray,voda,Q3,4,14,1,0,94.058,0.7143,0.7857,0.9286,0.0753,1.0,0.0,53.95,350,0.18,0.01,5.36,2026-07-05T22:50:48
3009be50f0,P2_gray_otsu,voda,Q3,4,14,1,0,56.177,0.0714,0.0714,0.3571,0.5104,1.0,0.0,31.48,370,0.18,0.03,5.31,2026-07-05T22:50:53
3009be50f0,P3_gray_adaptive,voda,Q3,4,14,1,0,49.138,0.2143,0.2857,0.2857,0.5979,1.0,0.0,39.92,725,0.18,0.2,15.84,2026-07-05T22:51:09
3009be50f0,P4_gray_denoise,voda,Q3,4,14,1,0,91.092,0.5,0.5714,0.9286,0.0891,1.0,0.0,59.95,328,0.18,8.62,5.1,2026-07-05T22:51:23
3009be50f0,P5_gray_clahe,voda,Q3,4,14,1,0,32.481,0.0714,0.1429,0.1429,0.6895,1.0,0.0,55.2,121,0.18,0.04,3.56,2026-07-05T22:51:26
3009be50f0,P6_gray_denoise_otsu,voda,Q3,4,14,1,0,68.261,0.0714,0.0714,0.5,0.3865,1.0,0.0,44.15,334,0.18,8.82,4.23,2026-07-05T22:51:39
3009be50f0,P7_gray_clahe_denoise,voda,Q3,4,14,1,0,68.76,0.2857,0.3571,0.4286,0.3878,1.0,0.0,51.9,171,0.18,8.88,4.75,2026-07-05T22:51:53
3009be50f0,P8_clahe_den_desk_otsu,voda,Q3,4,14,1,0,49.509,0.0,0.0,0.2857,0.5386,,,32.34,173,0.18,9.03,3.63,2026-07-05T22:52:06
ce587b7f79,P0_baseline,elektrina_nn,Q1,5,14,1,1,100.0,1.0,1.0,1.0,0.0,1.0,0.0,86.85,1679,0.61,0.0,14.56,2026-07-05T22:52:21
ce587b7f79,P1_gray,elektrina_nn,Q1,5,14,1,1,100.0,1.0,1.0,1.0,0.0,1.0,0.0,86.81,1682,0.61,0.01,11.65,2026-07-05T22:52:33
ce587b7f79,P2_gray_otsu,elektrina_nn,Q1,5,14,1,1,100.0,1.0,1.0,1.0,0.0,1.0,0.0,83.17,1686,0.61,0.05,10.68,2026-07-05T22:52:43
ce587b7f79,P3_gray_adaptive,elektrina_nn,Q1,5,14,1,1,100.0,1.0,1.0,1.0,0.0,1.0,0.0,79.59,1798,0.61,0.25,10.99,2026-07-05T22:52:55
ce587b7f79,P4_gray_denoise,elektrina_nn,Q1,5,14,1,1,100.0,1.0,1.0,1.0,0.0,1.0,0.0,86.92,1679,0.61,11.27,11.34,2026-07-05T22:53:17
ce587b7f79,P5_gray_clahe,elektrina_nn,Q1,5,14,1,1,100.0,1.0,1.0,1.0,0.0,1.0,0.0,85.22,1476,0.61,0.06,11.1,2026-07-05T22:53:29
ce587b7f79,P6_gray_denoise_otsu,elektrina_nn,Q1,5,14,1,1,100.0,1.0,1.0,1.0,0.0,1.0,0.0,83.44,1687,0.61,11.04,10.7,2026-07-05T22:53:50
ce587b7f79,P7_gray_clahe_denoise,elektrina_nn,Q1,5,14,1,1,100.0,1.0,1.0,1.0,0.0,1.0,0.0,86.08,1515,0.61,11.0,11.72,2026-07-05T22:54:13
ce587b7f79,P8_clahe_den_desk_otsu,elektrina_nn,Q1,5,14,1,1,99.286,0.9286,1.0,1.0,0.0071,1.0,0.0,82.34,1530,0.61,11.42,10.72,2026-07-05T22:54:35
a173fbc03f,P0_baseline,elektrina_nn,Q2,6,14,0,0,99.286,0.9286,1.0,1.0,0.0071,1.0,0.0,84.24,2266,0.71,0.0,20.2,2026-07-05T22:54:56
a173fbc03f,P1_gray,elektrina_nn,Q2,6,14,0,0,99.286,0.9286,1.0,1.0,0.0071,1.0,0.0,84.24,2266,0.71,0.02,16.7,2026-07-05T22:55:13
a173fbc03f,P2_gray_otsu,elektrina_nn,Q2,6,14,0,0,98.492,0.8571,0.9286,1.0,0.0151,1.0,0.0,80.25,2264,0.71,0.05,15.7,2026-07-05T22:55:29
a173fbc03f,P3_gray_adaptive,elektrina_nn,Q2,6,14,0,0,93.929,0.5714,0.8571,1.0,0.0607,1.0,0.0,78.18,1959,0.71,0.3,14.36,2026-07-05T22:55:44
a173fbc03f,P4_gray_denoise,elektrina_nn,Q2,6,14,0,0,99.286,0.9286,1.0,1.0,0.0071,1.0,0.0,84.41,2229,0.71,13.23,15.85,2026-07-05T22:56:13
a173fbc03f,P5_gray_clahe,elektrina_nn,Q2,6,14,0,0,90.079,0.5714,0.7857,0.8571,0.127,1.0,0.0,85.76,1479,0.71,0.07,13.08,2026-07-05T22:56:26
a173fbc03f,P6_gray_denoise_otsu,elektrina_nn,Q2,6,14,0,0,99.286,0.9286,1.0,1.0,0.0071,1.0,0.0,80.9,2220,0.71,13.16,15.07,2026-07-05T22:56:55
a173fbc03f,P7_gray_clahe_denoise,elektrina_nn,Q2,6,14,0,0,93.254,0.6429,0.8571,0.9286,0.0833,1.0,0.0,83.7,1674,0.71,13.22,13.23,2026-07-05T22:57:21
a173fbc03f,P8_clahe_den_desk_otsu,elektrina_nn,Q2,6,14,0,0,93.254,0.6429,0.8571,0.9286,0.0833,1.0,0.0,81.2,1695,0.71,13.74,12.1,2026-07-05T22:57:47
8104262f29,P0_baseline,elektrina_nn,Q3,5,14,1,0,100.0,1.0,1.0,1.0,0.0,1.0,0.0,82.86,1632,0.6,0.0,15.7,2026-07-05T22:58:03
8104262f29,P1_gray,elektrina_nn,Q3,5,14,1,0,100.0,1.0,1.0,1.0,0.0,1.0,0.0,83.03,1625,0.6,0.01,12.08,2026-07-05T22:58:15
8104262f29,P2_gray_otsu,elektrina_nn,Q3,5,14,1,0,98.866,0.8571,0.9286,1.0,0.0113,1.0,0.0,79.13,1634,0.6,0.04,10.86,2026-07-05T22:58:26
8104262f29,P3_gray_adaptive,elektrina_nn,Q3,5,14,1,0,99.107,0.9286,0.9286,1.0,0.0089,1.0,0.0,63.27,1869,0.6,0.25,14.93,2026-07-05T22:58:42
8104262f29,P4_gray_denoise,elektrina_nn,Q3,5,14,1,0,100.0,1.0,1.0,1.0,0.0,1.0,0.0,84.73,1629,0.6,11.04,11.89,2026-07-05T22:59:05
8104262f29,P5_gray_clahe,elektrina_nn,Q3,5,14,1,0,100.0,1.0,1.0,1.0,0.0,1.0,0.0,77.67,1477,0.6,0.05,12.64,2026-07-05T22:59:17
8104262f29,P6_gray_denoise_otsu,elektrina_nn,Q3,5,14,1,0,100.0,1.0,1.0,1.0,0.0,1.0,0.0,81.07,1632,0.6,11.02,10.67,2026-07-05T22:59:39
8104262f29,P7_gray_clahe_denoise,elektrina_nn,Q3,5,14,1,0,100.0,1.0,1.0,1.0,0.0,1.0,0.0,78.16,1532,0.6,10.86,13.7,2026-07-05T23:00:04
8104262f29,P8_clahe_den_desk_otsu,elektrina_nn,Q3,5,14,1,0,100.0,1.0,1.0,1.0,0.0,1.0,0.0,78.62,1561,0.6,11.23,11.96,2026-07-05T23:00:27
f30cd343f2,P0_baseline,elektrina_vn,Q1,4,12,0,0,97.5,0.9167,0.9167,0.9167,0.0333,1.0,0.0,86.15,1293,0.48,0.0,10.59,2026-07-05T23:00:38
f30cd343f2,P1_gray,elektrina_vn,Q1,4,12,0,0,97.5,0.9167,0.9167,0.9167,0.0333,1.0,0.0,86.58,1290,0.48,0.01,8.78,2026-07-05T23:00:47
f30cd343f2,P2_gray_otsu,elektrina_vn,Q1,4,12,0,0,97.5,0.9167,0.9167,0.9167,0.0333,1.0,0.0,84.83,1294,0.48,0.04,7.73,2026-07-05T23:00:55
f30cd343f2,P3_gray_adaptive,elektrina_vn,Q1,4,12,0,0,95.833,0.8333,0.8333,0.9167,0.0417,1.0,0.0,83.69,1310,0.48,0.2,8.02,2026-07-05T23:01:03
f30cd343f2,P4_gray_denoise,elektrina_vn,Q1,4,12,0,0,97.5,0.9167,0.9167,0.9167,0.0333,1.0,0.0,86.94,1296,0.48,8.63,8.33,2026-07-05T23:01:20
f30cd343f2,P5_gray_clahe,elektrina_vn,Q1,4,12,0,0,94.167,0.75,0.75,0.9167,0.0667,1.0,0.0,85.74,1295,0.48,0.04,9.27,2026-07-05T23:01:29
f30cd343f2,P6_gray_denoise_otsu,elektrina_vn,Q1,4,12,0,0,97.5,0.9167,0.9167,0.9167,0.0333,1.0,0.0,85.02,1305,0.48,8.6,7.74,2026-07-05T23:01:46
f30cd343f2,P7_gray_clahe_denoise,elektrina_vn,Q1,4,12,0,0,94.167,0.75,0.75,0.9167,0.0667,1.0,0.0,87.38,1273,0.48,8.69,9.33,2026-07-05T23:02:04
f30cd343f2,P8_clahe_den_desk_otsu,elektrina_vn,Q1,4,12,0,0,94.167,0.75,0.75,0.9167,0.0667,1.0,0.0,85.58,1286,0.48,8.95,8.47,2026-07-05T23:02:21
11b571e341,P0_baseline,elektrina_vn,Q2,4,12,0,0,96.181,0.8333,0.8333,0.9167,0.066,1.0,0.0,83.71,1339,0.49,0.0,11.38,2026-07-05T23:02:33
11b571e341,P1_gray,elektrina_vn,Q2,4,12,0,0,97.222,0.9167,0.9167,0.9167,0.0556,1.0,0.0,84.6,1312,0.49,0.01,9.09,2026-07-05T23:02:42
11b571e341,P2_gray_otsu,elektrina_vn,Q2,4,12,0,0,95.139,0.8333,0.8333,0.9167,0.0972,1.0,0.0,81.6,1312,0.49,0.03,8.6,2026-07-05T23:02:51
11b571e341,P3_gray_adaptive,elektrina_vn,Q2,4,12,0,0,92.222,0.6667,0.6667,0.9167,0.1056,1.0,0.0,83.31,1284,0.49,0.19,8.13,2026-07-05T23:02:59
11b571e341,P4_gray_denoise,elektrina_vn,Q2,4,12,0,0,95.139,0.8333,0.8333,0.9167,0.0764,1.0,0.0,86.69,1305,0.49,8.78,8.61,2026-07-05T23:03:17
11b571e341,P5_gray_clahe,elektrina_vn,Q2,4,12,0,0,94.097,0.8333,0.8333,0.8333,0.1076,1.0,0.0,80.74,1077,0.49,0.05,10.74,2026-07-05T23:03:28
11b571e341,P6_gray_denoise_otsu,elektrina_vn,Q2,4,12,0,0,95.139,0.8333,0.8333,0.9167,0.0972,1.0,0.0,83.77,1308,0.49,8.85,7.94,2026-07-05T23:03:45
11b571e341,P7_gray_clahe_denoise,elektrina_vn,Q2,4,12,0,0,94.097,0.8333,0.8333,0.8333,0.1076,1.0,0.0,84.37,1070,0.49,9.01,10.42,2026-07-05T23:04:04
11b571e341,P8_clahe_den_desk_otsu,elektrina_vn,Q2,4,12,0,0,85.764,0.75,0.75,0.75,0.191,1.0,0.0,81.83,857,0.49,8.99,7.23,2026-07-05T23:04:20
293cd33c75,P0_baseline,elektrina_vn,Q3,3,11,0,0,87.879,0.8182,0.8182,0.8182,0.1212,1.0,0.0,64.38,978,0.36,0.0,12.58,2026-07-05T23:04:33
293cd33c75,P1_gray,elektrina_vn,Q3,3,11,0,0,87.879,0.8182,0.8182,0.8182,0.1212,1.0,0.0,64.42,978,0.36,0.01,10.89,2026-07-05T23:04:44
293cd33c75,P2_gray_otsu,elektrina_vn,Q3,3,11,0,0,86.901,0.6364,0.8182,0.9091,0.1424,1.0,0.0,58.14,1013,0.36,0.03,10.4,2026-07-05T23:04:55
293cd33c75,P3_gray_adaptive,elektrina_vn,Q3,3,11,0,0,95.007,0.7273,0.8182,0.9091,0.0499,1.0,0.0,56.88,1101,0.36,0.15,7.99,2026-07-05T23:05:03
293cd33c75,P4_gray_denoise,elektrina_vn,Q3,3,11,0,0,78.535,0.6364,0.6364,0.8182,0.2374,1.0,0.0,64.6,957,0.36,6.48,11.17,2026-07-05T23:05:21
293cd33c75,P5_gray_clahe,elektrina_vn,Q3,3,11,0,0,90.381,0.6364,0.7273,0.8182,0.1455,1.0,0.0,63.31,701,0.36,0.03,9.25,2026-07-05T23:05:30
293cd33c75,P6_gray_denoise_otsu,elektrina_vn,Q3,3,11,0,0,76.042,0.4545,0.6364,0.7273,0.2396,1.0,0.0,58.33,990,0.36,6.43,10.41,2026-07-05T23:05:47
293cd33c75,P7_gray_clahe_denoise,elektrina_vn,Q3,3,11,0,0,84.637,0.4545,0.5455,0.7273,0.2121,1.0,0.0,69.43,647,0.36,6.44,8.44,2026-07-05T23:06:02
293cd33c75,P8_clahe_den_desk_otsu,elektrina_vn,Q3,3,11,0,0,84.52,0.2727,0.5455,0.7273,0.2105,1.0,0.0,57.79,449,0.36,6.78,5.69,2026-07-05T23:06:14
95d68da1d2,P0_baseline,plyn_mo,Q1,5,14,0,0,97.47,0.8571,0.9286,0.9286,0.0298,1.0,0.0,84.56,2216,0.71,0.0,18.1,2026-07-05T23:06:33
95d68da1d2,P1_gray,plyn_mo,Q1,5,14,0,0,96.577,0.8571,0.9286,0.9286,0.0432,1.0,0.0,86.62,2210,0.71,0.01,14.72,2026-07-05T23:06:48
95d68da1d2,P2_gray_otsu,plyn_mo,Q1,5,14,0,0,97.47,0.8571,0.9286,0.9286,0.0342,1.0,0.0,86.96,2188,0.71,0.04,13.38,2026-07-05T23:07:01
95d68da1d2,P3_gray_adaptive,plyn_mo,Q1,5,14,0,0,98.81,0.8571,0.9286,1.0,0.0119,1.0,0.0,82.93,2142,0.71,0.24,12.51,2026-07-05T23:07:14
95d68da1d2,P4_gray_denoise,plyn_mo,Q1,5,14,0,0,97.47,0.8571,0.9286,0.9286,0.0342,1.0,0.0,87.42,2193,0.71,10.96,13.81,2026-07-05T23:07:39
95d68da1d2,P5_gray_clahe,plyn_mo,Q1,5,14,0,0,97.47,0.8571,0.9286,0.9286,0.0342,1.0,0.0,82.86,2257,0.71,0.06,14.75,2026-07-05T23:07:54
95d68da1d2,P6_gray_denoise_otsu,plyn_mo,Q1,5,14,0,0,97.47,0.8571,0.9286,0.9286,0.0342,1.0,0.0,87.11,2187,0.71,11.09,13.82,2026-07-05T23:08:19
95d68da1d2,P7_gray_clahe_denoise,plyn_mo,Q1,5,14,0,0,97.47,0.8571,0.9286,0.9286,0.0342,1.0,0.0,84.09,2215,0.71,10.94,14.55,2026-07-05T23:08:44
95d68da1d2,P8_clahe_den_desk_otsu,plyn_mo,Q1,5,14,0,0,92.56,0.8571,0.9286,0.9286,0.0744,1.0,0.0,85.54,2193,0.71,11.25,13.67,2026-07-05T23:09:09
e7a9d48929,P0_baseline,plyn_mo,Q2,5,14,0,0,97.857,0.9286,0.9286,0.9286,0.0214,1.0,0.0,83.82,1589,0.66,0.0,16.28,2026-07-05T23:09:26
e7a9d48929,P1_gray,plyn_mo,Q2,5,14,0,0,97.857,0.9286,0.9286,0.9286,0.0214,1.0,0.0,85.7,1588,0.66,0.01,12.53,2026-07-05T23:09:39
e7a9d48929,P2_gray_otsu,plyn_mo,Q2,5,14,0,0,97.857,0.9286,0.9286,0.9286,0.0214,1.0,0.0,84.31,1590,0.66,0.04,10.17,2026-07-05T23:09:49
e7a9d48929,P3_gray_adaptive,plyn_mo,Q2,5,14,0,0,97.411,0.8571,0.9286,0.9286,0.0259,1.0,0.0,69.64,1817,0.66,0.24,12.73,2026-07-05T23:10:02
e7a9d48929,P4_gray_denoise,plyn_mo,Q2,5,14,0,0,97.857,0.9286,0.9286,0.9286,0.0214,1.0,0.0,86.92,1604,0.66,10.94,11.06,2026-07-05T23:10:24
e7a9d48929,P5_gray_clahe,plyn_mo,Q2,5,14,0,0,100.0,1.0,1.0,1.0,0.0,1.0,0.0,80.49,1531,0.66,0.05,13.0,2026-07-05T23:10:37
e7a9d48929,P6_gray_denoise_otsu,plyn_mo,Q2,5,14,0,0,97.857,0.9286,0.9286,0.9286,0.0214,1.0,0.0,84.17,1604,0.66,10.89,10.22,2026-07-05T23:10:58
e7a9d48929,P7_gray_clahe_denoise,plyn_mo,Q2,5,14,0,0,100.0,1.0,1.0,1.0,0.0,1.0,0.0,83.53,1477,0.66,10.95,12.38,2026-07-05T23:11:22
e7a9d48929,P8_clahe_den_desk_otsu,plyn_mo,Q2,5,14,0,0,100.0,1.0,1.0,1.0,0.0,1.0,0.0,81.82,1294,0.66,11.44,9.81,2026-07-05T23:11:43
c1cc715d8b,P0_baseline,plyn_mo,Q3,5,14,0,0,70.447,0.3571,0.3571,0.7857,0.338,1.0,0.0,47.75,267,0.25,0.0,8.75,2026-07-05T23:11:52
c1cc715d8b,P1_gray,plyn_mo,Q3,5,14,0,0,73.65,0.2857,0.2857,0.8571,0.3131,1.0,0.0,36.67,621,0.25,0.01,11.59,2026-07-05T23:12:04
c1cc715d8b,P2_gray_otsu,plyn_mo,Q3,5,14,0,0,50.087,0.0714,0.2143,0.4286,0.5391,1.0,0.0,26.35,633,0.25,0.04,11.78,2026-07-05T23:12:16
c1cc715d8b,P3_gray_adaptive,plyn_mo,Q3,5,14,0,0,51.31,0.0,0.0,0.2143,0.6179,,,33.86,1175,0.25,0.24,22.38,2026-07-05T23:12:38
c1cc715d8b,P4_gray_denoise,plyn_mo,Q3,5,14,0,0,75.158,0.2143,0.3571,0.7857,0.2697,1.0,0.0,49.78,776,0.25,10.78,8.96,2026-07-05T23:12:58
c1cc715d8b,P5_gray_clahe,plyn_mo,Q3,5,14,0,0,61.896,0.2143,0.2143,0.5,0.4642,1.0,0.0,40.32,372,0.25,0.06,9.06,2026-07-05T23:13:07
c1cc715d8b,P6_gray_denoise_otsu,plyn_mo,Q3,5,14,0,0,71.35,0.1429,0.3571,0.6429,0.3329,1.0,0.0,40.22,803,0.25,10.68,8.26,2026-07-05T23:13:26
c1cc715d8b,P7_gray_clahe_denoise,plyn_mo,Q3,5,14,0,0,65.321,0.2143,0.2857,0.5714,0.4432,1.0,0.0,42.82,484,0.25,11.09,8.44,2026-07-05T23:13:46
c1cc715d8b,P8_clahe_den_desk_otsu,plyn_mo,Q3,5,14,0,0,47.362,0.0,0.0,0.5,0.6302,,,28.23,469,0.25,11.19,7.25,2026-07-05T23:14:04
621660860e,P0_baseline,plyn_vo,Q1,4,13,0,0,94.444,0.6923,0.6923,0.9231,0.0556,1.0,0.0,79.04,1838,0.49,0.0,13.97,2026-07-05T23:14:19
621660860e,P1_gray,plyn_vo,Q1,4,13,0,0,94.444,0.6923,0.6923,0.9231,0.0641,1.0,0.0,84.48,1695,0.49,0.01,10.76,2026-07-05T23:14:30
621660860e,P2_gray_otsu,plyn_vo,Q1,4,13,0,0,94.444,0.6923,0.6923,0.9231,0.0812,1.0,0.0,85.73,1697,0.49,0.03,9.81,2026-07-05T23:14:40
621660860e,P3_gray_adaptive,plyn_vo,Q1,4,13,0,0,94.444,0.6923,0.6923,0.9231,0.0812,1.0,0.0,79.39,1660,0.49,0.2,9.31,2026-07-05T23:14:49
621660860e,P4_gray_denoise,plyn_vo,Q1,4,13,0,0,94.444,0.6923,0.6923,0.9231,0.0812,1.0,0.0,85.92,1678,0.49,8.73,10.38,2026-07-05T23:15:08
621660860e,P5_gray_clahe,plyn_vo,Q1,4,13,0,0,94.444,0.6923,0.6923,0.9231,0.0641,1.0,0.0,77.34,1936,0.49,0.05,11.97,2026-07-05T23:15:20
621660860e,P6_gray_denoise_otsu,plyn_vo,Q1,4,13,0,0,94.444,0.6923,0.6923,0.9231,0.0556,1.0,0.0,86.69,1671,0.49,8.84,9.98,2026-07-05T23:15:39
621660860e,P7_gray_clahe_denoise,plyn_vo,Q1,4,13,0,0,94.444,0.6923,0.6923,0.9231,0.0556,1.0,0.0,78.84,1875,0.49,8.72,12.26,2026-07-05T23:16:00
621660860e,P8_clahe_den_desk_otsu,plyn_vo,Q1,4,13,0,0,94.444,0.6923,0.6923,0.9231,0.1026,1.0,0.0,82.55,1523,0.49,9.13,9.57,2026-07-05T23:16:19
c0d44c631a,P0_baseline,plyn_vo,Q2,3,13,0,0,91.071,0.6154,0.6154,0.8462,0.116,1.0,0.0,87.21,1461,0.36,0.0,10.39,2026-07-05T23:16:30
c0d44c631a,P1_gray,plyn_vo,Q2,3,13,0,0,91.071,0.6154,0.6154,0.8462,0.116,1.0,0.0,87.21,1461,0.36,0.01,8.62,2026-07-05T23:16:39
c0d44c631a,P2_gray_otsu,plyn_vo,Q2,3,13,0,0,91.071,0.6154,0.6154,0.8462,0.116,1.0,0.0,84.65,1461,0.36,0.03,8.15,2026-07-05T23:16:47
c0d44c631a,P3_gray_adaptive,plyn_vo,Q2,3,13,0,0,91.071,0.6154,0.6154,0.8462,0.1288,1.0,0.0,80.31,1455,0.36,0.15,7.76,2026-07-05T23:16:55
c0d44c631a,P4_gray_denoise,plyn_vo,Q2,3,13,0,0,91.071,0.6154,0.6154,0.8462,0.116,1.0,0.0,87.63,1460,0.36,6.48,8.61,2026-07-05T23:17:10
c0d44c631a,P5_gray_clahe,plyn_vo,Q2,3,13,0,0,91.071,0.6154,0.6154,0.8462,0.116,1.0,0.0,83.82,1482,0.36,0.03,8.85,2026-07-05T23:17:19
c0d44c631a,P6_gray_denoise_otsu,plyn_vo,Q2,3,13,0,0,91.071,0.6154,0.6154,0.8462,0.1074,1.0,0.0,84.64,1455,0.36,6.76,8.18,2026-07-05T23:17:34
c0d44c631a,P7_gray_clahe_denoise,plyn_vo,Q2,3,13,0,0,91.071,0.6154,0.6154,0.8462,0.0989,1.0,0.0,85.56,1475,0.36,6.84,8.75,2026-07-05T23:17:49
c0d44c631a,P8_clahe_den_desk_otsu,plyn_vo,Q2,3,13,0,0,91.071,0.6154,0.6154,0.8462,0.1074,1.0,0.0,83.1,1482,0.36,6.85,8.21,2026-07-05T23:18:05
8c1e89025c,P0_baseline,plyn_vo,Q3,4,13,0,0,86.838,0.6154,0.6154,0.6923,0.2068,1.0,0.0,61.34,1152,0.47,0.0,10.42,2026-07-05T23:18:15
8c1e89025c,P1_gray,plyn_vo,Q3,4,13,0,0,86.838,0.6154,0.6154,0.6923,0.2068,1.0,0.0,61.38,1152,0.47,0.01,8.41,2026-07-05T23:18:24
8c1e89025c,P2_gray_otsu,plyn_vo,Q3,4,13,0,0,85.632,0.3846,0.6154,0.7692,0.2056,1.0,0.0,47.94,1180,0.47,0.04,8.04,2026-07-05T23:18:32
8c1e89025c,P3_gray_adaptive,plyn_vo,Q3,4,13,0,0,89.778,0.5385,0.6154,0.8462,0.1022,1.0,0.0,51.84,1172,0.47,0.2,8.11,2026-07-05T23:18:40
8c1e89025c,P4_gray_denoise,plyn_vo,Q3,4,13,0,0,90.111,0.6154,0.6923,0.8462,0.0989,1.0,0.0,60.46,1397,0.47,8.68,9.68,2026-07-05T23:18:59
8c1e89025c,P5_gray_clahe,plyn_vo,Q3,4,13,0,0,86.244,0.3846,0.4615,0.8462,0.1739,1.0,0.0,62.42,756,0.47,0.05,10.62,2026-07-05T23:19:10
8c1e89025c,P6_gray_denoise_otsu,plyn_vo,Q3,4,13,0,0,87.718,0.3846,0.6154,0.8462,0.1399,1.0,0.0,48.78,1441,0.47,8.87,9.44,2026-07-05T23:19:28
8c1e89025c,P7_gray_clahe_denoise,plyn_vo,Q3,4,13,0,0,88.765,0.4615,0.6154,0.8462,0.1374,1.0,0.0,63.84,772,0.47,8.78,10.82,2026-07-05T23:19:48
8c1e89025c,P8_clahe_den_desk_otsu,plyn_vo,Q3,4,13,0,0,89.641,0.5385,0.6154,0.8462,0.119,1.0,0.0,53.28,753,0.47,9.19,9.16,2026-07-05T23:20:06
2efa5422f4,P0_baseline,teplo,Q1,1,12,0,0,85.208,0.75,0.75,0.75,0.1854,1.0,0.0,83.75,164,0.13,0.0,1.8,2026-07-05T23:20:08
2efa5422f4,P1_gray,teplo,Q1,1,12,0,0,85.208,0.75,0.75,0.75,0.1854,1.0,0.0,83.75,164,0.13,0.0,1.42,2026-07-05T23:20:09
2efa5422f4,P2_gray_otsu,teplo,Q1,1,12,0,0,85.208,0.75,0.75,0.75,0.1854,1.0,0.0,83.03,165,0.13,0.01,1.36,2026-07-05T23:20:11
2efa5422f4,P3_gray_adaptive,teplo,Q1,1,12,0,0,85.208,0.75,0.75,0.75,0.1854,1.0,0.0,82.11,166,0.13,0.05,1.39,2026-07-05T23:20:12
2efa5422f4,P4_gray_denoise,teplo,Q1,1,12,0,0,85.208,0.75,0.75,0.75,0.1854,1.0,0.0,85.05,161,0.13,2.22,1.39,2026-07-05T23:20:16
2efa5422f4,P5_gray_clahe,teplo,Q1,1,12,0,0,79.63,0.75,0.75,0.75,0.2222,1.0,0.0,71.21,211,0.13,0.01,1.82,2026-07-05T23:20:18
2efa5422f4,P6_gray_denoise_otsu,teplo,Q1,1,12,0,0,85.208,0.75,0.75,0.75,0.1854,1.0,0.0,82.01,164,0.13,2.29,1.34,2026-07-05T23:20:21
2efa5422f4,P7_gray_clahe_denoise,teplo,Q1,1,12,0,0,79.762,0.75,0.75,0.75,0.225,1.0,0.0,83.74,171,0.13,2.18,1.35,2026-07-05T23:20:25
2efa5422f4,P8_clahe_den_desk_otsu,teplo,Q1,1,12,0,0,79.762,0.75,0.75,0.75,0.2262,1.0,0.0,81.21,177,0.13,2.24,1.45,2026-07-05T23:20:28
d82e583f87,P0_baseline,teplo,Q2,1,12,0,0,96.991,0.8333,0.8333,1.0,0.0405,1.0,0.0,86.93,146,0.12,0.0,1.94,2026-07-05T23:20:31
d82e583f87,P1_gray,teplo,Q2,1,12,0,0,96.991,0.8333,0.8333,1.0,0.0405,1.0,0.0,86.62,146,0.12,0.0,1.66,2026-07-05T23:20:32
d82e583f87,P2_gray_otsu,teplo,Q2,1,12,0,0,96.991,0.8333,0.8333,1.0,0.0405,1.0,0.0,82.24,156,0.12,0.01,1.28,2026-07-05T23:20:34
d82e583f87,P3_gray_adaptive,teplo,Q2,1,12,0,0,96.296,0.8333,0.8333,0.9167,0.0509,1.0,0.0,77.87,169,0.12,0.05,1.45,2026-07-05T23:20:35
d82e583f87,P4_gray_denoise,teplo,Q2,1,12,0,0,96.991,0.8333,0.8333,1.0,0.0405,1.0,0.0,86.49,148,0.12,2.23,1.43,2026-07-05T23:20:39
d82e583f87,P5_gray_clahe,teplo,Q2,1,12,0,0,96.991,0.8333,0.8333,1.0,0.0405,1.0,0.0,85.83,148,0.12,0.01,1.47,2026-07-05T23:20:40
d82e583f87,P6_gray_denoise_otsu,teplo,Q2,1,12,0,0,96.991,0.8333,0.8333,1.0,0.0405,1.0,0.0,81.7,153,0.12,2.21,1.29,2026-07-05T23:20:44
d82e583f87,P7_gray_clahe_denoise,teplo,Q2,1,12,0,0,96.991,0.8333,0.8333,1.0,0.0405,1.0,0.0,87.45,146,0.12,2.13,1.51,2026-07-05T23:20:47
d82e583f87,P8_clahe_den_desk_otsu,teplo,Q2,1,12,0,0,96.991,0.8333,0.8333,1.0,0.0405,1.0,0.0,83.3,153,0.12,2.39,1.22,2026-07-05T23:20:51
2c71c26e73,P0_baseline,teplo,Q3,1,12,0,0,79.862,0.1667,0.25,0.6667,0.258,1.0,0.0,50.16,138,0.12,0.0,1.61,2026-07-05T23:20:53
2c71c26e73,P1_gray,teplo,Q3,1,12,0,0,79.862,0.1667,0.25,0.6667,0.258,1.0,0.0,50.16,138,0.12,0.0,1.28,2026-07-05T23:20:54
2c71c26e73,P2_gray_otsu,teplo,Q3,1,12,0,0,37.734,0.0,0.0833,0.25,0.7027,1.0,0.0,36.7,163,0.12,0.01,1.35,2026-07-05T23:20:55
2c71c26e73,P3_gray_adaptive,teplo,Q3,1,12,0,0,68.957,0.1667,0.3333,0.6667,0.3496,1.0,0.0,42.46,157,0.12,0.05,1.55,2026-07-05T23:20:57
2c71c26e73,P4_gray_denoise,teplo,Q3,1,12,0,0,79.138,0.1667,0.1667,0.6667,0.2643,1.0,0.0,49.09,142,0.12,2.21,1.24,2026-07-05T23:21:00
2c71c26e73,P5_gray_clahe,teplo,Q3,1,12,0,0,78.54,0.25,0.25,0.5,0.2703,1.0,0.0,44.91,142,0.12,0.01,1.15,2026-07-05T23:21:02
2c71c26e73,P6_gray_denoise_otsu,teplo,Q3,1,12,0,0,52.313,0.0,0.0,0.25,0.5899,,,36.66,156,0.12,2.13,1.38,2026-07-05T23:21:05
2c71c26e73,P7_gray_clahe_denoise,teplo,Q3,1,12,0,0,73.17,0.1667,0.1667,0.5833,0.3406,1.0,0.0,47.23,150,0.12,2.26,1.21,2026-07-05T23:21:09
2c71c26e73,P8_clahe_den_desk_otsu,teplo,Q3,1,12,0,0,54.744,0.0833,0.0833,0.25,0.558,1.0,0.0,36.53,135,0.12,2.23,1.39,2026-07-05T23:21:12
ea19b99505,P0_baseline,voda,Q1,6,14,1,0,99.812,0.9286,1.0,1.0,0.0019,1.0,0.0,87.45,1480,0.84,0.0,13.63,2026-07-05T23:21:27
ea19b99505,P1_gray,voda,Q1,6,14,1,0,99.812,0.9286,1.0,1.0,0.0019,1.0,0.0,86.63,1479,0.84,0.02,10.84,2026-07-05T23:21:38
ea19b99505,P2_gray_otsu,voda,Q1,6,14,1,0,99.812,0.9286,1.0,1.0,0.0019,1.0,0.0,87.11,1484,0.84,0.05,9.54,2026-07-05T23:21:47
ea19b99505,P3_gray_adaptive,voda,Q1,6,14,1,0,99.812,0.9286,1.0,1.0,0.0019,1.0,0.0,82.22,1568,0.84,0.3,9.75,2026-07-05T23:21:57
ea19b99505,P4_gray_denoise,voda,Q1,6,14,1,0,99.812,0.9286,1.0,1.0,0.0019,1.0,0.0,86.96,1483,0.84,13.01,10.66,2026-07-05T23:22:21
ea19b99505,P5_gray_clahe,voda,Q1,6,14,1,0,99.812,0.9286,1.0,1.0,0.0019,1.0,0.0,86.48,1505,0.84,0.07,10.71,2026-07-05T23:22:32
ea19b99505,P6_gray_denoise_otsu,voda,Q1,6,14,1,0,99.812,0.9286,1.0,1.0,0.0019,1.0,0.0,87.21,1487,0.84,13.24,9.65,2026-07-05T23:22:55
ea19b99505,P7_gray_clahe_denoise,voda,Q1,6,14,1,0,99.812,0.9286,1.0,1.0,0.0019,1.0,0.0,86.71,1507,0.84,13.19,10.95,2026-07-05T23:23:19
ea19b99505,P8_clahe_den_desk_otsu,voda,Q1,6,14,1,0,99.812,0.9286,1.0,1.0,0.0019,1.0,0.0,87.01,1520,0.84,13.56,9.48,2026-07-05T23:23:42
8b92765cdd,P0_baseline,voda,Q2,8,12,3,1,99.781,0.9167,1.0,1.0,0.0022,1.0,0.0,82.36,1231,0.48,0.0,15.09,2026-07-05T23:23:58
8b92765cdd,P1_gray,voda,Q2,8,12,3,1,99.781,0.9167,1.0,1.0,0.0022,1.0,0.0,81.77,1313,0.48,0.02,11.43,2026-07-05T23:24:09
8b92765cdd,P2_gray_otsu,voda,Q2,8,12,3,1,98.739,0.8333,0.9167,1.0,0.023,1.0,0.0,67.98,1337,0.48,0.06,10.16,2026-07-05T23:24:20
8b92765cdd,P3_gray_adaptive,voda,Q2,8,12,3,1,99.781,0.9167,1.0,1.0,0.0044,1.0,0.0,62.91,1505,0.48,0.4,11.17,2026-07-05T23:24:31
8b92765cdd,P4_gray_denoise,voda,Q2,8,12,3,1,99.781,0.9167,1.0,1.0,0.0022,1.0,0.0,83.57,1301,0.48,17.6,11.5,2026-07-05T23:25:01
8b92765cdd,P5_gray_clahe,voda,Q2,8,12,3,1,99.781,0.9167,1.0,1.0,0.0022,1.0,0.0,74.11,1062,0.48,0.09,16.56,2026-07-05T23:25:17
8b92765cdd,P6_gray_denoise_otsu,voda,Q2,8,12,3,1,98.392,0.8333,0.9167,1.0,0.0161,1.0,0.0,70.46,1307,0.48,17.63,10.59,2026-07-05T23:25:46
8b92765cdd,P7_gray_clahe_denoise,voda,Q2,8,12,3,1,99.781,0.9167,1.0,1.0,0.0022,1.0,0.0,78.96,1139,0.48,17.45,13.56,2026-07-05T23:26:17
8b92765cdd,P8_clahe_den_desk_otsu,voda,Q2,8,12,3,1,99.781,0.9167,1.0,1.0,0.0044,1.0,0.0,68.59,1093,0.48,18.01,10.89,2026-07-05T23:26:46
8c215e2a0c,P0_baseline,voda,Q3,4,15,0,0,57.695,0.2,0.3333,0.3333,0.4479,1.0,0.0,50.99,533,0.19,0.0,12.5,2026-07-05T23:26:58
8c215e2a0c,P1_gray,voda,Q3,4,15,0,0,57.257,0.2,0.2,0.4,0.4812,1.0,0.0,46.26,958,0.19,0.01,14.13,2026-07-05T23:27:12
8c215e2a0c,P2_gray_otsu,voda,Q3,4,15,0,0,54.011,0.1333,0.1333,0.2667,0.5033,1.0,0.0,38.23,915,0.19,0.03,13.72,2026-07-05T23:27:26
8c215e2a0c,P3_gray_adaptive,voda,Q3,4,15,0,0,70.856,0.2,0.4,0.5333,0.3565,1.0,0.0,42.98,1217,0.19,0.2,33.88,2026-07-05T23:28:00
8c215e2a0c,P4_gray_denoise,voda,Q3,4,15,0,0,58.584,0.2,0.2667,0.4667,0.4919,1.0,0.0,51.93,906,0.19,8.54,11.79,2026-07-05T23:28:21
8c215e2a0c,P5_gray_clahe,voda,Q3,4,15,0,0,58.671,0.2,0.2667,0.4,0.4355,1.0,0.0,38.72,458,0.19,0.04,8.33,2026-07-05T23:28:29
8c215e2a0c,P6_gray_denoise_otsu,voda,Q3,4,15,0,0,59.376,0.1333,0.2667,0.6,0.4667,1.0,0.0,43.5,885,0.19,8.58,11.17,2026-07-05T23:28:49
8c215e2a0c,P7_gray_clahe_denoise,voda,Q3,4,15,0,0,61.256,0.2,0.2667,0.3333,0.4555,1.0,0.0,48.81,407,0.19,8.74,8.24,2026-07-05T23:29:06
8c215e2a0c,P8_clahe_den_desk_otsu,voda,Q3,4,15,0,0,59.32,0.1333,0.2667,0.2667,0.4852,1.0,0.0,37.14,415,0.19,8.96,6.98,2026-07-05T23:29:22
4e848a5c53,P0_baseline,elektrina_nn,Q1,7,14,0,0,100.0,1.0,1.0,1.0,0.0,1.0,0.0,80.52,2451,0.8,0.0,21.04,2026-07-05T23:29:44
4e848a5c53,P1_gray,elektrina_nn,Q1,7,14,0,0,99.603,0.9286,1.0,1.0,0.0079,1.0,0.0,87.3,2488,0.8,0.02,16.29,2026-07-05T23:30:00
4e848a5c53,P2_gray_otsu,elektrina_nn,Q1,7,14,0,0,99.603,0.9286,1.0,1.0,0.0079,1.0,0.0,85.76,2497,0.8,0.06,14.83,2026-07-05T23:30:15
4e848a5c53,P3_gray_adaptive,elektrina_nn,Q1,7,14,0,0,98.571,0.8571,1.0,1.0,0.0143,1.0,0.0,77.86,2496,0.8,0.35,15.6,2026-07-05T23:30:31
4e848a5c53,P4_gray_denoise,elektrina_nn,Q1,7,14,0,0,99.603,0.9286,1.0,1.0,0.0079,1.0,0.0,87.19,2493,0.8,15.24,15.99,2026-07-05T23:31:03
4e848a5c53,P5_gray_clahe,elektrina_nn,Q1,7,14,0,0,100.0,1.0,1.0,1.0,0.0,1.0,0.0,74.67,2598,0.8,0.09,19.08,2026-07-05T23:31:22
4e848a5c53,P6_gray_denoise_otsu,elektrina_nn,Q1,7,14,0,0,99.603,0.9286,1.0,1.0,0.0079,1.0,0.0,85.61,2505,0.8,17.2,15.82,2026-07-05T23:31:55
4e848a5c53,P7_gray_clahe_denoise,elektrina_nn,Q1,7,14,0,0,100.0,1.0,1.0,1.0,0.0,1.0,0.0,75.14,2565,0.8,16.83,18.81,2026-07-05T23:32:31
4e848a5c53,P8_clahe_den_desk_otsu,elektrina_nn,Q1,7,14,0,0,100.0,1.0,1.0,1.0,0.0,1.0,0.0,75.46,2236,0.8,18.74,16.66,2026-07-05T23:33:06
ff06bd0e55,P0_baseline,elektrina_nn,Q2,5,14,1,0,100.0,1.0,1.0,1.0,0.0,1.0,0.0,84.78,1681,0.64,0.0,16.95,2026-07-05T23:33:24
ff06bd0e55,P1_gray,elektrina_nn,Q2,5,14,1,0,100.0,1.0,1.0,1.0,0.0,1.0,0.0,85.33,1696,0.64,0.01,13.82,2026-07-05T23:33:38
ff06bd0e55,P2_gray_otsu,elektrina_nn,Q2,5,14,1,0,100.0,1.0,1.0,1.0,0.0,1.0,0.0,80.92,1704,0.64,0.04,11.9,2026-07-05T23:33:50
ff06bd0e55,P3_gray_adaptive,elektrina_nn,Q2,5,14,1,0,98.767,0.8571,0.9286,1.0,0.0123,1.0,0.0,72.78,1705,0.64,0.29,13.87,2026-07-05T23:34:04
ff06bd0e55,P4_gray_denoise,elektrina_nn,Q2,5,14,1,0,100.0,1.0,1.0,1.0,0.0,1.0,0.0,85.13,1649,0.64,12.08,12.16,2026-07-05T23:34:28
ff06bd0e55,P5_gray_clahe,elektrina_nn,Q2,5,14,1,0,91.964,0.8571,0.8571,0.9286,0.0804,1.0,0.0,79.13,1194,0.64,0.07,12.29,2026-07-05T23:34:41
ff06bd0e55,P6_gray_denoise_otsu,elektrina_nn,Q2,5,14,1,0,100.0,1.0,1.0,1.0,0.0,1.0,0.0,80.63,1652,0.64,12.59,10.91,2026-07-05T23:35:04
ff06bd0e55,P7_gray_clahe_denoise,elektrina_nn,Q2,5,14,1,0,92.857,0.9286,0.9286,0.9286,0.0714,1.0,0.0,82.1,1333,0.64,11.96,14.28,2026-07-05T23:35:31
ff06bd0e55,P8_clahe_den_desk_otsu,elektrina_nn,Q2,5,14,1,0,91.284,0.7857,0.8571,0.9286,0.0906,1.0,0.0,78.91,1321,0.64,13.08,12.23,2026-07-05T23:35:56
8f836d47d8,P0_baseline,elektrina_nn,Q3,5,14,1,2,81.165,0.5714,0.6429,0.8571,0.2041,1.0,0.0,63.02,1422,0.68,0.0,14.58,2026-07-05T23:36:11
8f836d47d8,P1_gray,elektrina_nn,Q3,5,14,1,2,81.165,0.5714,0.6429,0.8571,0.2041,1.0,0.0,63.01,1422,0.68,0.01,11.33,2026-07-05T23:36:23
8f836d47d8,P2_gray_otsu,elektrina_nn,Q3,5,14,1,2,96.981,0.7857,0.8571,1.0,0.0302,1.0,0.0,55.38,1425,0.68,0.05,11.21,2026-07-05T23:36:34
8f836d47d8,P3_gray_adaptive,elektrina_nn,Q3,5,14,1,2,93.588,0.5714,0.7143,0.9286,0.0675,1.0,0.0,57.2,1530,0.68,0.26,13.19,2026-07-05T23:36:48
8f836d47d8,P4_gray_denoise,elektrina_nn,Q3,5,14,1,2,95.451,0.7143,0.7857,1.0,0.0612,1.0,0.0,65.55,1485,0.68,12.4,12.43,2026-07-05T23:37:12
8f836d47d8,P5_gray_clahe,elektrina_nn,Q3,5,14,1,2,72.698,0.2857,0.3571,0.6429,0.2832,1.0,0.0,62.76,1014,0.68,0.06,12.74,2026-07-05T23:37:25
8f836d47d8,P6_gray_denoise_otsu,elektrina_nn,Q3,5,14,1,2,96.981,0.7857,0.8571,1.0,0.0302,1.0,0.0,56.85,1488,0.68,12.4,12.17,2026-07-05T23:37:50
8f836d47d8,P7_gray_clahe_denoise,elektrina_nn,Q3,5,14,1,2,86.998,0.5714,0.6429,0.9286,0.13,1.0,0.0,63.95,1056,0.68,12.41,13.58,2026-07-05T23:38:16
8f836d47d8,P8_clahe_den_desk_otsu,elektrina_nn,Q3,5,14,1,2,91.606,0.5714,0.7143,0.8571,0.0995,1.0,0.0,54.38,998,0.68,13.43,14.07,2026-07-05T23:38:44
3cdb7c6038,P0_baseline,elektrina_vn,Q1,4,12,0,0,91.181,0.5833,0.5833,0.9167,0.116,1.0,0.0,84.88,1329,0.48,0.0,10.95,2026-07-05T23:38:55
3cdb7c6038,P1_gray,elektrina_vn,Q1,4,12,0,0,91.181,0.5833,0.5833,0.9167,0.116,1.0,0.0,84.88,1329,0.48,0.01,8.87,2026-07-05T23:39:04
3cdb7c6038,P2_gray_otsu,elektrina_vn,Q1,4,12,0,0,91.181,0.5833,0.5833,0.9167,0.116,1.0,0.0,82.05,1335,0.48,0.04,8.8,2026-07-05T23:39:13
3cdb7c6038,P3_gray_adaptive,elektrina_vn,Q1,4,12,0,0,95.556,0.8333,0.8333,0.9167,0.0722,1.0,0.0,84.06,1308,0.48,0.22,8.81,2026-07-05T23:39:22
3cdb7c6038,P4_gray_denoise,elektrina_vn,Q1,4,12,0,0,90.556,0.5833,0.5833,0.9167,0.1306,1.0,0.0,86.18,1336,0.48,8.89,8.65,2026-07-05T23:39:40
3cdb7c6038,P5_gray_clahe,elektrina_vn,Q1,4,12,0,0,95.556,0.8333,0.8333,0.9167,0.0722,1.0,0.0,87.7,1269,0.48,0.04,8.38,2026-07-05T23:39:48
3cdb7c6038,P6_gray_denoise_otsu,elektrina_vn,Q1,4,12,0,0,90.556,0.5833,0.5833,0.9167,0.1306,1.0,0.0,83.57,1342,0.48,8.7,8.08,2026-07-05T23:40:05
3cdb7c6038,P7_gray_clahe_denoise,elektrina_vn,Q1,4,12,0,0,95.556,0.8333,0.8333,0.9167,0.0722,1.0,0.0,88.15,1266,0.48,8.6,8.45,2026-07-05T23:40:22
3cdb7c6038,P8_clahe_den_desk_otsu,elektrina_vn,Q1,4,12,0,0,95.707,0.8333,0.8333,0.9167,0.0783,1.0,0.0,85.32,1322,0.48,8.82,8.3,2026-07-05T23:40:39
b54932e448,P0_baseline,elektrina_vn,Q2,4,12,0,0,95.139,0.8333,0.8333,0.9167,0.0729,1.0,0.0,84.29,1346,0.47,0.0,11.16,2026-07-05T23:40:51
b54932e448,P1_gray,elektrina_vn,Q2,4,12,0,0,95.139,0.8333,0.8333,0.9167,0.0729,1.0,0.0,83.85,1343,0.47,0.01,9.16,2026-07-05T23:41:00
b54932e448,P2_gray_otsu,elektrina_vn,Q2,4,12,0,0,95.139,0.8333,0.8333,0.9167,0.059,1.0,0.0,80.82,1366,0.47,0.03,8.48,2026-07-05T23:41:09
b54932e448,P3_gray_adaptive,elektrina_vn,Q2,4,12,0,0,94.097,0.75,0.75,0.9167,0.0694,1.0,0.0,82.04,1263,0.47,0.2,7.78,2026-07-05T23:41:17
b54932e448,P4_gray_denoise,elektrina_vn,Q2,4,12,0,0,95.139,0.8333,0.8333,0.9167,0.059,1.0,0.0,85.74,1368,0.47,8.54,9.03,2026-07-05T23:41:34
b54932e448,P5_gray_clahe,elektrina_vn,Q2,4,12,0,0,95.139,0.8333,0.8333,0.9167,0.059,1.0,0.0,86.8,1006,0.47,0.04,8.72,2026-07-05T23:41:43
b54932e448,P6_gray_denoise_otsu,elektrina_vn,Q2,4,12,0,0,95.139,0.8333,0.8333,0.9167,0.0729,1.0,0.0,82.58,1377,0.47,8.73,8.7,2026-07-05T23:42:01
b54932e448,P7_gray_clahe_denoise,elektrina_vn,Q2,4,12,0,0,95.139,0.8333,0.8333,0.9167,0.0729,1.0,0.0,87.47,1035,0.47,8.59,9.04,2026-07-05T23:42:18
b54932e448,P8_clahe_den_desk_otsu,elektrina_vn,Q2,4,12,0,0,95.139,0.8333,0.8333,0.9167,0.0729,1.0,0.0,83.7,1038,0.47,8.92,8.3,2026-07-05T23:42:36
fa53a1c319,P0_baseline,elektrina_vn,Q3,4,12,0,0,92.5,0.6667,0.6667,0.9167,0.0958,1.0,0.0,86.91,1202,0.49,0.0,12.22,2026-07-05T23:42:48
fa53a1c319,P1_gray,elektrina_vn,Q3,4,12,0,0,92.5,0.6667,0.6667,0.9167,0.0958,1.0,0.0,86.84,1201,0.49,0.01,9.54,2026-07-05T23:42:58
fa53a1c319,P2_gray_otsu,elektrina_vn,Q3,4,12,0,0,91.875,0.6667,0.6667,0.9167,0.1125,1.0,0.0,84.17,1198,0.49,0.03,8.02,2026-07-05T23:43:06
fa53a1c319,P3_gray_adaptive,elektrina_vn,Q3,4,12,0,0,94.644,0.75,0.8333,0.9167,0.0825,1.0,0.0,64.31,1453,0.49,0.2,11.98,2026-07-05T23:43:18
fa53a1c319,P4_gray_denoise,elektrina_vn,Q3,4,12,0,0,91.875,0.6667,0.6667,0.9167,0.0917,1.0,0.0,87.45,1229,0.49,8.58,9.23,2026-07-05T23:43:36
fa53a1c319,P5_gray_clahe,elektrina_vn,Q3,4,12,0,0,91.875,0.6667,0.6667,0.9167,0.0917,1.0,0.0,83.95,904,0.49,0.04,8.37,2026-07-05T23:43:45
fa53a1c319,P6_gray_denoise_otsu,elektrina_vn,Q3,4,12,0,0,91.875,0.6667,0.6667,0.9167,0.0917,1.0,0.0,84.38,1230,0.49,8.98,10.61,2026-07-05T23:44:04
fa53a1c319,P7_gray_clahe_denoise,elektrina_vn,Q3,4,12,0,0,91.875,0.6667,0.6667,0.9167,0.1021,1.0,0.0,84.84,912,0.49,12.08,19.88,2026-07-05T23:44:36
fa53a1c319,P8_clahe_den_desk_otsu,elektrina_vn,Q3,4,12,0,0,91.875,0.6667,0.6667,0.9167,0.1125,1.0,0.0,85.8,911,0.49,12.89,16.33,2026-07-05T23:45:06
88901cb284,P0_baseline,plyn_mo,Q1,5,14,0,1,97.917,0.8571,0.9286,1.0,0.0208,1.0,0.0,86.55,2069,1.78,0.0,40.35,2026-07-05T23:45:48
88901cb284,P1_gray,plyn_mo,Q1,5,14,0,1,98.81,0.8571,0.9286,1.0,0.0208,1.0,0.0,86.64,2092,1.78,0.02,33.27,2026-07-05T23:46:21
88901cb284,P2_gray_otsu,plyn_mo,Q1,5,14,0,1,98.81,0.8571,0.9286,1.0,0.0208,1.0,0.0,86.81,2082,1.78,0.09,30.57,2026-07-05T23:46:52
88901cb284,P3_gray_adaptive,plyn_mo,Q1,5,14,0,1,98.81,0.8571,0.9286,1.0,0.0119,1.0,0.0,82.91,2050,1.78,0.51,29.45,2026-07-05T23:47:22
88901cb284,P4_gray_denoise,plyn_mo,Q1,5,14,0,1,98.81,0.8571,0.9286,1.0,0.0208,1.0,0.0,87.59,2068,1.78,15.26,33.21,2026-07-05T23:48:11
88901cb284,P5_gray_clahe,plyn_mo,Q1,5,14,0,1,98.81,0.8571,0.9286,1.0,0.0208,1.0,0.0,85.82,2147,1.78,0.17,33.8,2026-07-05T23:48:45
88901cb284,P6_gray_denoise_otsu,plyn_mo,Q1,5,14,0,1,98.81,0.8571,0.9286,1.0,0.0208,1.0,0.0,86.94,2079,1.78,15.39,29.96,2026-07-05T23:49:31
88901cb284,P7_gray_clahe_denoise,plyn_mo,Q1,5,14,0,1,98.81,0.8571,0.9286,1.0,0.0164,1.0,0.0,87.06,2104,1.78,14.99,32.72,2026-07-05T23:50:18
88901cb284,P8_clahe_den_desk_otsu,plyn_mo,Q1,5,14,0,1,97.917,0.8571,0.9286,1.0,0.0253,1.0,0.0,86.63,2097,1.78,16.09,30.81,2026-07-05T23:51:06
b336c64e17,P0_baseline,plyn_mo,Q2,5,14,0,0,99.702,0.9286,1.0,1.0,0.003,1.0,0.0,86.83,1656,1.52,0.0,43.47,2026-07-05T23:51:51
b336c64e17,P1_gray,plyn_mo,Q2,5,14,0,0,99.702,0.9286,1.0,1.0,0.003,1.0,0.0,86.9,1717,1.52,0.02,32.77,2026-07-05T23:52:24
b336c64e17,P2_gray_otsu,plyn_mo,Q2,5,14,0,0,99.256,0.8571,1.0,1.0,0.0119,1.0,0.0,85.84,1709,1.52,0.08,26.17,2026-07-05T23:52:50
b336c64e17,P3_gray_adaptive,plyn_mo,Q2,5,14,0,0,97.113,0.7857,0.9286,0.9286,0.0476,1.0,0.0,81.46,1615,1.52,0.53,30.02,2026-07-05T23:53:21
b336c64e17,P4_gray_denoise,plyn_mo,Q2,5,14,0,0,99.702,0.9286,1.0,1.0,0.003,1.0,0.0,87.8,1701,1.52,19.98,30.82,2026-07-05T23:54:12
b336c64e17,P5_gray_clahe,plyn_mo,Q2,5,14,0,0,99.702,0.9286,1.0,1.0,0.003,1.0,0.0,83.12,1632,1.52,0.16,33.63,2026-07-05T23:54:46
b336c64e17,P6_gray_denoise_otsu,plyn_mo,Q2,5,14,0,0,98.81,0.8571,0.9286,1.0,0.0119,1.0,0.0,85.84,1712,1.52,16.4,26.81,2026-07-05T23:55:29
b336c64e17,P7_gray_clahe_denoise,plyn_mo,Q2,5,14,0,0,99.702,0.9286,1.0,1.0,0.003,1.0,0.0,85.2,1654,1.52,16.53,31.48,2026-07-05T23:56:17
b336c64e17,P8_clahe_den_desk_otsu,plyn_mo,Q2,5,14,0,0,99.702,0.9286,1.0,1.0,0.003,1.0,0.0,85.76,1590,1.52,18.52,26.71,2026-07-05T23:57:02
66656f7619,P0_baseline,plyn_mo,Q3,6,14,0,0,74.018,0.2143,0.2143,0.7143,0.3263,1.0,0.0,38.3,1296,0.71,0.0,43.95,2026-07-05T23:57:47
66656f7619,P1_gray,plyn_mo,Q3,6,14,0,0,73.611,0.2143,0.2857,0.6429,0.3177,1.0,0.0,38.04,1803,0.71,0.03,48.53,2026-07-05T23:58:36
66656f7619,P2_gray_otsu,plyn_mo,Q3,6,14,0,0,56.399,0.0,0.0714,0.2857,0.5096,1.0,0.0,23.43,2012,0.71,0.11,58.34,2026-07-05T23:59:35
66656f7619,P3_gray_adaptive,plyn_mo,Q3,6,14,0,0,57.52,0.1429,0.1429,0.6429,0.4774,1.0,0.0,33.44,1637,0.71,0.73,114.78,2026-07-06T00:01:30
66656f7619,P4_gray_denoise,plyn_mo,Q3,6,14,0,0,76.964,0.2143,0.2857,0.7857,0.2857,1.0,0.0,51.13,2133,0.71,21.0,45.61,2026-07-06T00:02:37
66656f7619,P5_gray_clahe,plyn_mo,Q3,6,14,0,0,69.861,0.0714,0.2143,0.5714,0.3619,1.0,0.0,39.62,1309,0.71,0.22,49.19,2026-07-06T00:03:27
66656f7619,P6_gray_denoise_otsu,plyn_mo,Q3,6,14,0,0,67.728,0.0714,0.2143,0.6429,0.3741,1.0,0.0,38.74,2193,0.71,21.03,45.38,2026-07-06T00:04:33
66656f7619,P7_gray_clahe_denoise,plyn_mo,Q3,6,14,0,0,64.98,0.0714,0.1429,0.5714,0.3901,1.0,0.0,42.23,1206,0.71,20.34,48.2,2026-07-06T00:05:42
66656f7619,P8_clahe_den_desk_otsu,plyn_mo,Q3,6,14,0,0,54.135,0.0,0.0,0.2143,0.5675,,,28.46,1221,0.71,21.97,44.86,2026-07-06T00:06:49
10b64dc6be,P0_baseline,plyn_vo,Q1,4,13,0,0,92.201,0.6923,0.6923,0.9231,0.1165,1.0,0.0,86.48,1640,1.29,0.0,32.09,2026-07-06T00:07:23
10b64dc6be,P1_gray,plyn_vo,Q1,4,13,0,0,92.201,0.6923,0.6923,0.9231,0.1165,1.0,0.0,86.49,1640,1.29,0.02,26.97,2026-07-06T00:07:50
10b64dc6be,P2_gray_otsu,plyn_vo,Q1,4,13,0,0,92.201,0.6923,0.6923,0.9231,0.1165,1.0,0.0,85.91,1640,1.29,0.08,25.91,2026-07-06T00:08:16
10b64dc6be,P3_gray_adaptive,plyn_vo,Q1,4,13,0,0,92.201,0.6923,0.6923,0.9231,0.1165,1.0,0.0,81.95,1657,1.29,0.51,25.62,2026-07-06T00:08:42
10b64dc6be,P4_gray_denoise,plyn_vo,Q1,4,13,0,0,92.201,0.6923,0.6923,0.9231,0.1165,1.0,0.0,86.86,1627,1.29,13.81,26.27,2026-07-06T00:09:22
10b64dc6be,P5_gray_clahe,plyn_vo,Q1,4,13,0,0,93.162,0.6923,0.6923,1.0,0.0972,1.0,0.0,81.71,1777,1.29,0.14,28.11,2026-07-06T00:09:51
10b64dc6be,P6_gray_denoise_otsu,plyn_vo,Q1,4,13,0,0,92.201,0.6923,0.6923,0.9231,0.1165,1.0,0.0,85.71,1634,1.29,14.01,24.46,2026-07-06T00:10:30
10b64dc6be,P7_gray_clahe_denoise,plyn_vo,Q1,4,13,0,0,92.201,0.6923,0.6923,0.9231,0.1068,1.0,0.0,84.31,1736,1.29,13.61,29.31,2026-07-06T00:11:13
10b64dc6be,P8_clahe_den_desk_otsu,plyn_vo,Q1,4,13,0,0,93.162,0.6923,0.6923,1.0,0.0972,1.0,0.0,83.77,1749,1.29,14.8,25.15,2026-07-06T00:11:53
bb238f7e36,P0_baseline,plyn_vo,Q2,4,13,0,0,96.593,0.8462,0.8462,0.9231,0.0418,1.0,0.0,84.64,1643,1.35,0.0,32.4,2026-07-06T00:12:27
bb238f7e36,P1_gray,plyn_vo,Q2,4,13,0,0,96.593,0.8462,0.8462,0.9231,0.0418,1.0,0.0,85.36,1610,1.35,0.02,27.17,2026-07-06T00:12:54
bb238f7e36,P2_gray_otsu,plyn_vo,Q2,4,13,0,0,96.593,0.8462,0.8462,0.9231,0.0418,1.0,0.0,84.88,1610,1.35,0.07,25.94,2026-07-06T00:13:20
bb238f7e36,P3_gray_adaptive,plyn_vo,Q2,4,13,0,0,96.593,0.8462,0.8462,0.9231,0.0418,1.0,0.0,78.67,1596,1.35,0.48,25.19,2026-07-06T00:13:46
bb238f7e36,P4_gray_denoise,plyn_vo,Q2,4,13,0,0,96.593,0.8462,0.8462,0.9231,0.0418,1.0,0.0,87.23,1606,1.35,14.26,26.99,2026-07-06T00:14:27
bb238f7e36,P5_gray_clahe,plyn_vo,Q2,4,13,0,0,96.593,0.8462,0.8462,0.9231,0.0418,1.0,0.0,80.03,1651,1.35,0.14,28.34,2026-07-06T00:14:56
bb238f7e36,P6_gray_denoise_otsu,plyn_vo,Q2,4,13,0,0,96.593,0.8462,0.8462,0.9231,0.0418,1.0,0.0,85.73,1599,1.35,13.88,25.11,2026-07-06T00:15:35
bb238f7e36,P7_gray_clahe_denoise,plyn_vo,Q2,4,13,0,0,96.593,0.8462,0.8462,0.9231,0.0418,1.0,0.0,81.29,1667,1.35,14.81,28.74,2026-07-06T00:16:19
bb238f7e36,P8_clahe_den_desk_otsu,plyn_vo,Q2,4,13,0,0,96.593,0.8462,0.8462,0.9231,0.0418,1.0,0.0,81.49,1681,1.35,15.55,27.13,2026-07-06T00:17:02
73c97e51b4,P0_baseline,plyn_vo,Q3,3,13,0,0,95.238,0.6923,0.6923,1.0,0.0604,1.0,0.0,85.48,1295,0.93,0.0,27.22,2026-07-06T00:17:30
73c97e51b4,P1_gray,plyn_vo,Q3,3,13,0,0,95.238,0.6923,0.6923,1.0,0.0604,1.0,0.0,85.53,1294,0.93,0.01,22.91,2026-07-06T00:17:53
73c97e51b4,P2_gray_otsu,plyn_vo,Q3,3,13,0,0,95.238,0.6923,0.6923,1.0,0.0604,1.0,0.0,83.03,1271,0.93,0.06,22.67,2026-07-06T00:18:16
73c97e51b4,P3_gray_adaptive,plyn_vo,Q3,3,13,0,0,92.046,0.5385,0.6154,0.9231,0.0924,1.0,0.0,80.03,989,0.93,0.36,17.71,2026-07-06T00:18:34
73c97e51b4,P4_gray_denoise,plyn_vo,Q3,3,13,0,0,95.238,0.6923,0.6923,1.0,0.0604,1.0,0.0,87.01,1223,0.93,11.0,21.58,2026-07-06T00:19:07
73c97e51b4,P5_gray_clahe,plyn_vo,Q3,3,13,0,0,92.353,0.6154,0.6154,0.9231,0.1277,1.0,0.0,82.47,1099,0.93,0.09,21.03,2026-07-06T00:19:28
73c97e51b4,P6_gray_denoise_otsu,plyn_vo,Q3,3,13,0,0,95.238,0.6923,0.6923,1.0,0.0604,1.0,0.0,83.2,1222,0.93,11.13,21.12,2026-07-06T00:20:01
73c97e51b4,P7_gray_clahe_denoise,plyn_vo,Q3,3,13,0,0,92.353,0.6154,0.6154,0.9231,0.1277,1.0,0.0,85.66,1017,0.93,11.28,20.11,2026-07-06T00:20:32
73c97e51b4,P8_clahe_den_desk_otsu,plyn_vo,Q3,3,13,0,0,92.353,0.6154,0.6154,0.9231,0.1277,1.0,0.0,84.12,1024,0.93,12.32,18.02,2026-07-06T00:21:03
63efb64610,P0_baseline,teplo,Q1,1,12,0,0,91.389,0.75,0.75,0.75,0.1333,1.0,0.0,85.8,152,0.31,0.0,4.51,2026-07-06T00:21:08
63efb64610,P1_gray,teplo,Q1,1,12,0,0,91.389,0.75,0.75,0.75,0.1333,1.0,0.0,85.8,152,0.31,0.0,3.67,2026-07-06T00:21:11
63efb64610,P2_gray_otsu,teplo,Q1,1,12,0,0,91.389,0.75,0.75,0.75,0.1472,1.0,0.0,81.99,154,0.31,0.03,3.4,2026-07-06T00:21:15
63efb64610,P3_gray_adaptive,teplo,Q1,1,12,0,0,91.389,0.75,0.75,0.75,0.1333,1.0,0.0,80.53,161,0.31,0.11,3.3,2026-07-06T00:21:18
63efb64610,P4_gray_denoise,teplo,Q1,1,12,0,0,91.389,0.75,0.75,0.75,0.1472,1.0,0.0,85.47,155,0.31,3.47,3.62,2026-07-06T00:21:25
63efb64610,P5_gray_clahe,teplo,Q1,1,12,0,0,91.389,0.75,0.75,0.75,0.1333,1.0,0.0,83.37,166,0.31,0.04,3.4,2026-07-06T00:21:29
63efb64610,P6_gray_denoise_otsu,teplo,Q1,1,12,0,0,91.389,0.75,0.75,0.75,0.1333,1.0,0.0,81.74,156,0.31,3.5,3.49,2026-07-06T00:21:36
63efb64610,P7_gray_clahe_denoise,teplo,Q1,1,12,0,0,91.389,0.75,0.75,0.75,0.1333,1.0,0.0,85.2,158,0.31,3.52,3.5,2026-07-06T00:21:43
63efb64610,P8_clahe_den_desk_otsu,teplo,Q1,1,12,0,0,91.389,0.75,0.75,0.75,0.1333,1.0,0.0,83.54,155,0.31,3.89,3.48,2026-07-06T00:21:50
a8d8240ddd,P0_baseline,teplo,Q2,1,12,0,0,85.185,0.75,0.75,0.75,0.1944,1.0,0.0,85.3,157,0.32,0.0,5.29,2026-07-06T00:21:56
a8d8240ddd,P1_gray,teplo,Q2,1,12,0,0,85.185,0.75,0.75,0.75,0.1944,1.0,0.0,85.3,157,0.32,0.0,4.3,2026-07-06T00:22:00
a8d8240ddd,P2_gray_otsu,teplo,Q2,1,12,0,0,85.185,0.75,0.75,0.75,0.1944,1.0,0.0,83.55,157,0.32,0.02,3.97,2026-07-06T00:22:04
a8d8240ddd,P3_gray_adaptive,teplo,Q2,1,12,0,0,90.185,0.75,0.75,0.75,0.1611,1.0,0.0,82.29,157,0.32,0.15,3.6,2026-07-06T00:22:08
a8d8240ddd,P4_gray_denoise,teplo,Q2,1,12,0,0,85.185,0.75,0.75,0.75,0.2037,1.0,0.0,88.05,154,0.32,3.57,3.76,2026-07-06T00:22:15
a8d8240ddd,P5_gray_clahe,teplo,Q2,1,12,0,0,85.185,0.75,0.75,0.75,0.1944,1.0,0.0,80.47,173,0.32,0.04,3.98,2026-07-06T00:22:19
a8d8240ddd,P6_gray_denoise_otsu,teplo,Q2,1,12,0,0,85.185,0.75,0.75,0.75,0.1944,1.0,0.0,85.17,155,0.32,3.52,3.71,2026-07-06T00:22:27
a8d8240ddd,P7_gray_clahe_denoise,teplo,Q2,1,12,0,0,85.185,0.75,0.75,0.75,0.1944,1.0,0.0,82.14,169,0.32,3.83,4.03,2026-07-06T00:22:35
a8d8240ddd,P8_clahe_den_desk_otsu,teplo,Q2,1,12,0,0,85.185,0.75,0.75,0.75,0.1944,1.0,0.0,81.22,166,0.32,3.88,3.62,2026-07-06T00:22:42
6955004dd9,P0_baseline,teplo,Q3,3,12,0,0,84.782,0.5833,0.6667,0.75,0.1753,1.0,0.0,61.32,413,1.12,0.0,16.92,2026-07-06T00:23:00
6955004dd9,P1_gray,teplo,Q3,3,12,0,0,84.782,0.5833,0.6667,0.75,0.1753,1.0,0.0,58.02,583,1.12,0.02,14.37,2026-07-06T00:23:15
6955004dd9,P2_gray_otsu,teplo,Q3,3,12,0,0,52.249,0.0,0.0833,0.25,0.5339,1.0,0.0,40.98,617,1.12,0.05,13.01,2026-07-06T00:23:28
6955004dd9,P3_gray_adaptive,teplo,Q3,3,12,0,0,93.81,0.75,0.8333,0.8333,0.0862,1.0,0.0,52.16,1174,1.12,0.38,22.62,2026-07-06T00:23:51
6955004dd9,P4_gray_denoise,teplo,Q3,3,12,0,0,75.318,0.25,0.5833,0.75,0.2781,0.8571,0.0,53.55,455,1.12,10.71,11.39,2026-07-06T00:24:13
6955004dd9,P5_gray_clahe,teplo,Q3,3,12,0,0,32.292,0.1667,0.1667,0.1667,0.7292,1.0,0.0,62.67,122,1.12,0.1,9.61,2026-07-06T00:24:23
6955004dd9,P6_gray_denoise_otsu,teplo,Q3,3,12,0,0,53.733,0.0,0.0833,0.1667,0.5196,1.0,0.0,36.67,496,1.12,10.55,10.52,2026-07-06T00:24:44
6955004dd9,P7_gray_clahe_denoise,teplo,Q3,3,12,0,0,41.713,0.1667,0.1667,0.1667,0.6495,1.0,0.0,56.84,199,1.12,10.53,10.28,2026-07-06T00:25:05
6955004dd9,P8_clahe_den_desk_otsu,teplo,Q3,3,12,0,0,33.194,0.0,0.0833,0.0833,0.741,1.0,0.0,36.95,104,1.12,12.55,4.73,2026-07-06T00:25:23
c1f1086a7b,P0_baseline,voda,Q1,6,15,0,0,99.825,0.9333,1.0,1.0,0.0018,1.0,0.0,88.68,1194,2.24,0.0,30.51,2026-07-06T00:25:55
c1f1086a7b,P1_gray,voda,Q1,6,15,0,0,99.825,0.9333,1.0,1.0,0.0018,1.0,0.0,87.91,1202,2.24,0.03,23.37,2026-07-06T00:26:19
c1f1086a7b,P2_gray_otsu,voda,Q1,6,15,0,0,99.825,0.9333,1.0,1.0,0.0018,1.0,0.0,87.87,1199,2.24,0.12,20.21,2026-07-06T00:26:40
c1f1086a7b,P3_gray_adaptive,voda,Q1,6,15,0,0,99.825,0.9333,1.0,1.0,0.0018,1.0,0.0,84.86,1235,2.24,0.68,20.1,2026-07-06T00:27:00
c1f1086a7b,P4_gray_denoise,voda,Q1,6,15,0,0,99.825,0.9333,1.0,1.0,0.0018,1.0,0.0,88.03,1204,2.24,19.68,22.07,2026-07-06T00:27:42
c1f1086a7b,P5_gray_clahe,voda,Q1,6,15,0,0,99.825,0.9333,1.0,1.0,0.0018,1.0,0.0,87.46,1215,2.24,0.18,22.75,2026-07-06T00:28:05
c1f1086a7b,P6_gray_denoise_otsu,voda,Q1,6,15,0,0,99.825,0.9333,1.0,1.0,0.0018,1.0,0.0,87.84,1209,2.24,19.18,20.23,2026-07-06T00:28:45
c1f1086a7b,P7_gray_clahe_denoise,voda,Q1,6,15,0,0,99.825,0.9333,1.0,1.0,0.0018,1.0,0.0,87.86,1214,2.24,18.88,22.32,2026-07-06T00:29:26
c1f1086a7b,P8_clahe_den_desk_otsu,voda,Q1,6,15,0,0,99.825,0.9333,1.0,1.0,0.0018,1.0,0.0,87.86,1205,2.24,19.94,19.81,2026-07-06T00:30:06
79f45c8aaa,P0_baseline,voda,Q2,4,14,1,0,99.812,0.9286,1.0,1.0,0.0019,1.0,0.0,75.73,376,0.55,0.0,16.83,2026-07-06T00:30:24
79f45c8aaa,P1_gray,voda,Q2,4,14,1,0,99.812,0.9286,1.0,1.0,0.0019,1.0,0.0,70.38,588,0.55,0.02,19.27,2026-07-06T00:30:43
79f45c8aaa,P2_gray_otsu,voda,Q2,4,14,1,0,96.538,0.7143,0.7857,1.0,0.0594,1.0,0.0,53.48,593,0.55,0.06,18.76,2026-07-06T00:31:02
79f45c8aaa,P3_gray_adaptive,voda,Q2,4,14,1,0,97.838,0.8571,0.9286,1.0,0.0484,1.0,0.0,45.11,656,0.55,0.41,19.13,2026-07-06T00:31:21
79f45c8aaa,P4_gray_denoise,voda,Q2,4,14,1,0,99.812,0.9286,1.0,1.0,0.0019,1.0,0.0,66.98,697,0.55,12.64,18.2,2026-07-06T00:31:52
79f45c8aaa,P5_gray_clahe,voda,Q2,4,14,1,0,98.91,0.8571,1.0,1.0,0.0199,1.0,0.0,72.76,334,0.55,0.15,19.25,2026-07-06T00:32:12
79f45c8aaa,P6_gray_denoise_otsu,voda,Q2,4,14,1,0,99.812,0.9286,1.0,1.0,0.0038,1.0,0.0,47.12,692,0.55,14.83,22.06,2026-07-06T00:32:49
79f45c8aaa,P7_gray_clahe_denoise,voda,Q2,4,14,1,0,99.624,0.9286,1.0,1.0,0.0038,1.0,0.0,66.42,569,0.55,12.84,16.53,2026-07-06T00:33:18
79f45c8aaa,P8_clahe_den_desk_otsu,voda,Q2,4,14,1,0,94.455,0.7143,0.8571,0.9286,0.0895,1.0,0.0,54.34,360,0.55,14.12,15.21,2026-07-06T00:33:48
b9b9b429aa,P0_baseline,voda,Q3,4,15,0,0,50.884,0.1333,0.2,0.4,0.5492,1.0,0.0,40.02,269,0.44,0.0,17.05,2026-07-06T00:34:05
b9b9b429aa,P1_gray,voda,Q3,4,15,0,0,68.778,0.1333,0.3333,0.6667,0.3666,1.0,0.0,41.17,395,0.44,0.01,18.1,2026-07-06T00:34:23
b9b9b429aa,P2_gray_otsu,voda,Q3,4,15,0,0,21.5,0.1333,0.1333,0.1333,0.815,1.0,0.0,33.58,357,0.44,0.06,17.44,2026-07-06T00:34:41
b9b9b429aa,P3_gray_adaptive,voda,Q3,4,15,0,0,58.682,0.1333,0.2667,0.2667,0.4891,1.0,0.0,44.91,631,0.44,0.42,39.02,2026-07-06T00:35:21
b9b9b429aa,P4_gray_denoise,voda,Q3,4,15,0,0,52.558,0.1333,0.1333,0.4,0.5344,1.0,0.0,52.8,410,0.44,12.62,17.02,2026-07-06T00:35:50
b9b9b429aa,P5_gray_clahe,voda,Q3,4,15,0,0,23.037,0.1333,0.2,0.2,0.7804,1.0,0.0,45.16,68,0.44,0.13,15.12,2026-07-06T00:36:06
b9b9b429aa,P6_gray_denoise_otsu,voda,Q3,4,15,0,0,41.915,0.1333,0.1333,0.2,0.6937,1.0,0.0,39.79,406,0.44,12.33,15.18,2026-07-06T00:36:33
b9b9b429aa,P7_gray_clahe_denoise,voda,Q3,4,15,0,0,45.513,0.1333,0.1333,0.3333,0.5651,1.0,0.0,41.05,166,0.44,12.1,11.4,2026-07-06T00:36:57
b9b9b429aa,P8_clahe_den_desk_otsu,voda,Q3,4,15,0,0,22.889,0.0,0.0,0.1333,0.8311,,,27.12,160,0.44,13.09,8.59,2026-07-06T00:37:18
08bc55cc2b,P0_baseline,elektrina_nn,Q1,5,14,1,1,98.98,0.9286,0.9286,1.0,0.0102,1.0,0.0,86.8,1648,1.43,0.0,34.45,2026-07-06T00:37:54
08bc55cc2b,P1_gray,elektrina_nn,Q1,5,14,1,1,98.98,0.9286,0.9286,1.0,0.0102,1.0,0.0,86.86,1649,1.43,0.02,28.63,2026-07-06T00:38:23
08bc55cc2b,P2_gray_otsu,elektrina_nn,Q1,5,14,1,1,100.0,1.0,1.0,1.0,0.0,1.0,0.0,83.45,1659,1.43,0.09,27.53,2026-07-06T00:38:51
08bc55cc2b,P3_gray_adaptive,elektrina_nn,Q1,5,14,1,1,98.98,0.9286,0.9286,1.0,0.0102,1.0,0.0,80.11,1788,1.43,0.55,27.95,2026-07-06T00:39:20
08bc55cc2b,P4_gray_denoise,elektrina_nn,Q1,5,14,1,1,100.0,1.0,1.0,1.0,0.0,1.0,0.0,87.37,1637,1.43,15.96,26.89,2026-07-06T00:40:03
08bc55cc2b,P5_gray_clahe,elektrina_nn,Q1,5,14,1,1,100.0,1.0,1.0,1.0,0.0,1.0,0.0,85.35,1468,1.43,0.15,26.5,2026-07-06T00:40:29
08bc55cc2b,P6_gray_denoise_otsu,elektrina_nn,Q1,5,14,1,1,100.0,1.0,1.0,1.0,0.0,1.0,0.0,84.2,1646,1.43,15.69,26.24,2026-07-06T00:41:11
08bc55cc2b,P7_gray_clahe_denoise,elektrina_nn,Q1,5,14,1,1,100.0,1.0,1.0,1.0,0.0,1.0,0.0,85.99,1582,1.43,15.57,27.23,2026-07-06T00:41:54
08bc55cc2b,P8_clahe_den_desk_otsu,elektrina_nn,Q1,5,14,1,1,100.0,1.0,1.0,1.0,0.0,1.0,0.0,83.41,1545,1.43,17.35,24.18,2026-07-06T00:42:36
77d4fea1d8,P0_baseline,elektrina_nn,Q2,5,15,0,1,94.558,0.6667,0.8,0.9333,0.0639,1.0,0.0,69.42,1135,1.49,0.0,31.51,2026-07-06T00:43:09
77d4fea1d8,P1_gray,elektrina_nn,Q2,5,15,0,1,93.751,0.6667,0.7333,0.9333,0.0752,1.0,0.0,69.3,1129,1.49,0.03,24.78,2026-07-06T00:43:34
77d4fea1d8,P2_gray_otsu,elektrina_nn,Q2,5,15,0,1,87.204,0.6667,0.7333,0.8,0.1407,1.0,0.0,56.77,1141,1.49,0.09,24.04,2026-07-06T00:43:58
77d4fea1d8,P3_gray_adaptive,elektrina_nn,Q2,5,15,0,1,96.865,0.8667,0.9333,0.9333,0.0313,1.0,0.0,64.32,1834,1.49,0.6,29.78,2026-07-06T00:44:29
77d4fea1d8,P4_gray_denoise,elektrina_nn,Q2,5,15,0,1,94.241,0.6667,0.8,0.9333,0.0613,1.0,0.0,67.32,1218,1.49,15.54,26.82,2026-07-06T00:45:11
77d4fea1d8,P5_gray_clahe,elektrina_nn,Q2,5,15,0,1,94.929,0.7333,0.8,0.9333,0.0507,1.0,0.0,69.13,625,1.49,0.16,23.08,2026-07-06T00:45:35
77d4fea1d8,P6_gray_denoise_otsu,elektrina_nn,Q2,5,15,0,1,89.214,0.7333,0.8,0.8667,0.1079,1.0,0.0,54.49,1234,1.49,15.91,26.58,2026-07-06T00:46:17
77d4fea1d8,P7_gray_clahe_denoise,elektrina_nn,Q2,5,15,0,1,91.079,0.7333,0.8667,0.9333,0.0892,1.0,0.0,67.12,891,1.49,16.0,29.8,2026-07-06T00:47:03
77d4fea1d8,P8_clahe_den_desk_otsu,elektrina_nn,Q2,5,15,0,1,84.521,0.3333,0.4667,0.9333,0.1654,1.0,0.0,47.05,602,1.49,16.99,21.78,2026-07-06T00:47:42
27256d1845,P0_baseline,elektrina_nn,Q3,5,12,2,0,98.958,0.9167,0.9167,1.0,0.0104,1.0,0.0,82.13,640,1.54,0.0,24.16,2026-07-06T00:48:08
27256d1845,P1_gray,elektrina_nn,Q3,5,12,2,0,98.958,0.9167,0.9167,1.0,0.0104,1.0,0.0,80.3,731,1.54,0.02,20.09,2026-07-06T00:48:28
27256d1845,P2_gray_otsu,elektrina_nn,Q3,5,12,2,0,98.958,0.9167,0.9167,1.0,0.0104,1.0,0.0,76.13,737,1.54,0.08,17.75,2026-07-06T00:48:46
27256d1845,P3_gray_adaptive,elektrina_nn,Q3,5,12,2,0,98.611,0.8333,1.0,1.0,0.0139,1.0,0.0,74.41,1267,1.54,0.54,22.45,2026-07-06T00:49:09
27256d1845,P4_gray_denoise,elektrina_nn,Q3,5,12,2,0,100.0,1.0,1.0,1.0,0.0,1.0,0.0,81.68,815,1.54,11.54,8.94,2026-07-06T00:49:30
27256d1845,P5_gray_clahe,elektrina_nn,Q3,5,12,2,0,96.726,0.75,0.75,1.0,0.0536,1.0,0.0,76.42,566,1.54,0.06,7.54,2026-07-06T00:49:37
27256d1845,P6_gray_denoise_otsu,elektrina_nn,Q3,5,12,2,0,98.958,0.9167,0.9167,1.0,0.0104,1.0,0.0,75.82,815,1.54,10.67,7.05,2026-07-06T00:49:55
27256d1845,P7_gray_clahe_denoise,elektrina_nn,Q3,5,12,2,0,98.81,0.9167,0.9167,1.0,0.0119,1.0,0.0,81.15,473,1.54,10.79,7.49,2026-07-06T00:50:14
27256d1845,P8_clahe_den_desk_otsu,elektrina_nn,Q3,5,12,2,0,98.289,0.8333,0.9167,1.0,0.0171,1.0,0.0,78.7,472,1.54,11.11,6.35,2026-07-06T00:50:31
2979e99f85,P0_baseline,elektrina_vn,Q1,4,12,0,0,95.833,0.8333,0.8333,0.9167,0.0833,1.0,0.0,83.67,1399,0.52,0.0,12.19,2026-07-06T00:50:44
2979e99f85,P1_gray,elektrina_vn,Q1,4,12,0,0,96.875,0.9167,0.9167,0.9167,0.0625,1.0,0.0,83.51,1380,0.52,0.01,9.28,2026-07-06T00:50:53
2979e99f85,P2_gray_otsu,elektrina_vn,Q1,4,12,0,0,96.875,0.9167,0.9167,0.9167,0.0625,1.0,0.0,79.67,1374,0.52,0.04,8.64,2026-07-06T00:51:02
2979e99f85,P3_gray_adaptive,elektrina_vn,Q1,4,12,0,0,95.139,0.8333,0.8333,0.9167,0.0625,1.0,0.0,83.52,1336,0.52,0.22,9.06,2026-07-06T00:51:11
2979e99f85,P4_gray_denoise,elektrina_vn,Q1,4,12,0,0,96.875,0.9167,0.9167,0.9167,0.0625,1.0,0.0,86.49,1364,0.52,8.92,9.14,2026-07-06T00:51:29
2979e99f85,P5_gray_clahe,elektrina_vn,Q1,4,12,0,0,96.875,0.9167,0.9167,0.9167,0.0625,1.0,0.0,87.76,1169,0.52,0.05,9.93,2026-07-06T00:51:39
2979e99f85,P6_gray_denoise_otsu,elektrina_vn,Q1,4,12,0,0,96.875,0.9167,0.9167,0.9167,0.0625,1.0,0.0,80.44,1371,0.52,9.09,8.92,2026-07-06T00:51:57
2979e99f85,P7_gray_clahe_denoise,elektrina_vn,Q1,4,12,0,0,96.875,0.9167,0.9167,0.9167,0.0625,1.0,0.0,88.71,1187,0.52,9.03,9.83,2026-07-06T00:52:16
2979e99f85,P8_clahe_den_desk_otsu,elektrina_vn,Q1,4,12,0,0,96.875,0.9167,0.9167,0.9167,0.0521,1.0,0.0,85.2,1129,0.52,9.55,11.03,2026-07-06T00:52:37
8529b41a91,P0_baseline,elektrina_vn,Q2,3,12,0,0,92.014,0.75,0.75,0.8333,0.1111,1.0,0.0,83.81,1235,0.46,0.0,10.58,2026-07-06T00:52:48
8529b41a91,P1_gray,elektrina_vn,Q2,3,12,0,0,92.014,0.75,0.75,0.8333,0.1111,1.0,0.0,83.81,1235,0.46,0.01,9.05,2026-07-06T00:52:57
8529b41a91,P2_gray_otsu,elektrina_vn,Q2,3,12,0,0,95.139,0.8333,0.8333,0.9167,0.059,1.0,0.0,83.06,1233,0.46,0.03,7.72,2026-07-06T00:53:05
8529b41a91,P3_gray_adaptive,elektrina_vn,Q2,3,12,0,0,91.806,0.6667,0.6667,0.9167,0.109,1.0,0.0,82.65,1203,0.46,0.18,8.59,2026-07-06T00:53:14
8529b41a91,P4_gray_denoise,elektrina_vn,Q2,3,12,0,0,92.014,0.75,0.75,0.8333,0.1111,1.0,0.0,85.08,1237,0.46,6.9,8.64,2026-07-06T00:53:29
8529b41a91,P5_gray_clahe,elektrina_vn,Q2,3,12,0,0,95.139,0.8333,0.8333,0.9167,0.059,1.0,0.0,83.92,1043,0.46,0.04,10.75,2026-07-06T00:53:40
8529b41a91,P6_gray_denoise_otsu,elektrina_vn,Q2,3,12,0,0,95.139,0.8333,0.8333,0.9167,0.059,1.0,0.0,83.9,1240,0.46,6.75,7.78,2026-07-06T00:53:55
8529b41a91,P7_gray_clahe_denoise,elektrina_vn,Q2,3,12,0,0,95.139,0.8333,0.8333,0.9167,0.059,1.0,0.0,84.99,1052,0.46,6.76,10.44,2026-07-06T00:54:12
8529b41a91,P8_clahe_den_desk_otsu,elektrina_vn,Q2,3,12,0,0,95.139,0.8333,0.8333,0.9167,0.059,1.0,0.0,81.73,1050,0.46,6.99,8.51,2026-07-06T00:54:28
86ec8d0bf1,P0_baseline,elektrina_vn,Q3,3,12,0,0,93.472,0.75,0.75,0.9167,0.0931,1.0,0.0,80.22,1052,0.42,0.0,12.52,2026-07-06T00:54:41
86ec8d0bf1,P1_gray,elektrina_vn,Q3,3,12,0,0,97.222,0.9167,0.9167,0.9167,0.0417,1.0,0.0,82.52,1140,0.42,0.01,8.31,2026-07-06T00:54:49
86ec8d0bf1,P2_gray_otsu,elektrina_vn,Q3,3,12,0,0,97.222,0.9167,0.9167,0.9167,0.0417,1.0,0.0,78.41,1150,0.42,0.02,7.31,2026-07-06T00:54:56
86ec8d0bf1,P3_gray_adaptive,elektrina_vn,Q3,3,12,0,0,86.852,0.5,0.5,0.8333,0.1778,1.0,0.0,73.05,1142,0.42,0.15,8.81,2026-07-06T00:55:05
86ec8d0bf1,P4_gray_denoise,elektrina_vn,Q3,3,12,0,0,96.389,0.8333,0.9167,0.9167,0.0639,1.0,0.0,85.75,1126,0.42,6.53,7.92,2026-07-06T00:55:20
86ec8d0bf1,P5_gray_clahe,elektrina_vn,Q3,3,12,0,0,94.722,0.75,0.8333,0.9167,0.0806,1.0,0.0,80.27,832,0.42,0.03,8.29,2026-07-06T00:55:28
86ec8d0bf1,P6_gray_denoise_otsu,elektrina_vn,Q3,3,12,0,0,95.177,0.75,0.8333,0.9167,0.0621,1.0,0.0,81.96,1122,0.42,6.51,7.29,2026-07-06T00:55:42
86ec8d0bf1,P7_gray_clahe_denoise,elektrina_vn,Q3,3,12,0,0,91.852,0.75,0.75,0.8333,0.1278,1.0,0.0,83.34,674,0.42,6.38,7.68,2026-07-06T00:55:56
86ec8d0bf1,P8_clahe_den_desk_otsu,elektrina_vn,Q3,3,12,0,0,91.094,0.6667,0.75,0.8333,0.1299,1.0,0.0,79.33,674,0.42,6.61,6.9,2026-07-06T00:56:10
8ff4dccd18,P0_baseline,plyn_mo,Q1,5,14,0,0,92.56,0.8571,0.9286,0.9286,0.0744,1.0,0.0,85.53,2039,0.75,0.0,17.1,2026-07-06T00:56:28
8ff4dccd18,P1_gray,plyn_mo,Q1,5,14,0,0,97.47,0.8571,0.9286,0.9286,0.0298,1.0,0.0,85.6,2047,0.75,0.01,13.51,2026-07-06T00:56:41
8ff4dccd18,P2_gray_otsu,plyn_mo,Q1,5,14,0,0,97.47,0.8571,0.9286,0.9286,0.0298,1.0,0.0,86.77,2028,0.75,0.04,12.3,2026-07-06T00:56:54
8ff4dccd18,P3_gray_adaptive,plyn_mo,Q1,5,14,0,0,89.702,0.7857,0.8571,0.8571,0.1173,1.0,0.0,83.18,1986,0.75,0.25,11.58,2026-07-06T00:57:05
8ff4dccd18,P4_gray_denoise,plyn_mo,Q1,5,14,0,0,97.47,0.8571,0.9286,0.9286,0.0298,1.0,0.0,86.53,2021,0.75,10.93,13.22,2026-07-06T00:57:30
8ff4dccd18,P5_gray_clahe,plyn_mo,Q1,5,14,0,0,98.363,0.8571,0.9286,1.0,0.0208,1.0,0.0,84.17,2069,0.75,0.06,14.29,2026-07-06T00:57:44
8ff4dccd18,P6_gray_denoise_otsu,plyn_mo,Q1,5,14,0,0,97.47,0.8571,0.9286,0.9286,0.0298,1.0,0.0,86.65,2031,0.75,10.86,12.54,2026-07-06T00:58:08
8ff4dccd18,P7_gray_clahe_denoise,plyn_mo,Q1,5,14,0,0,98.363,0.8571,0.9286,1.0,0.0208,1.0,0.0,86.2,2032,0.75,11.01,13.22,2026-07-06T00:58:32
8ff4dccd18,P8_clahe_den_desk_otsu,plyn_mo,Q1,5,14,0,0,97.47,0.8571,0.9286,0.9286,0.0253,1.0,0.0,84.93,2100,0.75,11.95,13.39,2026-07-06T00:58:57
dbad72b1d0,P0_baseline,plyn_mo,Q2,5,14,0,0,99.702,0.9286,1.0,1.0,0.003,1.0,0.0,82.93,1537,0.67,0.0,17.93,2026-07-06T00:59:16
dbad72b1d0,P1_gray,plyn_mo,Q2,5,14,0,0,99.702,0.9286,1.0,1.0,0.003,1.0,0.0,85.03,1643,0.67,0.01,13.27,2026-07-06T00:59:29
dbad72b1d0,P2_gray_otsu,plyn_mo,Q2,5,14,0,0,98.81,0.8571,0.9286,1.0,0.0208,1.0,0.0,79.89,1626,0.67,0.04,10.62,2026-07-06T00:59:40
dbad72b1d0,P3_gray_adaptive,plyn_mo,Q2,5,14,0,0,99.702,0.9286,1.0,1.0,0.003,1.0,0.0,79.04,1618,0.67,0.25,10.93,2026-07-06T00:59:51
dbad72b1d0,P4_gray_denoise,plyn_mo,Q2,5,14,0,0,99.702,0.9286,1.0,1.0,0.003,1.0,0.0,86.64,1600,0.67,10.92,11.26,2026-07-06T01:00:13
dbad72b1d0,P5_gray_clahe,plyn_mo,Q2,5,14,0,0,99.702,0.9286,1.0,1.0,0.003,1.0,0.0,83.42,1556,0.67,0.06,12.73,2026-07-06T01:00:26
dbad72b1d0,P6_gray_denoise_otsu,plyn_mo,Q2,5,14,0,0,99.702,0.9286,1.0,1.0,0.003,1.0,0.0,80.52,1599,0.67,10.92,10.58,2026-07-06T01:00:48
dbad72b1d0,P7_gray_clahe_denoise,plyn_mo,Q2,5,14,0,0,99.702,0.9286,1.0,1.0,0.003,1.0,0.0,84.3,1565,0.67,11.04,12.38,2026-07-06T01:01:11
dbad72b1d0,P8_clahe_den_desk_otsu,plyn_mo,Q2,5,14,0,0,99.702,0.9286,1.0,1.0,0.003,1.0,0.0,79.7,1534,0.67,12.09,11.15,2026-07-06T01:01:35
65dde56863,P0_baseline,plyn_mo,Q3,5,14,0,0,64.677,0.2143,0.3571,0.5714,0.3792,1.0,0.0,37.81,584,0.29,0.0,11.24,2026-07-06T01:01:46
65dde56863,P1_gray,plyn_mo,Q3,5,14,0,0,73.605,0.2857,0.4286,0.7143,0.3093,1.0,0.0,40.5,704,0.29,0.01,13.65,2026-07-06T01:02:00
65dde56863,P2_gray_otsu,plyn_mo,Q3,5,14,0,0,55.774,0.0714,0.0714,0.4286,0.4774,1.0,0.0,29.81,746,0.29,0.04,13.62,2026-07-06T01:02:14
65dde56863,P3_gray_adaptive,plyn_mo,Q3,5,14,0,0,70.451,0.2857,0.2857,0.5714,0.3355,1.0,0.0,38.64,946,0.29,0.25,29.62,2026-07-06T01:02:43
65dde56863,P4_gray_denoise,plyn_mo,Q3,5,14,0,0,65.153,0.1429,0.2143,0.4286,0.4182,1.0,0.0,44.49,694,0.29,10.63,10.1,2026-07-06T01:03:04
65dde56863,P5_gray_clahe,plyn_mo,Q3,5,14,0,0,68.376,0.3571,0.4286,0.6429,0.3426,1.0,0.0,41.05,528,0.29,0.05,10.03,2026-07-06T01:03:14
65dde56863,P6_gray_denoise_otsu,plyn_mo,Q3,5,14,0,0,44.226,0.0714,0.2143,0.2143,0.5637,1.0,0.0,32.97,710,0.29,10.81,9.67,2026-07-06T01:03:35
65dde56863,P7_gray_clahe_denoise,plyn_mo,Q3,5,14,0,0,69.736,0.2857,0.5714,0.7143,0.3128,1.0,0.0,46.35,449,0.29,11.04,9.51,2026-07-06T01:03:55
65dde56863,P8_clahe_den_desk_otsu,plyn_mo,Q3,5,14,0,0,56.778,0.1429,0.2143,0.5714,0.4747,1.0,0.0,37.32,416,0.29,11.66,8.21,2026-07-06T01:04:15
61af8ca0f5,P0_baseline,plyn_vo,Q1,4,13,0,0,93.709,0.7692,0.7692,0.8462,0.0898,1.0,0.0,84.37,1713,0.48,0.0,13.51,2026-07-06T01:04:29
61af8ca0f5,P1_gray,plyn_vo,Q1,4,13,0,0,94.029,0.7692,0.7692,0.8462,0.093,1.0,0.0,87.27,1638,0.48,0.01,10.71,2026-07-06T01:04:40
61af8ca0f5,P2_gray_otsu,plyn_vo,Q1,4,13,0,0,94.029,0.7692,0.7692,0.8462,0.093,1.0,0.0,85.95,1644,0.48,0.04,9.78,2026-07-06T01:04:50
61af8ca0f5,P3_gray_adaptive,plyn_vo,Q1,4,13,0,0,93.709,0.7692,0.7692,0.8462,0.0898,1.0,0.0,81.6,1689,0.48,0.19,9.73,2026-07-06T01:05:00
61af8ca0f5,P4_gray_denoise,plyn_vo,Q1,4,13,0,0,94.029,0.7692,0.7692,0.8462,0.093,1.0,0.0,87.03,1650,0.48,8.56,10.35,2026-07-06T01:05:19
61af8ca0f5,P5_gray_clahe,plyn_vo,Q1,4,13,0,0,93.709,0.7692,0.7692,0.8462,0.0898,1.0,0.0,84.12,1736,0.48,0.04,10.98,2026-07-06T01:05:30
61af8ca0f5,P6_gray_denoise_otsu,plyn_vo,Q1,4,13,0,0,94.029,0.7692,0.7692,0.8462,0.093,1.0,0.0,86.29,1625,0.48,8.78,9.84,2026-07-06T01:05:49
61af8ca0f5,P7_gray_clahe_denoise,plyn_vo,Q1,4,13,0,0,93.709,0.7692,0.7692,0.8462,0.0898,1.0,0.0,84.22,1743,0.48,8.62,10.96,2026-07-06T01:06:08
61af8ca0f5,P8_clahe_den_desk_otsu,plyn_vo,Q1,4,13,0,0,94.884,0.7692,0.7692,0.9231,0.0759,1.0,0.0,85.14,1625,0.48,9.18,9.45,2026-07-06T01:06:27
2c1cf4a37e,P0_baseline,plyn_vo,Q2,4,13,0,0,94.615,0.7692,0.7692,1.0,0.0731,1.0,0.0,72.6,805,0.48,0.0,10.51,2026-07-06T01:06:38
2c1cf4a37e,P1_gray,plyn_vo,Q2,4,13,0,0,95.44,0.7692,0.7692,1.0,0.0648,1.0,0.0,70.04,1201,0.48,0.01,10.94,2026-07-06T01:06:49
2c1cf4a37e,P2_gray_otsu,plyn_vo,Q2,4,13,0,0,89.667,0.5385,0.5385,0.9231,0.1283,1.0,0.0,61.49,1226,0.48,0.03,10.44,2026-07-06T01:07:00
2c1cf4a37e,P3_gray_adaptive,plyn_vo,Q2,4,13,0,0,94.67,0.6923,0.7692,1.0,0.0835,1.0,0.0,66.5,1492,0.48,0.2,9.64,2026-07-06T01:07:10
2c1cf4a37e,P4_gray_denoise,plyn_vo,Q2,4,13,0,0,94.341,0.7692,0.7692,0.9231,0.0662,1.0,0.0,70.6,1216,0.48,8.9,10.88,2026-07-06T01:07:29
2c1cf4a37e,P5_gray_clahe,plyn_vo,Q2,4,13,0,0,90.879,0.6923,0.6923,0.8462,0.1214,1.0,0.0,73.98,1010,0.48,0.04,10.01,2026-07-06T01:07:39
2c1cf4a37e,P6_gray_denoise_otsu,plyn_vo,Q2,4,13,0,0,89.337,0.3846,0.4615,1.0,0.1669,1.0,0.0,61.54,1268,0.48,8.61,9.47,2026-07-06T01:07:58
2c1cf4a37e,P7_gray_clahe_denoise,plyn_vo,Q2,4,13,0,0,90.879,0.6923,0.6923,0.8462,0.1104,1.0,0.0,75.27,748,0.48,8.69,8.97,2026-07-06T01:08:15
2c1cf4a37e,P8_clahe_den_desk_otsu,plyn_vo,Q2,4,13,0,0,86.686,0.3077,0.4615,0.8462,0.2217,1.0,0.0,58.23,714,0.48,9.43,9.06,2026-07-06T01:08:34
a2520ca361,P0_baseline,plyn_vo,Q3,4,13,0,0,98.718,0.9231,0.9231,1.0,0.0128,1.0,0.0,84.66,1585,0.49,0.0,12.46,2026-07-06T01:08:47
a2520ca361,P1_gray,plyn_vo,Q3,4,13,0,0,98.718,0.9231,0.9231,1.0,0.0128,1.0,0.0,84.86,1359,0.49,0.01,9.01,2026-07-06T01:08:56
a2520ca361,P2_gray_otsu,plyn_vo,Q3,4,13,0,0,98.718,0.9231,0.9231,1.0,0.0128,1.0,0.0,84.05,1364,0.49,0.03,8.29,2026-07-06T01:09:04
a2520ca361,P3_gray_adaptive,plyn_vo,Q3,4,13,0,0,97.094,0.7692,0.8462,1.0,0.0376,1.0,0.0,77.77,1377,0.49,0.21,9.57,2026-07-06T01:09:14
a2520ca361,P4_gray_denoise,plyn_vo,Q3,4,13,0,0,98.718,0.9231,0.9231,1.0,0.0128,1.0,0.0,86.43,1384,0.49,10.66,9.64,2026-07-06T01:09:34
a2520ca361,P5_gray_clahe,plyn_vo,Q3,4,13,0,0,96.154,0.8462,0.8462,0.9231,0.0556,1.0,0.0,75.14,1453,0.49,0.05,10.89,2026-07-06T01:09:45
a2520ca361,P6_gray_denoise_otsu,plyn_vo,Q3,4,13,0,0,98.718,0.9231,0.9231,1.0,0.0128,1.0,0.0,84.95,1384,0.49,9.59,8.68,2026-07-06T01:10:04
a2520ca361,P7_gray_clahe_denoise,plyn_vo,Q3,4,13,0,0,98.718,0.9231,0.9231,1.0,0.0128,1.0,0.0,77.57,1402,0.49,9.87,10.12,2026-07-06T01:10:24
a2520ca361,P8_clahe_den_desk_otsu,plyn_vo,Q3,4,13,0,0,96.154,0.8462,0.8462,0.9231,0.0385,1.0,0.0,76.28,1479,0.49,10.13,10.33,2026-07-06T01:10:44
ba5c037078,P0_baseline,teplo,Q1,3,12,0,0,95.685,0.8333,0.8333,0.9167,0.0536,1.0,0.0,83.63,1230,0.39,0.0,11.34,2026-07-06T01:10:56
ba5c037078,P1_gray,teplo,Q1,3,12,0,0,95.685,0.8333,0.8333,0.9167,0.0536,1.0,0.0,84.12,1209,0.39,0.01,9.2,2026-07-06T01:11:05
ba5c037078,P2_gray_otsu,teplo,Q1,3,12,0,0,95.685,0.8333,0.8333,0.9167,0.0536,1.0,0.0,82.2,1246,0.39,0.03,8.36,2026-07-06T01:11:14
ba5c037078,P3_gray_adaptive,teplo,Q1,3,12,0,0,95.685,0.8333,0.8333,0.9167,0.0536,1.0,0.0,78.0,1204,0.39,0.17,8.86,2026-07-06T01:11:23
ba5c037078,P4_gray_denoise,teplo,Q1,3,12,0,0,95.685,0.8333,0.8333,0.9167,0.0536,1.0,0.0,84.14,1228,0.39,7.69,8.55,2026-07-06T01:11:39
ba5c037078,P5_gray_clahe,teplo,Q1,3,12,0,0,95.685,0.8333,0.8333,0.9167,0.0536,1.0,0.0,83.79,1220,0.39,0.04,9.7,2026-07-06T01:11:49
ba5c037078,P6_gray_denoise_otsu,teplo,Q1,3,12,0,0,95.685,0.8333,0.8333,0.9167,0.0536,1.0,0.0,82.0,1264,0.39,8.45,8.39,2026-07-06T01:12:06
ba5c037078,P7_gray_clahe_denoise,teplo,Q1,3,12,0,0,95.685,0.8333,0.8333,0.9167,0.0536,1.0,0.0,84.96,1189,0.39,8.15,9.53,2026-07-06T01:12:23
ba5c037078,P8_clahe_den_desk_otsu,teplo,Q1,3,12,0,0,95.685,0.8333,0.8333,0.9167,0.0536,1.0,0.0,85.26,1193,0.39,7.88,7.89,2026-07-06T01:12:39
75cdb10e4b,P0_baseline,teplo,Q2,1,12,0,0,88.046,0.5,0.6667,0.75,0.1668,1.0,0.0,68.56,160,0.14,0.0,1.96,2026-07-06T01:12:41
75cdb10e4b,P1_gray,teplo,Q2,1,12,0,0,88.592,0.5833,0.6667,0.75,0.1613,1.0,0.0,67.45,175,0.14,0.0,1.45,2026-07-06T01:12:43
75cdb10e4b,P2_gray_otsu,teplo,Q2,1,12,0,0,76.916,0.0833,0.1667,0.5833,0.2863,1.0,0.0,62.05,186,0.14,0.01,1.44,2026-07-06T01:12:44
75cdb10e4b,P3_gray_adaptive,teplo,Q2,1,12,0,0,77.93,0.1667,0.4167,0.6667,0.27,1.0,0.0,50.85,188,0.14,0.06,1.67,2026-07-06T01:12:46
75cdb10e4b,P4_gray_denoise,teplo,Q2,1,12,0,0,75.881,0.25,0.4167,0.6667,0.3311,1.0,0.0,63.87,182,0.14,2.49,1.51,2026-07-06T01:12:50
75cdb10e4b,P5_gray_clahe,teplo,Q2,1,12,0,0,86.564,0.4167,0.5833,0.75,0.1575,1.0,0.0,59.88,174,0.14,0.01,1.46,2026-07-06T01:12:52
75cdb10e4b,P6_gray_denoise_otsu,teplo,Q2,1,12,0,0,60.546,0.0,0.0833,0.25,0.4373,1.0,0.0,55.21,179,0.14,2.61,1.31,2026-07-06T01:12:56
75cdb10e4b,P7_gray_clahe_denoise,teplo,Q2,1,12,0,0,86.356,0.4167,0.5,0.75,0.1596,1.0,0.0,65.63,166,0.14,2.44,1.41,2026-07-06T01:12:59
75cdb10e4b,P8_clahe_den_desk_otsu,teplo,Q2,1,12,0,0,72.418,0.0833,0.1667,0.6667,0.3436,1.0,0.0,48.13,150,0.14,2.69,1.46,2026-07-06T01:13:04
70f9ded251,P0_baseline,teplo,Q3,1,12,0,0,90.0,0.75,0.9167,0.9167,0.1,1.0,0.0,86.94,139,0.14,0.0,2.26,2026-07-06T01:13:06
70f9ded251,P1_gray,teplo,Q3,1,12,0,0,90.0,0.75,0.9167,0.9167,0.1,1.0,0.0,86.82,139,0.14,0.0,1.69,2026-07-06T01:13:08
70f9ded251,P2_gray_otsu,teplo,Q3,1,12,0,0,90.0,0.75,0.9167,0.9167,0.1083,1.0,0.0,84.2,139,0.14,0.01,1.29,2026-07-06T01:13:09
70f9ded251,P3_gray_adaptive,teplo,Q3,1,12,0,0,86.856,0.6667,0.75,0.8333,0.1481,1.0,0.0,55.78,240,0.14,0.06,2.19,2026-07-06T01:13:11
70f9ded251,P4_gray_denoise,teplo,Q3,1,12,0,0,90.0,0.75,0.9167,0.9167,0.1,1.0,0.0,86.14,139,0.14,2.61,1.59,2026-07-06T01:13:15
70f9ded251,P5_gray_clahe,teplo,Q3,1,12,0,0,90.0,0.75,0.9167,0.9167,0.1,1.0,0.0,78.16,134,0.14,0.01,1.89,2026-07-06T01:13:17
70f9ded251,P6_gray_denoise_otsu,teplo,Q3,1,12,0,0,90.0,0.75,0.9167,0.9167,0.1083,1.0,0.0,84.92,139,0.14,2.76,1.45,2026-07-06T01:13:22
70f9ded251,P7_gray_clahe_denoise,teplo,Q3,1,12,0,0,90.0,0.75,0.9167,0.9167,0.1,1.0,0.0,77.58,143,0.14,2.86,1.87,2026-07-06T01:13:26
70f9ded251,P8_clahe_den_desk_otsu,teplo,Q3,1,12,0,0,90.0,0.75,0.9167,0.9167,0.1,1.0,0.0,80.67,146,0.14,2.96,1.38,2026-07-06T01:13:31
0651c93eb4,P0_baseline,voda,Q1,4,15,0,0,99.825,0.9333,1.0,1.0,0.0018,1.0,0.0,86.07,737,0.66,0.0,8.08,2026-07-06T01:13:39
0651c93eb4,P1_gray,voda,Q1,4,15,0,0,99.825,0.9333,1.0,1.0,0.0018,1.0,0.0,85.98,743,0.66,0.01,6.14,2026-07-06T01:13:46
0651c93eb4,P2_gray_otsu,voda,Q1,4,15,0,0,99.825,0.9333,1.0,1.0,0.0035,1.0,0.0,85.23,753,0.66,0.04,5.35,2026-07-06T01:13:51
0651c93eb4,P3_gray_adaptive,voda,Q1,4,15,0,0,99.825,0.9333,1.0,1.0,0.0018,1.0,0.0,86.01,733,0.66,0.2,5.36,2026-07-06T01:13:57
0651c93eb4,P4_gray_denoise,voda,Q1,4,15,0,0,99.825,0.9333,1.0,1.0,0.0018,1.0,0.0,86.09,742,0.66,9.59,5.8,2026-07-06T01:14:12
0651c93eb4,P5_gray_clahe,voda,Q1,4,15,0,0,99.825,0.9333,1.0,1.0,0.0018,1.0,0.0,85.74,737,0.66,0.04,5.82,2026-07-06T01:14:18
0651c93eb4,P6_gray_denoise_otsu,voda,Q1,4,15,0,0,99.825,0.9333,1.0,1.0,0.0035,1.0,0.0,85.62,753,0.66,9.06,5.24,2026-07-06T01:14:32
0651c93eb4,P7_gray_clahe_denoise,voda,Q1,4,15,0,0,99.825,0.9333,1.0,1.0,0.0018,1.0,0.0,86.1,736,0.66,9.61,5.73,2026-07-06T01:14:48
0651c93eb4,P8_clahe_den_desk_otsu,voda,Q1,4,15,0,0,99.825,0.9333,1.0,1.0,0.0035,1.0,0.0,85.49,733,0.66,9.48,4.91,2026-07-06T01:15:02
097f968ae8,P0_baseline,voda,Q2,6,15,0,0,97.602,0.8667,0.9333,0.9333,0.024,1.0,0.0,81.36,915,0.37,0.0,11.7,2026-07-06T01:15:14
097f968ae8,P1_gray,voda,Q2,6,15,0,0,97.602,0.8667,0.9333,0.9333,0.0462,1.0,0.0,74.57,1133,0.37,0.02,9.52,2026-07-06T01:15:24
097f968ae8,P2_gray_otsu,voda,Q2,6,15,0,0,97.602,0.8667,0.9333,0.9333,0.024,1.0,0.0,62.47,1123,0.37,0.05,8.73,2026-07-06T01:15:33
097f968ae8,P3_gray_adaptive,voda,Q2,6,15,0,0,90.269,0.7333,0.8667,0.8667,0.1262,1.0,0.0,54.9,1272,0.37,0.3,11.24,2026-07-06T01:15:44
097f968ae8,P4_gray_denoise,voda,Q2,6,15,0,0,97.602,0.8667,0.9333,0.9333,0.024,1.0,0.0,75.4,1209,0.37,14.93,10.25,2026-07-06T01:16:10
097f968ae8,P5_gray_clahe,voda,Q2,6,15,0,0,90.195,0.7333,0.8,0.8667,0.0981,1.0,0.0,80.82,879,0.37,0.07,9.1,2026-07-06T01:16:19
097f968ae8,P6_gray_denoise_otsu,voda,Q2,6,15,0,0,97.602,0.8667,0.9333,0.9333,0.024,1.0,0.0,61.38,1195,0.37,15.42,9.73,2026-07-06T01:16:44
097f968ae8,P7_gray_clahe_denoise,voda,Q2,6,15,0,0,96.862,0.8,0.8667,0.9333,0.0331,1.0,0.0,76.82,994,0.37,15.95,10.43,2026-07-06T01:17:10
097f968ae8,P8_clahe_den_desk_otsu,voda,Q2,6,15,0,0,96.121,0.7333,0.8,0.9333,0.0758,1.0,0.0,72.67,975,0.37,16.25,9.38,2026-07-06T01:17:36
bcd83f58ea,P0_baseline,voda,Q3,4,14,1,0,64.05,0.0,0.0714,0.5,0.3962,1.0,0.0,41.27,416,0.21,0.0,35.09,2026-07-06T01:18:11
bcd83f58ea,P1_gray,voda,Q3,4,14,1,0,68.581,0.0,0.0714,0.2857,0.3515,1.0,0.0,43.27,555,0.21,0.01,7.26,2026-07-06T01:18:19
bcd83f58ea,P2_gray_otsu,voda,Q3,4,14,1,0,43.674,0.0,0.0,0.0,0.5989,,,27.55,550,0.21,0.03,7.27,2026-07-06T01:18:26
bcd83f58ea,P3_gray_adaptive,voda,Q3,4,14,1,0,31.39,0.0,0.0,0.0,0.7607,,,40.66,643,0.21,0.22,20.9,2026-07-06T01:18:47
bcd83f58ea,P4_gray_denoise,voda,Q3,4,14,1,0,81.43,0.1429,0.2143,0.7143,0.1928,1.0,0.0,49.15,548,0.21,10.02,7.06,2026-07-06T01:19:04
bcd83f58ea,P5_gray_clahe,voda,Q3,4,14,1,0,58.235,0.0,0.0,0.2857,0.5146,,,45.54,186,0.21,0.05,14.12,2026-07-06T01:19:17
bcd83f58ea,P6_gray_denoise_otsu,voda,Q3,4,14,1,0,65.723,0.0,0.0,0.2857,0.4268,,,40.51,519,0.21,10.08,6.27,2026-07-06T01:19:33
bcd83f58ea,P7_gray_clahe_denoise,voda,Q3,4,14,1,0,79.183,0.2143,0.4286,0.7857,0.2714,1.0,0.0,51.65,259,0.21,9.96,5.5,2026-07-06T01:19:49
bcd83f58ea,P8_clahe_den_desk_otsu,voda,Q3,4,14,1,0,39.325,0.0,0.0,0.2143,0.6476,,,29.37,244,0.21,10.08,4.32,2026-07-06T01:20:03
3ccb269314,P0_baseline,elektrina_nn,Q1,5,14,0,0,100.0,1.0,1.0,1.0,0.0,1.0,0.0,83.39,1615,0.62,0.0,13.47,2026-07-06T01:20:17
3ccb269314,P1_gray,elektrina_nn,Q1,5,14,0,0,100.0,1.0,1.0,1.0,0.0,1.0,0.0,83.39,1615,0.62,0.01,10.88,2026-07-06T01:20:28
3ccb269314,P2_gray_otsu,elektrina_nn,Q1,5,14,0,0,100.0,1.0,1.0,1.0,0.0,1.0,0.0,81.71,1639,0.62,0.05,9.87,2026-07-06T01:20:38
3ccb269314,P3_gray_adaptive,elektrina_nn,Q1,5,14,0,0,100.0,1.0,1.0,1.0,0.0,1.0,0.0,80.31,1635,0.62,0.27,10.18,2026-07-06T01:20:49
3ccb269314,P4_gray_denoise,elektrina_nn,Q1,5,14,0,0,100.0,1.0,1.0,1.0,0.0,1.0,0.0,84.14,1614,0.62,13.01,10.57,2026-07-06T01:21:13
3ccb269314,P5_gray_clahe,elektrina_nn,Q1,5,14,0,0,100.0,1.0,1.0,1.0,0.0,1.0,0.0,76.89,1656,0.62,0.06,12.31,2026-07-06T01:21:25
3ccb269314,P6_gray_denoise_otsu,elektrina_nn,Q1,5,14,0,0,100.0,1.0,1.0,1.0,0.0,1.0,0.0,82.15,1632,0.62,12.58,9.78,2026-07-06T01:21:47
3ccb269314,P7_gray_clahe_denoise,elektrina_nn,Q1,5,14,0,0,100.0,1.0,1.0,1.0,0.0,1.0,0.0,81.98,1547,0.62,12.6,11.5,2026-07-06T01:22:12
3ccb269314,P8_clahe_den_desk_otsu,elektrina_nn,Q1,5,14,0,0,100.0,1.0,1.0,1.0,0.0,1.0,0.0,79.73,1572,0.62,13.36,10.45,2026-07-06T01:22:35
a400e4cf3f,P0_baseline,elektrina_nn,Q2,5,14,0,0,100.0,1.0,1.0,1.0,0.0,1.0,0.0,81.35,1612,0.64,0.0,13.19,2026-07-06T01:22:49
a400e4cf3f,P1_gray,elektrina_nn,Q2,5,14,0,0,100.0,1.0,1.0,1.0,0.0,1.0,0.0,81.41,1611,0.64,0.01,10.88,2026-07-06T01:23:00
a400e4cf3f,P2_gray_otsu,elektrina_nn,Q2,5,14,0,0,100.0,1.0,1.0,1.0,0.0,1.0,0.0,80.08,1635,0.64,0.05,10.19,2026-07-06T01:23:11
a400e4cf3f,P3_gray_adaptive,elektrina_nn,Q2,5,14,0,0,100.0,1.0,1.0,1.0,0.0,1.0,0.0,76.81,1693,0.64,0.3,10.5,2026-07-06T01:23:21
a400e4cf3f,P4_gray_denoise,elektrina_nn,Q2,5,14,0,0,100.0,1.0,1.0,1.0,0.0,1.0,0.0,82.3,1596,0.64,12.76,10.82,2026-07-06T01:23:45
a400e4cf3f,P5_gray_clahe,elektrina_nn,Q2,5,14,0,0,100.0,1.0,1.0,1.0,0.0,1.0,0.0,78.23,1491,0.64,0.06,10.1,2026-07-06T01:23:55
a400e4cf3f,P6_gray_denoise_otsu,elektrina_nn,Q2,5,14,0,0,100.0,1.0,1.0,1.0,0.0,1.0,0.0,80.22,1624,0.64,12.44,10.1,2026-07-06T01:24:18
a400e4cf3f,P7_gray_clahe_denoise,elektrina_nn,Q2,5,14,0,0,100.0,1.0,1.0,1.0,0.0,1.0,0.0,80.85,1483,0.64,12.96,10.75,2026-07-06T01:24:42
a400e4cf3f,P8_clahe_den_desk_otsu,elektrina_nn,Q2,5,14,0,0,100.0,1.0,1.0,1.0,0.0,1.0,0.0,79.96,1520,0.64,13.08,9.93,2026-07-06T01:25:05
64a67e9b99,P0_baseline,elektrina_nn,Q3,7,14,0,0,90.238,0.5714,0.6429,0.9286,0.1278,1.0,0.0,82.36,2268,1.0,0.0,21.4,2026-07-06T01:25:27
64a67e9b99,P1_gray,elektrina_nn,Q3,7,14,0,0,100.0,1.0,1.0,1.0,0.0,1.0,0.0,83.94,2436,1.0,0.02,16.75,2026-07-06T01:25:44
64a67e9b99,P2_gray_otsu,elektrina_nn,Q3,7,14,0,0,100.0,1.0,1.0,1.0,0.0,1.0,0.0,81.5,2433,1.0,0.07,15.99,2026-07-06T01:26:00
64a67e9b99,P3_gray_adaptive,elektrina_nn,Q3,7,14,0,0,93.968,0.7143,0.8571,0.9286,0.0722,1.0,0.0,78.57,2247,1.0,0.39,17.75,2026-07-06T01:26:18
64a67e9b99,P4_gray_denoise,elektrina_nn,Q3,7,14,0,0,100.0,1.0,1.0,1.0,0.0,1.0,0.0,85.47,2401,1.0,17.53,16.36,2026-07-06T01:26:52
64a67e9b99,P5_gray_clahe,elektrina_nn,Q3,7,14,0,0,87.208,0.6429,0.7857,0.8571,0.1487,1.0,0.0,77.16,2035,1.0,0.09,18.11,2026-07-06T01:27:11
64a67e9b99,P6_gray_denoise_otsu,elektrina_nn,Q3,7,14,0,0,100.0,1.0,1.0,1.0,0.0,1.0,0.0,82.2,2395,1.0,17.66,15.7,2026-07-06T01:27:44
64a67e9b99,P7_gray_clahe_denoise,elektrina_nn,Q3,7,14,0,0,91.429,0.8571,0.8571,0.9286,0.0857,1.0,0.0,78.02,2002,1.0,16.81,18.07,2026-07-06T01:28:19
64a67e9b99,P8_clahe_den_desk_otsu,elektrina_nn,Q3,7,14,0,0,83.571,0.7143,0.7857,0.8571,0.1643,1.0,0.0,76.83,1965,1.0,17.57,16.83,2026-07-06T01:28:54
516f7f1e83,P0_baseline,elektrina_vn,Q1,4,12,0,0,95.556,0.8333,0.8333,0.9167,0.0722,1.0,0.0,84.22,1356,0.51,0.0,11.83,2026-07-06T01:29:06
516f7f1e83,P1_gray,elektrina_vn,Q1,4,12,0,0,92.431,0.75,0.75,0.8333,0.1,1.0,0.0,84.54,1328,0.51,0.01,8.64,2026-07-06T01:29:15
516f7f1e83,P2_gray_otsu,elektrina_vn,Q1,4,12,0,0,92.431,0.75,0.75,0.8333,0.1139,1.0,0.0,82.92,1328,0.51,0.04,7.94,2026-07-06T01:29:23
516f7f1e83,P3_gray_adaptive,elektrina_vn,Q1,4,12,0,0,95.556,0.8333,0.8333,0.9167,0.0722,1.0,0.0,85.32,1326,0.51,0.23,8.91,2026-07-06T01:29:32
516f7f1e83,P4_gray_denoise,elektrina_vn,Q1,4,12,0,0,92.083,0.75,0.75,0.8333,0.1,1.0,0.0,86.31,1302,0.51,10.44,8.77,2026-07-06T01:29:51
516f7f1e83,P5_gray_clahe,elektrina_vn,Q1,4,12,0,0,92.222,0.75,0.75,0.8333,0.0917,1.0,0.0,86.17,1167,0.51,0.05,10.24,2026-07-06T01:30:02
516f7f1e83,P6_gray_denoise_otsu,elektrina_vn,Q1,4,12,0,0,92.431,0.75,0.75,0.8333,0.1,1.0,0.0,84.65,1311,0.51,10.42,8.09,2026-07-06T01:30:20
516f7f1e83,P7_gray_clahe_denoise,elektrina_vn,Q1,4,12,0,0,92.222,0.75,0.75,0.8333,0.1056,1.0,0.0,87.86,1174,0.51,10.4,10.07,2026-07-06T01:30:41
516f7f1e83,P8_clahe_den_desk_otsu,elektrina_vn,Q1,4,12,0,0,92.222,0.75,0.75,0.8333,0.0917,1.0,0.0,84.22,1110,0.51,10.97,9.29,2026-07-06T01:31:01
4edffcc56b,P0_baseline,elektrina_vn,Q2,4,11,0,0,97.727,0.9091,0.9091,1.0,0.0227,1.0,0.0,78.27,913,0.49,0.0,11.1,2026-07-06T01:31:13
4edffcc56b,P1_gray,elektrina_vn,Q2,4,11,0,0,97.727,0.9091,0.9091,1.0,0.0227,1.0,0.0,78.38,963,0.49,0.01,9.7,2026-07-06T01:31:22
4edffcc56b,P2_gray_otsu,elektrina_vn,Q2,4,11,0,0,97.727,0.9091,0.9091,1.0,0.0227,1.0,0.0,69.61,1033,0.49,0.03,9.3,2026-07-06T01:31:32
4edffcc56b,P3_gray_adaptive,elektrina_vn,Q2,4,11,0,0,94.697,0.8182,0.8182,0.9091,0.0833,1.0,0.0,68.07,1195,0.49,0.22,9.67,2026-07-06T01:31:42
4edffcc56b,P4_gray_denoise,elektrina_vn,Q2,4,11,0,0,97.727,0.9091,0.9091,1.0,0.0227,1.0,0.0,75.03,969,0.49,10.38,10.29,2026-07-06T01:32:02
4edffcc56b,P5_gray_clahe,elektrina_vn,Q2,4,11,0,0,96.429,0.8182,0.8182,1.0,0.0357,1.0,0.0,71.72,877,0.49,0.05,9.33,2026-07-06T01:32:12
4edffcc56b,P6_gray_denoise_otsu,elektrina_vn,Q2,4,11,0,0,97.727,0.9091,0.9091,1.0,0.0227,1.0,0.0,65.47,1042,0.49,10.68,9.94,2026-07-06T01:32:33
4edffcc56b,P7_gray_clahe_denoise,elektrina_vn,Q2,4,11,0,0,94.318,0.7273,0.7273,0.9091,0.072,1.0,0.0,71.54,901,0.49,10.45,9.01,2026-07-06T01:32:52
4edffcc56b,P8_clahe_den_desk_otsu,elektrina_vn,Q2,4,11,0,0,94.5,0.6364,0.7273,1.0,0.055,1.0,0.0,55.59,760,0.49,11.02,10.37,2026-07-06T01:33:14
89fd469864,P0_baseline,elektrina_vn,Q3,4,12,0,0,95.139,0.8333,0.8333,0.9167,0.0683,1.0,0.0,81.27,1323,0.54,0.0,12.43,2026-07-06T01:33:27
89fd469864,P1_gray,elektrina_vn,Q3,4,12,0,0,92.94,0.6667,0.6667,1.0,0.1308,1.0,0.0,81.54,1376,0.54,0.01,9.98,2026-07-06T01:33:37
89fd469864,P2_gray_otsu,elektrina_vn,Q3,4,12,0,0,92.94,0.6667,0.6667,1.0,0.1308,1.0,0.0,77.16,1352,0.54,0.04,9.11,2026-07-06T01:33:46
89fd469864,P3_gray_adaptive,elektrina_vn,Q3,4,12,0,0,90.139,0.5833,0.5833,0.9167,0.1183,1.0,0.0,81.39,1281,0.54,0.21,9.12,2026-07-06T01:33:55
89fd469864,P4_gray_denoise,elektrina_vn,Q3,4,12,0,0,95.833,0.8333,0.8333,1.0,0.0729,1.0,0.0,83.95,1349,0.54,9.71,9.33,2026-07-06T01:34:14
89fd469864,P5_gray_clahe,elektrina_vn,Q3,4,12,0,0,93.948,0.75,0.75,0.9167,0.0987,1.0,0.0,81.7,980,0.54,0.05,9.42,2026-07-06T01:34:24
89fd469864,P6_gray_denoise_otsu,elektrina_vn,Q3,4,12,0,0,94.907,0.75,0.75,1.0,0.0822,1.0,0.0,79.92,1322,0.54,9.97,8.85,2026-07-06T01:34:43
89fd469864,P7_gray_clahe_denoise,elektrina_vn,Q3,4,12,0,0,95.139,0.8333,0.8333,0.9167,0.0775,1.0,0.0,84.93,970,0.54,10.05,10.19,2026-07-06T01:35:03
89fd469864,P8_clahe_den_desk_otsu,elektrina_vn,Q3,4,12,0,0,90.972,0.5833,0.6667,0.9167,0.1285,1.0,0.0,77.53,1008,0.54,10.41,10.67,2026-07-06T01:35:24
a596f5754a,P0_baseline,plyn_mo,Q1,5,14,0,1,100.0,1.0,1.0,1.0,0.0,1.0,0.0,83.0,1841,0.85,0.0,17.23,2026-07-06T01:35:42
a596f5754a,P1_gray,plyn_mo,Q1,5,14,0,1,100.0,1.0,1.0,1.0,0.0,1.0,0.0,84.38,1799,0.85,0.01,13.62,2026-07-06T01:35:56
a596f5754a,P2_gray_otsu,plyn_mo,Q1,5,14,0,1,100.0,1.0,1.0,1.0,0.0,1.0,0.0,84.64,1765,0.85,0.05,12.13,2026-07-06T01:36:08
a596f5754a,P3_gray_adaptive,plyn_mo,Q1,5,14,0,1,97.857,0.9286,0.9286,0.9286,0.0357,1.0,0.0,81.03,1731,0.85,0.27,11.42,2026-07-06T01:36:20
a596f5754a,P4_gray_denoise,plyn_mo,Q1,5,14,0,1,100.0,1.0,1.0,1.0,0.0,1.0,0.0,84.39,1784,0.85,12.89,12.71,2026-07-06T01:36:46
a596f5754a,P5_gray_clahe,plyn_mo,Q1,5,14,0,1,100.0,1.0,1.0,1.0,0.0,1.0,0.0,82.58,1882,0.85,0.06,13.57,2026-07-06T01:36:59
a596f5754a,P6_gray_denoise_otsu,plyn_mo,Q1,5,14,0,1,100.0,1.0,1.0,1.0,0.0,1.0,0.0,84.87,1739,0.85,12.24,11.88,2026-07-06T01:37:23
a596f5754a,P7_gray_clahe_denoise,plyn_mo,Q1,5,14,0,1,100.0,1.0,1.0,1.0,0.0,1.0,0.0,84.0,1830,0.85,12.8,13.18,2026-07-06T01:37:50
a596f5754a,P8_clahe_den_desk_otsu,plyn_mo,Q1,5,14,0,1,99.554,0.9286,1.0,1.0,0.0089,1.0,0.0,83.56,1772,0.85,13.65,11.97,2026-07-06T01:38:15
da561f45af,P0_baseline,plyn_mo,Q2,5,14,0,1,97.857,0.9286,0.9286,0.9286,0.0214,1.0,0.0,81.93,1729,0.71,0.0,19.43,2026-07-06T01:38:35
da561f45af,P1_gray,plyn_mo,Q2,5,14,0,1,97.857,0.9286,0.9286,0.9286,0.0214,1.0,0.0,83.93,1718,0.71,0.02,14.29,2026-07-06T01:38:50
da561f45af,P2_gray_otsu,plyn_mo,Q2,5,14,0,1,97.857,0.9286,0.9286,0.9286,0.0214,1.0,0.0,81.38,1717,0.71,0.04,11.23,2026-07-06T01:39:01
da561f45af,P3_gray_adaptive,plyn_mo,Q2,5,14,0,1,96.964,0.8571,0.8571,0.9286,0.0348,1.0,0.0,77.87,1691,0.71,0.31,11.77,2026-07-06T01:39:13
da561f45af,P4_gray_denoise,plyn_mo,Q2,5,14,0,1,97.857,0.9286,0.9286,0.9286,0.0214,1.0,0.0,84.39,1700,0.71,13.23,12.32,2026-07-06T01:39:39
da561f45af,P5_gray_clahe,plyn_mo,Q2,5,14,0,1,100.0,1.0,1.0,1.0,0.0,1.0,0.0,83.83,1690,0.71,0.06,13.37,2026-07-06T01:39:52
da561f45af,P6_gray_denoise_otsu,plyn_mo,Q2,5,14,0,1,97.857,0.9286,0.9286,0.9286,0.0357,1.0,0.0,81.78,1697,0.71,12.63,11.49,2026-07-06T01:40:17
da561f45af,P7_gray_clahe_denoise,plyn_mo,Q2,5,14,0,1,100.0,1.0,1.0,1.0,0.0,1.0,0.0,83.56,1707,0.71,13.1,13.08,2026-07-06T01:40:43
da561f45af,P8_clahe_den_desk_otsu,plyn_mo,Q2,5,14,0,1,99.554,0.9286,1.0,1.0,0.0045,1.0,0.0,79.4,1368,0.71,13.16,9.35,2026-07-06T01:41:05
d3f7287847,P0_baseline,plyn_vo,Q1,3,13,0,0,90.614,0.6154,0.6154,0.8462,0.1323,1.0,0.0,87.47,1306,0.39,0.0,10.4,2026-07-06T01:41:16
d3f7287847,P1_gray,plyn_vo,Q1,3,13,0,0,90.614,0.6154,0.6154,0.8462,0.1323,1.0,0.0,87.44,1306,0.39,0.01,8.6,2026-07-06T01:41:25
d3f7287847,P2_gray_otsu,plyn_vo,Q1,3,13,0,0,90.614,0.6154,0.6154,0.8462,0.1323,1.0,0.0,86.59,1306,0.39,0.03,8.01,2026-07-06T01:41:33
d3f7287847,P3_gray_adaptive,plyn_vo,Q1,3,13,0,0,90.614,0.6154,0.6154,0.8462,0.1323,1.0,0.0,83.22,1286,0.39,0.16,7.63,2026-07-06T01:41:41
d3f7287847,P4_gray_denoise,plyn_vo,Q1,3,13,0,0,90.614,0.6154,0.6154,0.8462,0.1323,1.0,0.0,88.25,1302,0.39,7.07,8.75,2026-07-06T01:41:57
d3f7287847,P5_gray_clahe,plyn_vo,Q1,3,13,0,0,90.614,0.6154,0.6154,0.8462,0.1543,1.0,0.0,83.46,1405,0.39,0.03,9.11,2026-07-06T01:42:06
d3f7287847,P6_gray_denoise_otsu,plyn_vo,Q1,3,13,0,0,90.614,0.6154,0.6154,0.8462,0.1323,1.0,0.0,86.75,1299,0.39,7.18,7.79,2026-07-06T01:42:21
d3f7287847,P7_gray_clahe_denoise,plyn_vo,Q1,3,13,0,0,90.614,0.6154,0.6154,0.8462,0.1131,1.0,0.0,84.62,1394,0.39,7.39,9.07,2026-07-06T01:42:37
d3f7287847,P8_clahe_den_desk_otsu,plyn_vo,Q1,3,13,0,0,89.973,0.6154,0.6154,0.7692,0.1366,1.0,0.0,84.0,1355,0.39,7.83,8.08,2026-07-06T01:42:53
31a068e734,P0_baseline,plyn_vo,Q2,4,13,0,0,96.658,0.7692,0.7692,1.0,0.0334,1.0,0.0,83.88,1565,0.5,0.0,13.22,2026-07-06T01:43:07
31a068e734,P1_gray,plyn_vo,Q2,4,13,0,0,96.658,0.7692,0.7692,1.0,0.0334,1.0,0.0,88.13,1508,0.5,0.01,9.85,2026-07-06T01:43:17
31a068e734,P2_gray_otsu,plyn_vo,Q2,4,13,0,0,96.658,0.7692,0.7692,1.0,0.0334,1.0,0.0,85.92,1504,0.5,0.04,9.13,2026-07-06T01:43:26
31a068e734,P3_gray_adaptive,plyn_vo,Q2,4,13,0,0,96.658,0.7692,0.7692,1.0,0.0334,1.0,0.0,81.58,1236,0.5,0.22,7.75,2026-07-06T01:43:34
31a068e734,P4_gray_denoise,plyn_vo,Q2,4,13,0,0,96.658,0.7692,0.7692,1.0,0.0334,1.0,0.0,88.31,1508,0.5,9.64,10.33,2026-07-06T01:43:54
31a068e734,P5_gray_clahe,plyn_vo,Q2,4,13,0,0,96.658,0.7692,0.7692,1.0,0.0334,1.0,0.0,83.98,1219,0.5,0.04,9.22,2026-07-06T01:44:04
31a068e734,P6_gray_denoise_otsu,plyn_vo,Q2,4,13,0,0,96.658,0.7692,0.7692,1.0,0.0334,1.0,0.0,86.44,1508,0.5,9.37,9.15,2026-07-06T01:44:22
31a068e734,P7_gray_clahe_denoise,plyn_vo,Q2,4,13,0,0,96.658,0.7692,0.7692,1.0,0.0334,1.0,0.0,83.99,1224,0.5,9.56,9.3,2026-07-06T01:44:41
31a068e734,P8_clahe_den_desk_otsu,plyn_vo,Q2,4,13,0,0,92.857,0.7692,0.7692,0.8462,0.102,1.0,0.0,83.09,998,0.5,10.1,7.49,2026-07-06T01:44:59
9b39835bc1,P0_baseline,plyn_vo,Q3,3,13,0,0,88.425,0.6154,0.6154,0.7692,0.1703,1.0,0.0,82.69,609,0.38,0.0,8.49,2026-07-06T01:45:08
9b39835bc1,P1_gray,plyn_vo,Q3,3,13,0,0,86.579,0.5385,0.5385,0.7692,0.1949,1.0,0.0,84.01,548,0.38,0.01,6.87,2026-07-06T01:45:15
9b39835bc1,P2_gray_otsu,plyn_vo,Q3,3,13,0,0,86.579,0.5385,0.5385,0.7692,0.198,1.0,0.0,79.46,550,0.38,0.02,5.66,2026-07-06T01:45:20
9b39835bc1,P3_gray_adaptive,plyn_vo,Q3,3,13,0,0,84.918,0.6923,0.6923,0.6923,0.2016,1.0,0.0,75.31,1059,0.38,0.15,7.38,2026-07-06T01:45:28
9b39835bc1,P4_gray_denoise,plyn_vo,Q3,3,13,0,0,86.991,0.5385,0.5385,0.7692,0.2056,1.0,0.0,84.63,618,0.38,7.34,7.02,2026-07-06T01:45:42
9b39835bc1,P5_gray_clahe,plyn_vo,Q3,3,13,0,0,86.683,0.5385,0.5385,0.6923,0.1995,1.0,0.0,78.26,483,0.38,0.03,7.21,2026-07-06T01:45:50
9b39835bc1,P6_gray_denoise_otsu,plyn_vo,Q3,3,13,0,0,85.452,0.5385,0.5385,0.6923,0.2087,1.0,0.0,79.88,621,0.38,7.19,6.55,2026-07-06T01:46:03
9b39835bc1,P7_gray_clahe_denoise,plyn_vo,Q3,3,13,0,0,89.401,0.6154,0.6154,0.7692,0.1533,1.0,0.0,80.58,491,0.38,6.97,7.41,2026-07-06T01:46:18
9b39835bc1,P8_clahe_den_desk_otsu,plyn_vo,Q3,3,13,0,0,86.068,0.5385,0.5385,0.6923,0.2068,1.0,0.0,76.48,486,0.38,7.8,6.43,2026-07-06T01:46:32
807b44aa2f,P0_baseline,teplo,Q1,1,12,0,0,91.667,0.9167,0.9167,0.9167,0.0833,1.0,0.0,83.21,153,0.13,0.0,1.9,2026-07-06T01:46:34
807b44aa2f,P1_gray,teplo,Q1,1,12,0,0,91.667,0.9167,0.9167,0.9167,0.0833,1.0,0.0,83.63,152,0.13,0.0,1.53,2026-07-06T01:46:36
807b44aa2f,P2_gray_otsu,teplo,Q1,1,12,0,0,91.667,0.9167,0.9167,0.9167,0.0833,1.0,0.0,79.88,151,0.13,0.01,1.35,2026-07-06T01:46:37
807b44aa2f,P3_gray_adaptive,teplo,Q1,1,12,0,0,91.667,0.9167,0.9167,0.9167,0.0833,1.0,0.0,83.3,149,0.13,0.05,1.41,2026-07-06T01:46:38
807b44aa2f,P4_gray_denoise,teplo,Q1,1,12,0,0,91.667,0.9167,0.9167,0.9167,0.0833,1.0,0.0,85.49,147,0.13,2.56,1.54,2026-07-06T01:46:43
807b44aa2f,P5_gray_clahe,teplo,Q1,1,12,0,0,91.667,0.9167,0.9167,0.9167,0.0833,1.0,0.0,83.11,131,0.13,0.01,1.93,2026-07-06T01:46:45
807b44aa2f,P6_gray_denoise_otsu,teplo,Q1,1,12,0,0,91.667,0.9167,0.9167,0.9167,0.0833,1.0,0.0,80.24,156,0.13,2.6,1.38,2026-07-06T01:46:49
807b44aa2f,P7_gray_clahe_denoise,teplo,Q1,1,12,0,0,91.667,0.9167,0.9167,0.9167,0.0833,1.0,0.0,81.67,138,0.13,2.42,1.85,2026-07-06T01:46:53
807b44aa2f,P8_clahe_den_desk_otsu,teplo,Q1,1,12,0,0,91.667,0.9167,0.9167,0.9167,0.0833,1.0,0.0,82.89,126,0.13,2.46,1.66,2026-07-06T01:46:57
bf98998c99,P0_baseline,teplo,Q2,2,12,0,0,96.032,0.8333,0.8333,0.9167,0.0675,1.0,0.0,84.88,819,0.25,0.0,7.08,2026-07-06T01:47:04
bf98998c99,P1_gray,teplo,Q2,2,12,0,0,96.032,0.8333,0.8333,0.9167,0.0675,1.0,0.0,85.14,834,0.25,0.01,5.66,2026-07-06T01:47:10
bf98998c99,P2_gray_otsu,teplo,Q2,2,12,0,0,96.31,0.8333,0.8333,0.9167,0.0574,1.0,0.0,78.02,834,0.25,0.02,5.38,2026-07-06T01:47:15
bf98998c99,P3_gray_adaptive,teplo,Q2,2,12,0,0,96.032,0.8333,0.8333,0.9167,0.0675,1.0,0.0,73.33,928,0.25,0.1,6.47,2026-07-06T01:47:22
bf98998c99,P4_gray_denoise,teplo,Q2,2,12,0,0,95.274,0.75,0.8333,0.9167,0.075,1.0,0.0,83.2,868,0.25,5.03,5.69,2026-07-06T01:47:33
bf98998c99,P5_gray_clahe,teplo,Q2,2,12,0,0,96.032,0.8333,0.8333,0.9167,0.0675,1.0,0.0,81.31,673,0.25,0.02,6.98,2026-07-06T01:47:40
bf98998c99,P6_gray_denoise_otsu,teplo,Q2,2,12,0,0,95.274,0.75,0.8333,0.9167,0.075,1.0,0.0,75.86,858,0.25,4.92,5.5,2026-07-06T01:47:50
bf98998c99,P7_gray_clahe_denoise,teplo,Q2,2,12,0,0,96.032,0.8333,0.8333,0.9167,0.0675,1.0,0.0,81.5,697,0.25,4.99,7.41,2026-07-06T01:48:03
bf98998c99,P8_clahe_den_desk_otsu,teplo,Q2,2,12,0,0,92.561,0.75,0.75,0.8333,0.1084,1.0,0.0,69.73,625,0.25,5.21,7.2,2026-07-06T01:48:15
3d8e380b6b,P0_baseline,teplo,Q3,1,12,0,0,67.749,0.3333,0.4167,0.6667,0.3491,1.0,0.0,80.91,79,0.13,0.0,1.58,2026-07-06T01:48:17
3d8e380b6b,P1_gray,teplo,Q3,1,12,0,0,66.045,0.4167,0.5,0.5833,0.3797,1.0,0.0,76.72,56,0.13,0.0,1.1,2026-07-06T01:48:18
3d8e380b6b,P2_gray_otsu,teplo,Q3,1,12,0,0,66.879,0.5,0.5,0.5833,0.3455,1.0,0.0,70.54,56,0.13,0.01,0.95,2026-07-06T01:48:19
3d8e380b6b,P3_gray_adaptive,teplo,Q3,1,12,0,0,88.202,0.6667,0.6667,0.9167,0.1237,1.0,0.0,64.98,195,0.13,0.05,1.81,2026-07-06T01:48:21
3d8e380b6b,P4_gray_denoise,teplo,Q3,1,12,0,0,69.624,0.5,0.5,0.6667,0.3379,1.0,0.0,76.99,88,0.13,2.44,1.15,2026-07-06T01:48:24
3d8e380b6b,P5_gray_clahe,teplo,Q3,1,12,0,0,62.018,0.25,0.3333,0.5833,0.4354,1.0,0.0,71.3,75,0.13,0.01,1.26,2026-07-06T01:48:26
3d8e380b6b,P6_gray_denoise_otsu,teplo,Q3,1,12,0,0,69.049,0.5,0.5,0.6667,0.3332,1.0,0.0,69.15,87,0.13,2.53,1.05,2026-07-06T01:48:29
3d8e380b6b,P7_gray_clahe_denoise,teplo,Q3,1,12,0,0,67.984,0.5,0.5,0.6667,0.3453,1.0,0.0,69.88,124,0.13,2.59,1.71,2026-07-06T01:48:34
3d8e380b6b,P8_clahe_den_desk_otsu,teplo,Q3,1,12,0,0,67.984,0.5,0.5,0.6667,0.3546,1.0,0.0,62.14,122,0.13,2.48,1.46,2026-07-06T01:48:38
066689e0e7,P0_baseline,voda,Q1,4,15,0,0,99.825,0.9333,1.0,1.0,0.0018,1.0,0.0,86.61,729,0.71,0.0,8.22,2026-07-06T01:48:47
066689e0e7,P1_gray,voda,Q1,4,15,0,0,99.825,0.9333,1.0,1.0,0.0018,1.0,0.0,86.45,734,0.71,0.01,6.4,2026-07-06T01:48:53
066689e0e7,P2_gray_otsu,voda,Q1,4,15,0,0,99.825,0.9333,1.0,1.0,0.0018,1.0,0.0,86.06,743,0.71,0.04,5.3,2026-07-06T01:48:58
066689e0e7,P3_gray_adaptive,voda,Q1,4,15,0,0,99.825,0.9333,1.0,1.0,0.0018,1.0,0.0,83.48,770,0.71,0.23,5.56,2026-07-06T01:49:04
066689e0e7,P4_gray_denoise,voda,Q1,4,15,0,0,99.825,0.9333,1.0,1.0,0.0018,1.0,0.0,87.03,734,0.71,10.17,5.74,2026-07-06T01:49:20
066689e0e7,P5_gray_clahe,voda,Q1,4,15,0,0,99.825,0.9333,1.0,1.0,0.0018,1.0,0.0,87.07,738,0.71,0.05,6.33,2026-07-06T01:49:27
066689e0e7,P6_gray_denoise_otsu,voda,Q1,4,15,0,0,99.825,0.9333,1.0,1.0,0.0018,1.0,0.0,85.95,745,0.71,9.95,5.19,2026-07-06T01:49:42
066689e0e7,P7_gray_clahe_denoise,voda,Q1,4,15,0,0,99.825,0.9333,1.0,1.0,0.0018,1.0,0.0,86.61,742,0.71,9.71,5.9,2026-07-06T01:49:57
066689e0e7,P8_clahe_den_desk_otsu,voda,Q1,4,15,0,0,99.825,0.9333,1.0,1.0,0.0018,1.0,0.0,85.07,755,0.71,9.98,5.41,2026-07-06T01:50:13
f10f055d93,P0_baseline,voda,Q2,4,15,0,0,99.825,0.9333,1.0,1.0,0.0018,1.0,0.0,84.59,1239,0.24,0.0,10.69,2026-07-06T01:50:24
f10f055d93,P1_gray,voda,Q2,4,15,0,0,97.158,0.8667,0.9333,0.9333,0.0351,1.0,0.0,84.85,1221,0.24,0.01,8.82,2026-07-06T01:50:33
f10f055d93,P2_gray_otsu,voda,Q2,4,15,0,0,99.825,0.9333,1.0,1.0,0.0035,1.0,0.0,77.2,1225,0.24,0.03,7.78,2026-07-06T01:50:41
f10f055d93,P3_gray_adaptive,voda,Q2,4,15,0,0,98.047,0.8,0.9333,1.0,0.0213,1.0,0.0,65.05,1321,0.24,0.21,13.96,2026-07-06T01:50:55
f10f055d93,P4_gray_denoise,voda,Q2,4,15,0,0,97.158,0.8667,0.9333,0.9333,0.0351,1.0,0.0,85.36,1215,0.24,9.93,8.8,2026-07-06T01:51:14
f10f055d93,P5_gray_clahe,voda,Q2,4,15,0,0,97.158,0.8667,0.9333,0.9333,0.0351,1.0,0.0,80.67,1095,0.24,0.05,9.07,2026-07-06T01:51:23
f10f055d93,P6_gray_denoise_otsu,voda,Q2,4,15,0,0,99.825,0.9333,1.0,1.0,0.0018,1.0,0.0,78.25,1222,0.24,10.17,8.05,2026-07-06T01:51:41
f10f055d93,P7_gray_clahe_denoise,voda,Q2,4,15,0,0,99.825,0.9333,1.0,1.0,0.0018,1.0,0.0,82.21,1180,0.24,10.63,9.96,2026-07-06T01:52:02
f10f055d93,P8_clahe_den_desk_otsu,voda,Q2,4,15,0,0,97.539,0.8,0.8667,1.0,0.0313,1.0,0.0,77.56,1213,0.24,10.6,8.41,2026-07-06T01:52:21
5b6897339d,P0_baseline,voda,Q3,4,15,0,0,49.242,0.0,0.0,0.4,0.572,,,51.61,252,0.23,0.0,7.27,2026-07-06T01:52:28
5b6897339d,P1_gray,voda,Q3,4,15,0,0,64.175,0.0,0.0667,0.4,0.4363,1.0,0.0,45.87,392,0.23,0.01,8.16,2026-07-06T01:52:36
5b6897339d,P2_gray_otsu,voda,Q3,4,15,0,0,39.81,0.0,0.0,0.0667,0.6536,,,32.49,401,0.23,0.03,8.07,2026-07-06T01:52:45
5b6897339d,P3_gray_adaptive,voda,Q3,4,15,0,0,44.389,0.0667,0.0667,0.1333,0.5931,1.0,0.0,40.41,647,0.23,0.23,15.2,2026-07-06T01:53:00
5b6897339d,P4_gray_denoise,voda,Q3,4,15,0,0,64.44,0.0,0.2,0.4,0.4488,1.0,0.0,45.72,515,0.23,10.34,7.87,2026-07-06T01:53:18
5b6897339d,P5_gray_clahe,voda,Q3,4,15,0,0,3.704,0.0,0.0,0.0,0.9737,,,50.47,70,0.23,0.05,3.35,2026-07-06T01:53:22
5b6897339d,P6_gray_denoise_otsu,voda,Q3,4,15,0,0,47.999,0.0,0.0,0.0667,0.5864,,,39.07,506,0.23,10.25,7.05,2026-07-06T01:53:39
5b6897339d,P7_gray_clahe_denoise,voda,Q3,4,15,0,0,5.614,0.0,0.0,0.0667,0.9439,,,55.23,69,0.23,9.95,3.85,2026-07-06T01:53:53
5b6897339d,P8_clahe_den_desk_otsu,voda,Q3,4,15,0,0,4.035,0.0,0.0,0.0,0.9649,,,30.02,72,0.23,10.17,2.67,2026-07-06T01:54:06
ec8b26702f,P0_baseline,elektrina_nn,Q1,5,15,0,3,92.667,0.8667,0.9333,0.9333,0.0733,1.0,0.0,87.32,1728,0.63,0.0,14.96,2026-07-06T01:54:21
ec8b26702f,P1_gray,elektrina_nn,Q1,5,15,0,3,92.667,0.8667,0.9333,0.9333,0.0733,1.0,0.0,87.29,1728,0.63,0.01,12.4,2026-07-06T01:54:34
ec8b26702f,P2_gray_otsu,elektrina_nn,Q1,5,15,0,3,92.667,0.8667,0.9333,0.9333,0.0733,1.0,0.0,84.38,1729,0.63,0.05,11.05,2026-07-06T01:54:45
ec8b26702f,P3_gray_adaptive,elektrina_nn,Q1,5,15,0,3,93.333,0.9333,0.9333,0.9333,0.0667,1.0,0.0,77.94,1894,0.63,0.29,12.76,2026-07-06T01:54:58
ec8b26702f,P4_gray_denoise,elektrina_nn,Q1,5,15,0,3,92.667,0.8667,0.9333,0.9333,0.0733,1.0,0.0,87.41,1732,0.63,11.78,11.8,2026-07-06T01:55:22
ec8b26702f,P5_gray_clahe,elektrina_nn,Q1,5,15,0,3,86.0,0.8,0.8667,0.8667,0.14,1.0,0.0,84.27,1488,0.63,0.06,11.88,2026-07-06T01:55:34
ec8b26702f,P6_gray_denoise_otsu,elektrina_nn,Q1,5,15,0,3,92.667,0.8667,0.9333,0.9333,0.0733,1.0,0.0,84.41,1730,0.63,12.0,11.07,2026-07-06T01:55:57
ec8b26702f,P7_gray_clahe_denoise,elektrina_nn,Q1,5,15,0,3,86.0,0.8,0.8667,0.8667,0.14,1.0,0.0,85.22,1574,0.63,11.91,12.16,2026-07-06T01:56:21
ec8b26702f,P8_clahe_den_desk_otsu,elektrina_nn,Q1,5,15,0,3,86.0,0.8,0.8667,0.8667,0.14,1.0,0.0,82.37,1570,0.63,12.13,10.98,2026-07-06T01:56:44
98f6c91fbb,P0_baseline,elektrina_nn,Q2,6,12,2,0,96.296,0.9167,0.9167,0.9167,0.0556,1.0,0.0,84.63,1728,0.74,0.0,16.89,2026-07-06T01:57:02
98f6c91fbb,P1_gray,elektrina_nn,Q2,6,12,2,0,100.0,1.0,1.0,1.0,0.0,1.0,0.0,82.71,2009,0.74,0.02,14.2,2026-07-06T01:57:16
98f6c91fbb,P2_gray_otsu,elektrina_nn,Q2,6,12,2,0,100.0,1.0,1.0,1.0,0.0,1.0,0.0,80.52,2025,0.74,0.05,12.94,2026-07-06T01:57:29
98f6c91fbb,P3_gray_adaptive,elektrina_nn,Q2,6,12,2,0,95.208,0.75,0.9167,0.9167,0.0687,1.0,0.0,82.49,1764,0.74,0.33,13.21,2026-07-06T01:57:43
98f6c91fbb,P4_gray_denoise,elektrina_nn,Q2,6,12,2,0,96.296,0.9167,0.9167,0.9167,0.0556,1.0,0.0,81.03,2057,0.74,14.29,14.08,2026-07-06T01:58:11
98f6c91fbb,P5_gray_clahe,elektrina_nn,Q2,6,12,2,0,96.296,0.9167,0.9167,0.9167,0.0602,1.0,0.0,82.69,1418,0.74,0.07,13.34,2026-07-06T01:58:25
98f6c91fbb,P6_gray_denoise_otsu,elektrina_nn,Q2,6,12,2,0,96.296,0.9167,0.9167,0.9167,0.0509,1.0,0.0,79.82,2033,0.74,14.33,12.85,2026-07-06T01:58:52
98f6c91fbb,P7_gray_clahe_denoise,elektrina_nn,Q2,6,12,2,0,96.296,0.9167,0.9167,0.9167,0.0602,1.0,0.0,85.98,1358,0.74,14.35,11.96,2026-07-06T01:59:18
98f6c91fbb,P8_clahe_den_desk_otsu,elektrina_nn,Q2,6,12,2,0,91.892,0.75,0.8333,0.8333,0.1234,1.0,0.0,81.51,1434,0.74,14.68,13.1,2026-07-06T01:59:46
f76c0027d0,P0_baseline,elektrina_nn,Q3,5,14,1,1,91.448,0.5714,0.7857,0.8571,0.0944,1.0,0.0,52.88,716,0.61,0.0,10.66,2026-07-06T01:59:58
f76c0027d0,P1_gray,elektrina_nn,Q3,5,14,1,1,79.94,0.3571,0.5714,0.6429,0.2317,1.0,0.0,53.15,737,0.61,0.01,8.05,2026-07-06T02:00:06
f76c0027d0,P2_gray_otsu,elektrina_nn,Q3,5,14,1,1,79.691,0.2857,0.4286,0.7143,0.267,1.0,0.0,41.01,766,0.61,0.04,7.96,2026-07-06T02:00:14
f76c0027d0,P3_gray_adaptive,elektrina_nn,Q3,5,14,1,1,84.773,0.5,0.6429,0.7857,0.189,1.0,0.0,44.12,1752,0.61,0.26,12.92,2026-07-06T02:00:27
f76c0027d0,P4_gray_denoise,elektrina_nn,Q3,5,14,1,1,89.181,0.5714,0.6429,0.7143,0.1426,1.0,0.0,48.73,962,0.61,12.14,9.94,2026-07-06T02:00:49
f76c0027d0,P5_gray_clahe,elektrina_nn,Q3,5,14,1,1,67.857,0.3571,0.4286,0.5,0.3357,1.0,0.0,49.46,531,0.61,0.06,8.78,2026-07-06T02:00:58
f76c0027d0,P6_gray_denoise_otsu,elektrina_nn,Q3,5,14,1,1,75.839,0.2143,0.3571,0.5714,0.2919,1.0,0.0,37.36,968,0.61,11.79,9.57,2026-07-06T02:01:19
f76c0027d0,P7_gray_clahe_denoise,elektrina_nn,Q3,5,14,1,1,81.274,0.3571,0.5714,0.7143,0.2437,1.0,0.0,45.65,586,0.61,11.93,7.93,2026-07-06T02:01:39
f76c0027d0,P8_clahe_den_desk_otsu,elektrina_nn,Q3,5,14,1,1,38.393,0.0,0.0,0.1429,0.6982,,,35.09,309,0.61,12.51,5.16,2026-07-06T02:01:57
c394bb3a61,P0_baseline,elektrina_vn,Q1,4,12,0,0,96.181,0.8333,0.8333,0.9167,0.0625,1.0,0.0,85.61,1290,0.59,0.0,10.65,2026-07-06T02:02:08
c394bb3a61,P1_gray,elektrina_vn,Q1,4,12,0,0,96.181,0.8333,0.8333,0.9167,0.0625,1.0,0.0,85.61,1290,0.59,0.01,8.44,2026-07-06T02:02:17
c394bb3a61,P2_gray_otsu,elektrina_vn,Q1,4,12,0,0,96.181,0.8333,0.8333,0.9167,0.0625,1.0,0.0,83.75,1290,0.59,0.04,7.83,2026-07-06T02:02:25
c394bb3a61,P3_gray_adaptive,elektrina_vn,Q1,4,12,0,0,96.181,0.8333,0.8333,0.9167,0.0625,1.0,0.0,84.62,1254,0.59,0.21,8.03,2026-07-06T02:02:33
c394bb3a61,P4_gray_denoise,elektrina_vn,Q1,4,12,0,0,96.181,0.8333,0.8333,0.9167,0.0625,1.0,0.0,87.08,1256,0.59,9.55,8.22,2026-07-06T02:02:51
c394bb3a61,P5_gray_clahe,elektrina_vn,Q1,4,12,0,0,95.139,0.8333,0.8333,0.9167,0.0729,1.0,0.0,86.35,1154,0.59,0.04,9.12,2026-07-06T02:03:00
c394bb3a61,P6_gray_denoise_otsu,elektrina_vn,Q1,4,12,0,0,96.181,0.8333,0.8333,0.9167,0.0625,1.0,0.0,85.13,1273,0.59,9.74,7.73,2026-07-06T02:03:18
c394bb3a61,P7_gray_clahe_denoise,elektrina_vn,Q1,4,12,0,0,95.139,0.8333,0.8333,0.9167,0.0729,1.0,0.0,87.19,1176,0.59,9.27,8.85,2026-07-06T02:03:36
c394bb3a61,P8_clahe_den_desk_otsu,elektrina_vn,Q1,4,12,0,0,95.139,0.8333,0.8333,0.9167,0.0729,1.0,0.0,85.76,1189,0.59,9.47,7.97,2026-07-06T02:03:53
418cdff02b,P0_baseline,elektrina_vn,Q2,4,12,0,0,96.944,0.8333,0.8333,1.0,0.0444,1.0,0.0,83.02,1334,0.49,0.0,10.87,2026-07-06T02:04:05
418cdff02b,P1_gray,elektrina_vn,Q2,4,12,0,0,96.944,0.8333,0.8333,1.0,0.0444,1.0,0.0,80.36,1394,0.49,0.01,9.26,2026-07-06T02:04:14
418cdff02b,P2_gray_otsu,elektrina_vn,Q2,4,12,0,0,96.944,0.8333,0.8333,1.0,0.0444,1.0,0.0,76.69,1395,0.49,0.03,8.58,2026-07-06T02:04:23
418cdff02b,P3_gray_adaptive,elektrina_vn,Q2,4,12,0,0,97.778,0.8333,0.9167,1.0,0.0361,1.0,0.0,81.66,1356,0.49,0.21,8.5,2026-07-06T02:04:31
418cdff02b,P4_gray_denoise,elektrina_vn,Q2,4,12,0,0,93.194,0.6667,0.6667,1.0,0.0924,1.0,0.0,84.12,1299,0.49,9.21,8.69,2026-07-06T02:04:49
418cdff02b,P5_gray_clahe,elektrina_vn,Q2,4,12,0,0,96.944,0.8333,0.8333,1.0,0.0444,1.0,0.0,82.17,1251,0.49,0.04,10.1,2026-07-06T02:05:00
418cdff02b,P6_gray_denoise_otsu,elektrina_vn,Q2,4,12,0,0,93.194,0.6667,0.6667,1.0,0.0924,1.0,0.0,79.8,1319,0.49,9.55,8.36,2026-07-06T02:05:18
418cdff02b,P7_gray_clahe_denoise,elektrina_vn,Q2,4,12,0,0,96.944,0.8333,0.8333,1.0,0.0528,1.0,0.0,85.75,1238,0.49,9.4,10.43,2026-07-06T02:05:37
418cdff02b,P8_clahe_den_desk_otsu,elektrina_vn,Q2,4,12,0,0,96.944,0.8333,0.8333,1.0,0.0528,1.0,0.0,80.78,1234,0.49,9.99,9.74,2026-07-06T02:05:57
30ac387975,P0_baseline,elektrina_vn,Q3,3,12,0,0,95.833,0.8333,0.8333,0.9167,0.0729,1.0,0.0,62.44,680,0.38,0.0,11.7,2026-07-06T02:06:09
30ac387975,P1_gray,elektrina_vn,Q3,3,12,0,0,95.833,0.8333,0.8333,0.9167,0.0729,1.0,0.0,62.44,680,0.38,0.01,10.22,2026-07-06T02:06:20
30ac387975,P2_gray_otsu,elektrina_vn,Q3,3,12,0,0,95.833,0.8333,0.8333,0.9167,0.0729,1.0,0.0,57.32,688,0.38,0.03,9.67,2026-07-06T02:06:29
30ac387975,P3_gray_adaptive,elektrina_vn,Q3,3,12,0,0,72.978,0.25,0.4167,0.8333,0.3015,1.0,0.0,56.38,909,0.38,0.16,8.48,2026-07-06T02:06:38
30ac387975,P4_gray_denoise,elektrina_vn,Q3,3,12,0,0,93.75,0.75,0.75,0.9167,0.1146,1.0,0.0,62.07,682,0.38,7.08,9.87,2026-07-06T02:06:55
30ac387975,P5_gray_clahe,elektrina_vn,Q3,3,12,0,0,80.463,0.5,0.5,0.75,0.2266,1.0,0.0,63.13,541,0.38,0.03,8.06,2026-07-06T02:07:03
30ac387975,P6_gray_denoise_otsu,elektrina_vn,Q3,3,12,0,0,92.708,0.75,0.75,0.8333,0.125,1.0,0.0,56.14,690,0.38,7.1,9.65,2026-07-06T02:07:20
30ac387975,P7_gray_clahe_denoise,elektrina_vn,Q3,3,12,0,0,80.463,0.5,0.5,0.75,0.2266,1.0,0.0,63.02,577,0.38,7.02,8.27,2026-07-06T02:07:35
30ac387975,P8_clahe_den_desk_otsu,elektrina_vn,Q3,3,12,0,0,80.463,0.5,0.5,0.75,0.2359,1.0,0.0,61.19,379,0.38,7.46,5.84,2026-07-06T02:07:49
1346a35809,P0_baseline,plyn_mo,Q1,4,14,0,0,100.0,1.0,1.0,1.0,0.0,1.0,0.0,76.8,1973,0.63,0.0,16.71,2026-07-06T02:08:06
1346a35809,P1_gray,plyn_mo,Q1,4,14,0,0,100.0,1.0,1.0,1.0,0.0,1.0,0.0,80.29,1826,0.63,0.01,13.53,2026-07-06T02:08:20
1346a35809,P2_gray_otsu,plyn_mo,Q1,4,14,0,0,100.0,1.0,1.0,1.0,0.0,1.0,0.0,82.9,1774,0.63,0.04,12.28,2026-07-06T02:08:32
1346a35809,P3_gray_adaptive,plyn_mo,Q1,4,14,0,0,97.411,0.8571,0.9286,0.9286,0.0304,1.0,0.0,79.7,1729,0.63,0.21,11.36,2026-07-06T02:08:44
1346a35809,P4_gray_denoise,plyn_mo,Q1,4,14,0,0,100.0,1.0,1.0,1.0,0.0,1.0,0.0,81.5,1806,0.63,9.75,13.15,2026-07-06T02:09:07
1346a35809,P5_gray_clahe,plyn_mo,Q1,4,14,0,0,100.0,1.0,1.0,1.0,0.0,1.0,0.0,78.52,1916,0.63,0.05,14.28,2026-07-06T02:09:21
1346a35809,P6_gray_denoise_otsu,plyn_mo,Q1,4,14,0,0,100.0,1.0,1.0,1.0,0.0,1.0,0.0,82.81,1788,0.63,9.71,12.17,2026-07-06T02:09:43
1346a35809,P7_gray_clahe_denoise,plyn_mo,Q1,4,14,0,0,100.0,1.0,1.0,1.0,0.0,1.0,0.0,80.34,1852,0.63,9.57,13.09,2026-07-06T02:10:06
1346a35809,P8_clahe_den_desk_otsu,plyn_mo,Q1,4,14,0,0,100.0,1.0,1.0,1.0,0.0,1.0,0.0,84.78,1549,0.63,9.83,9.62,2026-07-06T02:10:25
ffc144774c,P0_baseline,plyn_mo,Q2,4,14,0,1,97.857,0.9286,0.9286,0.9286,0.0214,1.0,0.0,83.65,1603,0.53,0.0,16.76,2026-07-06T02:10:42
ffc144774c,P1_gray,plyn_mo,Q2,4,14,0,1,97.857,0.9286,0.9286,0.9286,0.0357,1.0,0.0,83.73,1640,0.53,0.01,12.6,2026-07-06T02:10:55
ffc144774c,P2_gray_otsu,plyn_mo,Q2,4,14,0,1,97.411,0.8571,0.9286,0.9286,0.0259,1.0,0.0,82.29,1667,0.53,0.03,11.74,2026-07-06T02:11:07
ffc144774c,P3_gray_adaptive,plyn_mo,Q2,4,14,0,1,97.857,0.9286,0.9286,0.9286,0.0214,1.0,0.0,78.43,1645,0.53,0.26,12.76,2026-07-06T02:11:20
ffc144774c,P4_gray_denoise,plyn_mo,Q2,4,14,0,1,97.857,0.9286,0.9286,0.9286,0.0214,1.0,0.0,83.46,1618,0.53,9.54,11.36,2026-07-06T02:11:41
ffc144774c,P5_gray_clahe,plyn_mo,Q2,4,14,0,1,99.286,0.9286,1.0,1.0,0.0071,1.0,0.0,82.49,1503,0.53,0.05,13.46,2026-07-06T02:11:54
ffc144774c,P6_gray_denoise_otsu,plyn_mo,Q2,4,14,0,1,97.411,0.8571,0.9286,0.9286,0.0259,1.0,0.0,82.43,1630,0.53,9.57,10.36,2026-07-06T02:12:14
ffc144774c,P7_gray_clahe_denoise,plyn_mo,Q2,4,14,0,1,97.857,0.9286,0.9286,0.9286,0.0214,1.0,0.0,82.12,1520,0.53,9.6,12.69,2026-07-06T02:12:37
ffc144774c,P8_clahe_den_desk_otsu,plyn_mo,Q2,4,14,0,1,98.839,0.8571,1.0,1.0,0.0161,1.0,0.0,79.25,1122,0.53,10.28,9.66,2026-07-06T02:12:57
74f9fa2081,P0_baseline,plyn_vo,Q1,4,13,0,0,94.017,0.7692,0.7692,0.8462,0.0983,1.0,0.0,80.62,1893,0.49,0.0,14.97,2026-07-06T02:13:12
74f9fa2081,P1_gray,plyn_vo,Q1,4,13,0,0,94.017,0.7692,0.7692,0.8462,0.0983,1.0,0.0,80.62,1893,0.49,0.01,12.52,2026-07-06T02:13:25
74f9fa2081,P2_gray_otsu,plyn_vo,Q1,4,13,0,0,94.017,0.7692,0.7692,0.8462,0.0983,1.0,0.0,81.45,1858,0.49,0.04,11.66,2026-07-06T02:13:37
74f9fa2081,P3_gray_adaptive,plyn_vo,Q1,4,13,0,0,94.017,0.7692,0.7692,0.8462,0.1111,1.0,0.0,79.65,1733,0.49,0.21,10.07,2026-07-06T02:13:47
74f9fa2081,P4_gray_denoise,plyn_vo,Q1,4,13,0,0,94.017,0.7692,0.7692,0.8462,0.0983,1.0,0.0,81.47,1862,0.49,9.46,12.17,2026-07-06T02:14:09
74f9fa2081,P5_gray_clahe,plyn_vo,Q1,4,13,0,0,94.017,0.7692,0.7692,0.8462,0.0983,1.0,0.0,82.71,1824,0.49,0.05,11.25,2026-07-06T02:14:20
74f9fa2081,P6_gray_denoise_otsu,plyn_vo,Q1,4,13,0,0,94.017,0.7692,0.7692,0.8462,0.1111,1.0,0.0,81.71,1846,0.49,9.68,11.54,2026-07-06T02:14:41
74f9fa2081,P7_gray_clahe_denoise,plyn_vo,Q1,4,13,0,0,94.017,0.7692,0.7692,0.8462,0.0983,1.0,0.0,82.29,1851,0.49,9.42,11.74,2026-07-06T02:15:03
74f9fa2081,P8_clahe_den_desk_otsu,plyn_vo,Q1,4,13,0,0,88.889,0.7692,0.7692,0.8462,0.1368,1.0,0.0,82.6,1490,0.49,10.26,9.24,2026-07-06T02:15:22
78d681fe11,P0_baseline,plyn_vo,Q2,3,13,0,0,94.029,0.7692,0.7692,0.8462,0.0759,1.0,0.0,85.58,1109,0.38,0.0,10.87,2026-07-06T02:15:33
78d681fe11,P1_gray,plyn_vo,Q2,3,13,0,0,95.739,0.7692,0.7692,0.9231,0.0503,1.0,0.0,86.49,1085,0.38,0.01,8.24,2026-07-06T02:15:42
78d681fe11,P2_gray_otsu,plyn_vo,Q2,3,13,0,0,95.739,0.7692,0.7692,0.9231,0.0503,1.0,0.0,84.88,1082,0.38,0.02,7.42,2026-07-06T02:15:49
78d681fe11,P3_gray_adaptive,plyn_vo,Q2,3,13,0,0,95.739,0.7692,0.7692,0.9231,0.0503,1.0,0.0,80.78,987,0.38,0.17,6.41,2026-07-06T02:15:56
78d681fe11,P4_gray_denoise,plyn_vo,Q2,3,13,0,0,95.739,0.7692,0.7692,0.9231,0.0503,1.0,0.0,87.72,1084,0.38,7.63,7.87,2026-07-06T02:16:11
78d681fe11,P5_gray_clahe,plyn_vo,Q2,3,13,0,0,90.513,0.6154,0.6923,0.7692,0.1111,1.0,0.0,80.5,885,0.38,0.03,7.81,2026-07-06T02:16:19
78d681fe11,P6_gray_denoise_otsu,plyn_vo,Q2,3,13,0,0,95.739,0.7692,0.7692,0.9231,0.0503,1.0,0.0,86.18,1078,0.38,7.28,7.05,2026-07-06T02:16:34
78d681fe11,P7_gray_clahe_denoise,plyn_vo,Q2,3,13,0,0,94.029,0.7692,0.7692,0.8462,0.0759,1.0,0.0,83.75,911,0.38,7.32,7.53,2026-07-06T02:16:49
78d681fe11,P8_clahe_den_desk_otsu,plyn_vo,Q2,3,13,0,0,94.029,0.7692,0.7692,0.8462,0.0759,1.0,0.0,82.83,915,0.38,7.75,7.15,2026-07-06T02:17:03
c92e5058f9,P0_baseline,plyn_vo,Q3,4,13,0,0,96.978,0.8462,0.8462,1.0,0.0495,1.0,0.0,74.54,1740,0.5,0.0,15.13,2026-07-06T02:17:19
c92e5058f9,P1_gray,plyn_vo,Q3,4,13,0,0,96.978,0.8462,0.8462,1.0,0.0495,1.0,0.0,74.7,1739,0.5,0.01,12.34,2026-07-06T02:17:32
c92e5058f9,P2_gray_otsu,plyn_vo,Q3,4,13,0,0,96.978,0.8462,0.8462,1.0,0.0495,1.0,0.0,73.78,1745,0.5,0.03,10.46,2026-07-06T02:17:42
c92e5058f9,P3_gray_adaptive,plyn_vo,Q3,4,13,0,0,92.555,0.6923,0.6923,0.9231,0.1187,1.0,0.0,69.61,1376,0.5,0.21,8.81,2026-07-06T02:17:51
c92e5058f9,P4_gray_denoise,plyn_vo,Q3,4,13,0,0,96.978,0.8462,0.8462,1.0,0.0495,1.0,0.0,75.85,1758,0.5,10.34,11.8,2026-07-06T02:18:13
c92e5058f9,P5_gray_clahe,plyn_vo,Q3,4,13,0,0,92.885,0.7692,0.7692,0.8462,0.1173,1.0,0.0,80.74,1269,0.5,0.05,10.04,2026-07-06T02:18:24
c92e5058f9,P6_gray_denoise_otsu,plyn_vo,Q3,4,13,0,0,96.978,0.8462,0.8462,1.0,0.0495,1.0,0.0,73.57,1753,0.5,10.01,10.47,2026-07-06T02:18:44
c92e5058f9,P7_gray_clahe_denoise,plyn_vo,Q3,4,13,0,0,93.205,0.7692,0.7692,0.8462,0.112,1.0,0.0,82.17,1235,0.5,9.73,10.15,2026-07-06T02:19:04
c92e5058f9,P8_clahe_den_desk_otsu,plyn_vo,Q3,4,13,0,0,93.205,0.7692,0.7692,0.8462,0.112,1.0,0.0,81.42,1246,0.5,10.23,8.71,2026-07-06T02:19:23
7011946930,P0_baseline,teplo,Q1,1,12,0,0,97.222,0.9167,0.9167,0.9167,0.0417,1.0,0.0,83.76,148,0.13,0.0,1.77,2026-07-06T02:19:25
7011946930,P1_gray,teplo,Q1,1,12,0,0,97.222,0.9167,0.9167,0.9167,0.0417,1.0,0.0,83.76,148,0.13,0.0,1.47,2026-07-06T02:19:26
7011946930,P2_gray_otsu,teplo,Q1,1,12,0,0,97.222,0.9167,0.9167,0.9167,0.0417,1.0,0.0,83.48,138,0.13,0.01,1.35,2026-07-06T02:19:28
7011946930,P3_gray_adaptive,teplo,Q1,1,12,0,0,97.222,0.9167,0.9167,0.9167,0.0417,1.0,0.0,84.83,139,0.13,0.06,1.32,2026-07-06T02:19:29
7011946930,P4_gray_denoise,teplo,Q1,1,12,0,0,97.222,0.9167,0.9167,0.9167,0.0556,1.0,0.0,87.0,137,0.13,2.43,1.38,2026-07-06T02:19:33
7011946930,P5_gray_clahe,teplo,Q1,1,12,0,0,97.222,0.9167,0.9167,0.9167,0.0556,1.0,0.0,83.78,142,0.13,0.01,1.47,2026-07-06T02:19:35
7011946930,P6_gray_denoise_otsu,teplo,Q1,1,12,0,0,97.222,0.9167,0.9167,0.9167,0.0556,1.0,0.0,85.22,137,0.13,2.53,1.33,2026-07-06T02:19:38
7011946930,P7_gray_clahe_denoise,teplo,Q1,1,12,0,0,97.222,0.9167,0.9167,0.9167,0.0417,1.0,0.0,83.15,152,0.13,2.46,1.54,2026-07-06T02:19:42
7011946930,P8_clahe_den_desk_otsu,teplo,Q1,1,12,0,0,97.222,0.9167,0.9167,0.9167,0.0417,1.0,0.0,84.66,141,0.13,2.66,1.29,2026-07-06T02:19:46
b47094b59d,P0_baseline,teplo,Q2,1,12,0,0,91.239,0.75,0.75,0.75,0.1521,1.0,0.0,87.79,165,0.13,0.0,1.95,2026-07-06T02:19:48
b47094b59d,P1_gray,teplo,Q2,1,12,0,0,91.239,0.75,0.75,0.75,0.1521,1.0,0.0,88.56,164,0.13,0.0,1.47,2026-07-06T02:19:50
b47094b59d,P2_gray_otsu,teplo,Q2,1,12,0,0,91.239,0.75,0.75,0.75,0.1521,1.0,0.0,84.7,166,0.13,0.01,1.33,2026-07-06T02:19:51
b47094b59d,P3_gray_adaptive,teplo,Q2,1,12,0,0,90.824,0.6667,0.75,0.75,0.1492,1.0,0.0,70.91,210,0.13,0.06,1.64,2026-07-06T02:19:53
b47094b59d,P4_gray_denoise,teplo,Q2,1,12,0,0,91.239,0.75,0.75,0.75,0.1521,1.0,0.0,88.92,164,0.13,2.5,1.48,2026-07-06T02:19:57
b47094b59d,P5_gray_clahe,teplo,Q2,1,12,0,0,89.722,0.6667,0.6667,0.75,0.1824,1.0,0.0,76.8,177,0.13,0.01,1.5,2026-07-06T02:19:59
b47094b59d,P6_gray_denoise_otsu,teplo,Q2,1,12,0,0,91.239,0.75,0.75,0.75,0.1521,1.0,0.0,84.52,165,0.13,2.39,1.28,2026-07-06T02:20:02
b47094b59d,P7_gray_clahe_denoise,teplo,Q2,1,12,0,0,91.111,0.75,0.75,0.75,0.1463,1.0,0.0,85.51,169,0.13,2.26,1.55,2026-07-06T02:20:06
b47094b59d,P8_clahe_den_desk_otsu,teplo,Q2,1,12,0,0,90.824,0.6667,0.75,0.75,0.1492,1.0,0.0,82.36,172,0.13,2.55,1.35,2026-07-06T02:20:10
0c0db733b6,P0_baseline,teplo,Q3,1,12,0,0,89.838,0.75,0.75,0.75,0.1576,1.0,0.0,86.29,171,0.14,0.0,2.34,2026-07-06T02:20:12
0c0db733b6,P1_gray,teplo,Q3,1,12,0,0,89.838,0.75,0.75,0.75,0.1391,1.0,0.0,86.8,170,0.14,0.0,1.84,2026-07-06T02:20:14
0c0db733b6,P2_gray_otsu,teplo,Q3,1,12,0,0,84.63,0.75,0.75,0.75,0.1704,1.0,0.0,83.94,169,0.14,0.01,1.41,2026-07-06T02:20:16
0c0db733b6,P3_gray_adaptive,teplo,Q3,1,12,0,0,79.273,0.4167,0.5833,0.6667,0.2671,1.0,0.0,57.11,234,0.14,0.05,2.16,2026-07-06T02:20:18
0c0db733b6,P4_gray_denoise,teplo,Q3,1,12,0,0,90.069,0.75,0.75,0.75,0.1576,1.0,0.0,86.26,170,0.14,2.45,1.68,2026-07-06T02:20:22
0c0db733b6,P5_gray_clahe,teplo,Q3,1,12,0,0,89.375,0.6667,0.75,0.75,0.15,1.0,0.0,75.7,167,0.14,0.01,1.76,2026-07-06T02:20:24
0c0db733b6,P6_gray_denoise_otsu,teplo,Q3,1,12,0,0,84.63,0.75,0.75,0.75,0.1981,1.0,0.0,84.07,166,0.14,2.63,1.42,2026-07-06T02:20:28
0c0db733b6,P7_gray_clahe_denoise,teplo,Q3,1,12,0,0,89.005,0.6667,0.75,0.75,0.1567,1.0,0.0,79.97,168,0.14,2.6,2.07,2026-07-06T02:20:33
0c0db733b6,P8_clahe_den_desk_otsu,teplo,Q3,1,12,0,0,84.63,0.75,0.75,0.75,0.1889,1.0,0.0,78.73,171,0.14,2.5,1.66,2026-07-06T02:20:37
214992d9a4,P0_baseline,voda,Q1,4,14,1,0,99.812,0.9286,1.0,1.0,0.0019,1.0,0.0,85.22,771,0.58,0.0,8.21,2026-07-06T02:20:46
214992d9a4,P1_gray,voda,Q1,4,14,1,0,99.812,0.9286,1.0,1.0,0.0038,1.0,0.0,84.76,788,0.58,0.01,6.29,2026-07-06T02:20:52
214992d9a4,P2_gray_otsu,voda,Q1,4,14,1,0,99.812,0.9286,1.0,1.0,0.0019,1.0,0.0,85.44,785,0.58,0.04,5.37,2026-07-06T02:20:57
214992d9a4,P3_gray_adaptive,voda,Q1,4,14,1,0,99.812,0.9286,1.0,1.0,0.0019,1.0,0.0,83.93,803,0.58,0.22,5.61,2026-07-06T02:21:03
214992d9a4,P4_gray_denoise,voda,Q1,4,14,1,0,99.812,0.9286,1.0,1.0,0.0019,1.0,0.0,85.64,784,0.58,9.91,5.87,2026-07-06T02:21:19
214992d9a4,P5_gray_clahe,voda,Q1,4,14,1,0,99.812,0.9286,1.0,1.0,0.0019,1.0,0.0,83.88,788,0.58,0.05,6.33,2026-07-06T02:21:26
214992d9a4,P6_gray_denoise_otsu,voda,Q1,4,14,1,0,99.812,0.9286,1.0,1.0,0.0019,1.0,0.0,85.45,786,0.58,9.71,5.25,2026-07-06T02:21:41
214992d9a4,P7_gray_clahe_denoise,voda,Q1,4,14,1,0,99.812,0.9286,1.0,1.0,0.0019,1.0,0.0,84.03,785,0.58,9.35,6.02,2026-07-06T02:21:56
214992d9a4,P8_clahe_den_desk_otsu,voda,Q1,4,14,1,0,99.812,0.9286,1.0,1.0,0.0019,1.0,0.0,85.61,781,0.58,10.15,4.99,2026-07-06T02:22:11
169b0d5836,P0_baseline,voda,Q2,4,14,1,0,99.812,0.9286,1.0,1.0,0.0019,1.0,0.0,81.62,670,0.25,0.0,7.65,2026-07-06T02:22:19
169b0d5836,P1_gray,voda,Q2,4,14,1,0,99.812,0.9286,1.0,1.0,0.0019,1.0,0.0,82.97,706,0.25,0.01,5.86,2026-07-06T02:22:25
169b0d5836,P2_gray_otsu,voda,Q2,4,14,1,0,99.812,0.9286,1.0,1.0,0.0019,1.0,0.0,71.9,710,0.25,0.03,5.13,2026-07-06T02:22:30
169b0d5836,P3_gray_adaptive,voda,Q2,4,14,1,0,97.491,0.7857,0.8571,1.0,0.043,1.0,0.0,71.8,723,0.25,0.22,5.29,2026-07-06T02:22:36
169b0d5836,P4_gray_denoise,voda,Q2,4,14,1,0,99.812,0.9286,1.0,1.0,0.0019,1.0,0.0,83.89,701,0.25,9.84,5.78,2026-07-06T02:22:51
169b0d5836,P5_gray_clahe,voda,Q2,4,14,1,0,99.812,0.9286,1.0,1.0,0.0019,1.0,0.0,82.73,720,0.25,0.05,6.75,2026-07-06T02:22:58
169b0d5836,P6_gray_denoise_otsu,voda,Q2,4,14,1,0,99.098,0.8571,1.0,1.0,0.009,1.0,0.0,72.65,708,0.25,10.06,5.12,2026-07-06T02:23:13
169b0d5836,P7_gray_clahe_denoise,voda,Q2,4,14,1,0,99.812,0.9286,1.0,1.0,0.0019,1.0,0.0,82.33,725,0.25,9.82,6.51,2026-07-06T02:23:30
169b0d5836,P8_clahe_den_desk_otsu,voda,Q2,4,14,1,0,89.633,0.6429,0.7857,0.9286,0.1197,1.0,0.0,73.88,653,0.25,10.16,5.28,2026-07-06T02:23:45
03c5f13f11,P0_baseline,voda,Q3,4,15,0,0,90.363,0.5333,0.6667,0.8667,0.1112,1.0,0.0,57.8,272,0.2,0.0,7.49,2026-07-06T02:23:53
03c5f13f11,P1_gray,voda,Q3,4,15,0,0,91.057,0.5333,0.7333,0.8667,0.148,1.0,0.0,52.25,288,0.2,0.01,6.77,2026-07-06T02:24:00
03c5f13f11,P2_gray_otsu,voda,Q3,4,15,0,0,56.119,0.0,0.0,0.2667,0.4975,,,32.72,300,0.2,0.03,6.78,2026-07-06T02:24:07
03c5f13f11,P3_gray_adaptive,voda,Q3,4,15,0,0,56.279,0.0,0.0,0.4667,0.484,,,35.59,749,0.2,0.23,18.71,2026-07-06T02:24:26
03c5f13f11,P4_gray_denoise,voda,Q3,4,15,0,0,87.122,0.2,0.4667,0.8667,0.1436,1.0,0.0,57.54,371,0.2,9.8,6.2,2026-07-06T02:24:42
03c5f13f11,P5_gray_clahe,voda,Q3,4,15,0,0,32.376,0.0,0.0667,0.3333,0.6858,1.0,0.0,42.15,218,0.2,0.05,4.2,2026-07-06T02:24:46
03c5f13f11,P6_gray_denoise_otsu,voda,Q3,4,15,0,0,72.07,0.0667,0.1333,0.4667,0.3202,1.0,0.0,44.86,360,0.2,9.64,5.58,2026-07-06T02:25:01
03c5f13f11,P7_gray_clahe_denoise,voda,Q3,4,15,0,0,90.908,0.4667,0.6,0.9333,0.1159,1.0,0.0,57.17,350,0.2,10.05,6.76,2026-07-06T02:25:18
03c5f13f11,P8_clahe_den_desk_otsu,voda,Q3,4,15,0,0,52.729,0.0,0.0,0.2667,0.606,,,27.65,350,0.2,9.83,5.25,2026-07-06T02:25:33
f99f4180a0,P0_baseline,plyn_mo,Q1,4,14,0,0,99.554,0.9286,1.0,1.0,0.0045,1.0,0.0,84.93,1686,0.61,0.0,13.98,2026-07-06T02:25:48
f99f4180a0,P1_gray,plyn_mo,Q1,4,14,0,0,99.554,0.9286,1.0,1.0,0.0045,1.0,0.0,86.34,1600,0.61,0.01,11.54,2026-07-06T02:25:59
f99f4180a0,P2_gray_otsu,plyn_mo,Q1,4,14,0,0,99.554,0.9286,1.0,1.0,0.0089,1.0,0.0,86.14,1614,0.61,0.04,10.63,2026-07-06T02:26:10
f99f4180a0,P3_gray_adaptive,plyn_mo,Q1,4,14,0,0,99.554,0.9286,1.0,1.0,0.0045,1.0,0.0,80.4,1634,0.61,0.22,11.12,2026-07-06T02:26:21
f99f4180a0,P4_gray_denoise,plyn_mo,Q1,4,14,0,0,99.554,0.9286,1.0,1.0,0.0045,1.0,0.0,85.94,1614,0.61,9.85,11.07,2026-07-06T02:26:42
f99f4180a0,P5_gray_clahe,plyn_mo,Q1,4,14,0,0,99.554,0.9286,1.0,1.0,0.0045,1.0,0.0,85.56,1665,0.61,0.05,12.17,2026-07-06T02:26:55
f99f4180a0,P6_gray_denoise_otsu,plyn_mo,Q1,4,14,0,0,99.554,0.9286,1.0,1.0,0.0045,1.0,0.0,85.09,1628,0.61,10.34,10.84,2026-07-06T02:27:16
f99f4180a0,P7_gray_clahe_denoise,plyn_mo,Q1,4,14,0,0,99.554,0.9286,1.0,1.0,0.0045,1.0,0.0,85.58,1690,0.61,9.94,11.47,2026-07-06T02:27:37
f99f4180a0,P8_clahe_den_desk_otsu,plyn_mo,Q1,4,14,0,0,99.554,0.9286,1.0,1.0,0.0045,1.0,0.0,83.77,1690,0.61,11.08,10.86,2026-07-06T02:27:59
5347b06888,P0_baseline,plyn_mo,Q2,4,14,0,0,86.984,0.5714,0.6429,0.8571,0.1675,1.0,0.0,79.55,932,0.56,0.0,12.62,2026-07-06T02:28:13
5347b06888,P1_gray,plyn_mo,Q2,4,14,0,0,94.841,0.7143,0.7143,0.9286,0.0675,1.0,0.0,79.91,1398,0.56,0.01,10.94,2026-07-06T02:28:24
5347b06888,P2_gray_otsu,plyn_mo,Q2,4,14,0,0,95.268,0.6429,0.9286,0.9286,0.0518,1.0,0.0,74.47,1422,0.56,0.03,9.12,2026-07-06T02:28:33
5347b06888,P3_gray_adaptive,plyn_mo,Q2,4,14,0,0,87.698,0.6429,0.6429,0.8571,0.146,1.0,0.0,66.13,1741,0.56,0.21,12.25,2026-07-06T02:28:45
5347b06888,P4_gray_denoise,plyn_mo,Q2,4,14,0,0,94.841,0.7143,0.7143,0.9286,0.0675,1.0,0.0,82.79,1512,0.56,10.03,10.19,2026-07-06T02:29:06
5347b06888,P5_gray_clahe,plyn_mo,Q2,4,14,0,0,94.841,0.7143,0.7143,0.9286,0.0675,1.0,0.0,75.81,1247,0.56,0.04,10.63,2026-07-06T02:29:16
5347b06888,P6_gray_denoise_otsu,plyn_mo,Q2,4,14,0,0,95.714,0.7143,0.9286,0.9286,0.0429,1.0,0.0,76.17,1532,0.56,10.1,9.79,2026-07-06T02:29:36
5347b06888,P7_gray_clahe_denoise,plyn_mo,Q2,4,14,0,0,94.841,0.7143,0.7143,0.9286,0.0746,1.0,0.0,77.17,1246,0.56,9.7,12.12,2026-07-06T02:29:58
5347b06888,P8_clahe_den_desk_otsu,plyn_mo,Q2,4,14,0,0,95.208,0.6429,0.8571,0.9286,0.0554,1.0,0.0,67.79,1131,0.56,10.01,11.2,2026-07-06T02:30:19
